season,player,team,pos,mp_per_game,pts_per_game,ast_per_game,trb_per_game,g,impact_score
2026,Precious Achiuwa,SAC,C,23.9,10.1,1.4,6.7,73,0.762
2026,Bam Adebayo,MIA,C,32.4,20.1,3.2,10.0,73,1.028
2026,Santi Aldama,MEM,PF,27.9,14.0,2.9,6.7,43,0.846
2026,Nickeil Alexander-Walker,ATL,SG,33.4,20.8,3.7,3.4,78,0.835
2026,Grayson Allen,PHO,SG,28.8,16.5,3.8,3.0,51,0.809
2026,Jarrett Allen,CLE,C,27.1,15.4,1.8,8.5,56,0.948
2026,Jose Alvarado,NOP,PG,21.9,7.9,3.1,2.8,41,0.63
2026,OG Anunoby,NYK,PF,33.2,16.7,2.2,5.2,67,0.726
2026,Deni Avdija,POR,SF,33.3,24.2,6.7,6.9,66,1.135
2026,Deandre Ayton,LAL,C,27.2,12.5,0.8,8.0,72,0.783
2026,Marvin Bagley III,2TM,PF,20.0,10.5,1.4,6.1,60,0.9
2026,Ace Bailey,UTA,SF,27.6,13.8,1.8,4.2,72,0.717
2026,LaMelo Ball,CHO,PG,28.0,20.1,7.1,4.8,72,1.143
2026,Paolo Banchero,ORL,PF,34.8,22.2,5.2,8.4,72,1.029
2026,Desmond Bane,ORL,SG,33.6,20.1,4.1,4.1,82,0.842
2026,Dominick Barlow,PHI,PF,23.8,7.7,1.2,4.8,71,0.576
2026,Harrison Barnes,SAS,PF,25.8,9.9,1.9,2.8,77,0.566
2026,Scottie Barnes,TOR,PF,33.5,18.1,5.9,7.5,80,0.94
2026,RJ Barrett,TOR,SF,30.3,19.3,3.3,5.3,57,0.921
2026,Saddiq Bey,NOP,SF,31.2,17.7,2.5,5.6,72,0.827
2026,Anthony Black,ORL,PG,29.8,15.0,3.7,3.8,64,0.755
2026,Devin Booker,PHO,SG,33.5,26.1,6.0,3.9,64,1.075
2026,Christian Braun,DEN,SG,31.8,12.0,2.7,4.8,44,0.613
2026,Mikal Bridges,NYK,SF,32.8,14.4,3.7,3.8,82,0.668
2026,Miles Bridges,CHO,PF,31.0,17.1,3.2,5.8,77,0.842
2026,Dillon Brooks,PHO,SF,30.4,20.2,1.8,3.6,56,0.842
2026,Bruce Brown,DEN,SG,24.4,7.9,2.1,3.9,82,0.57
2026,Jaylen Brown,BOS,SF,34.4,28.7,5.1,6.9,71,1.183
2026,Jalen Brunson,NYK,PG,35.0,26.0,6.8,3.3,74,1.031
2026,Matas Buzelis,CHI,PF,29.2,16.3,2.1,5.8,77,0.829
2026,Kentavious Caldwell-Pope,MEM,SG,21.3,8.4,2.7,2.5,51,0.638
2026,Toumani Camara,POR,PF,33.3,13.4,2.5,5.1,82,0.631
2026,Dylan Cardwell,SAC,C,20.6,5.4,1.4,7.5,44,0.694
2026,Bub Carrington,WAS,PG,27.7,10.7,4.6,3.4,82,0.675
2026,Wendell Carter Jr.,ORL,C,29.3,11.8,2.0,7.4,78,0.724
2026,Stephon Castle,SAS,PG,30.0,16.7,7.4,5.3,68,0.98
2026,Justin Champagnie,WAS,SF,20.0,8.7,1.2,5.6,69,0.775
2026,Julian Champagnie,SAS,SF,27.6,11.1,1.5,5.8,82,0.667
2026,Max Christie,DAL,SG,29.1,12.3,2.0,3.2,77,0.601
2026,Nic Claxton,BRK,C,27.8,11.7,3.7,6.9,69,0.802
2026,Walter Clayton,2TM,PG,20.4,7.8,4.0,2.0,69,0.676
2026,Nique Clifford,SAC,SG,25.1,8.6,2.4,3.8,75,0.59
2026,Donovan Clingan,POR,C,27.2,12.1,2.1,11.6,77,0.949
2026,Noah Clowney,BRK,PF,27.0,12.3,1.6,4.1,66,0.667
2026,Isaiah Collier,UTA,PG,25.7,11.7,7.2,2.5,59,0.833
2026,John Collins,LAC,PF,27.1,13.6,1.0,5.3,69,0.734
2026,Bilal Coulibaly,WAS,SG,26.2,11.7,2.6,4.3,56,0.71
2026,Cedric Coward,MEM,SG,25.8,13.6,2.8,5.9,62,0.864
2026,Cade Cunningham,DET,PG,33.9,23.9,9.9,5.5,64,1.159
2026,Stephen Curry,GSW,PG,30.9,26.6,4.7,3.6,43,1.129
2026,Dyson Daniels,ATL,SG,33.2,11.9,5.9,6.8,76,0.741
2026,Tristan Da Silva,ORL,SF,24.7,9.9,1.6,3.7,77,0.615
2026,Egor Dёmin,BRK,PG,25.2,10.3,3.3,3.2,52,0.667
2026,DeMar DeRozan,SAC,PF,31.2,18.4,4.1,2.9,77,0.814
2026,Moussa Diabaté,CHO,C,26.0,7.9,1.9,8.7,73,0.712
2026,Donte DiVincenzo,MIN,SG,30.4,12.2,3.8,4.1,82,0.661
2026,Luka Dončić,LAL,PG,35.8,33.5,8.3,7.7,64,1.383
2026,Luguentz Dort,OKC,SF,26.8,8.3,1.2,3.6,69,0.489
2026,Ayo Dosunmu,2TM,SG,27.3,14.8,3.6,3.4,69,0.799
2026,Ayo Dosunmu,CHI,SG,26.4,15.0,3.6,3.0,45,0.818
2026,Kris Dunn,LAC,PG,27.2,7.3,3.6,3.3,82,0.522
2026,Kevin Durant,HOU,SF,36.4,26.0,4.8,5.5,78,0.997
2026,Jalen Duren,DET,C,28.2,19.5,2.0,10.5,70,1.135
2026,Tari Eason,HOU,PF,25.8,10.5,1.5,6.3,60,0.709
2026,VJ Edgecombe,PHI,SG,35.0,16.0,4.2,5.6,75,0.737
2026,Anthony Edwards,MIN,SG,35.0,28.8,3.7,5.0,61,1.071
2026,Keon Ellis,2TM,SG,20.5,6.7,1.0,1.9,72,0.468
2026,Jeremiah Fears,NOP,PG,25.8,14.3,3.4,3.7,82,0.829
2026,Kyle Filipowski,UTA,C,23.4,11.4,2.6,7.2,77,0.906
2026,Cooper Flagg,DAL,SF,33.5,21.0,4.5,6.7,70,0.961
2026,De'Aaron Fox,SAS,PG,31.0,18.6,6.2,3.8,72,0.923
2026,Daniel Gafford,DAL,C,21.7,9.5,1.1,6.9,55,0.806
2026,Darius Garland,2TM,PG,29.9,18.8,6.7,2.4,45,0.933
2026,Keyonte George,UTA,PG,33.1,23.6,6.1,3.7,54,1.009
2026,Kyshawn George,WAS,SF,29.0,14.8,4.5,5.1,48,0.841
2026,Josh Giddey,CHI,PG,32.1,17.0,9.1,8.3,54,1.072
2026,Shai Gilgeous-Alexander,OKC,PG,33.2,31.1,6.6,4.3,68,1.265
2026,Collin Gillespie,PHO,PG,28.5,12.7,4.6,4.1,80,0.751
2026,Rudy Gobert,MIN,C,31.3,10.9,1.7,11.5,76,0.77
2026,Jordan Goodwin,PHO,PG,22.5,8.7,2.2,4.9,70,0.702
2026,Jerami Grant,POR,PF,29.7,18.6,2.1,3.5,57,0.815
2026,A.J. Green,MIL,SG,29.1,10.4,1.9,2.7,78,0.515
2026,Draymond Green,GSW,PF,27.5,8.4,5.5,5.5,68,0.705
2026,Quentin Grimes,PHI,SG,29.4,13.4,3.3,3.6,75,0.69
2026,Rui Hachimura,LAL,PF,28.3,11.5,0.8,3.3,68,0.551
2026,Tim Hardaway Jr.,DEN,SG,26.6,13.5,1.4,2.6,80,0.658
2026,James Harden,2TM,PG,34.8,23.6,8.0,4.8,70,1.046
2026,James Harden,LAC,PG,35.4,25.4,8.1,4.8,44,1.082
2026,Dylan Harper,SAS,SG,22.6,11.8,3.9,3.4,69,0.845
2026,Tobias Harris,DET,PF,27.7,13.3,2.5,5.1,63,0.755
2026,Isaiah Hartenstein,OKC,C,24.2,9.2,3.5,9.4,47,0.913
2026,Josh Hart,NYK,SF,30.2,12.0,4.8,7.4,66,0.801
2026,Sam Hauser,BOS,PF,24.8,9.2,1.5,3.8,78,0.585
2026,Jrue Holiday,POR,PG,29.4,16.3,6.1,4.6,53,0.918
2026,Chet Holmgren,OKC,PF,28.9,17.1,1.7,8.9,69,0.958
2026,Al Horford,GSW,C,21.5,8.3,2.6,4.9,45,0.735
2026,Kevin Huerter,2TM,SF,22.4,10.0,2.6,3.5,69,0.719
2026,Kevin Huerter,CHI,SF,23.6,10.9,2.6,3.8,44,0.733
2026,Jay Huff,IND,C,21.0,9.5,1.5,4.0,82,0.714
2026,De'Andre Hunter,2TM,SF,26.1,13.7,2.0,4.1,45,0.759
2026,De'Andre Hunter,CLE,SF,26.2,14.0,2.1,4.2,43,0.775
2026,Oso Ighodaro,PHO,PF,22.0,6.5,2.3,5.1,82,0.632
2026,Brandon Ingram,TOR,SF,33.8,21.5,3.7,5.6,77,0.911
2026,GG Jackson II,MEM,PF,21.4,12.5,1.5,4.3,55,0.855
2026,Jaren Jackson Jr.,2TM,C,30.3,19.4,2.0,5.7,48,0.894
2026,Jaren Jackson Jr.,MEM,C,30.7,19.2,1.9,5.8,45,0.876
2026,LeBron James,LAL,SF,33.2,20.9,7.2,6.1,60,1.03
2026,Sion James,CHO,SG,22.5,5.4,2.0,3.5,82,0.484
2026,Jaime Jaquez Jr.,MIA,SF,28.3,15.4,4.7,5.0,75,0.887
2026,Daniss Jenkins,DET,PG,20.2,9.3,3.9,2.3,72,0.767
2026,Isaiah Joe,OKC,SG,21.2,11.1,1.3,2.5,71,0.703
2026,Cameron Johnson,DEN,SF,30.5,12.2,2.4,3.8,54,0.603
2026,Jalen Johnson,ATL,SF,35.2,22.5,7.9,10.3,72,1.156
2026,Keldon Johnson,SAS,SF,23.3,13.2,1.4,5.4,82,0.858
2026,Tre Johnson,WAS,SG,24.1,12.2,2.0,2.8,60,0.705
2026,Nikola Jokić,DEN,C,34.8,27.7,10.7,12.9,65,1.474
2026,Derrick Jones Jr.,LAC,SF,27.0,10.1,1.4,3.5,50,0.556
2026,Herbert Jones,NOP,SF,28.4,8.9,2.8,3.4,56,0.532
2026,Spencer Jones,DEN,SF,22.1,5.5,0.8,3.3,64,0.434
2026,Tre Jones,CHI,PG,27.0,14.1,5.4,3.1,65,0.837
2026,Ryan Kalkbrenner,CHO,C,21.4,7.6,0.8,5.5,69,0.65
2026,Luke Kennard,2TM,SG,21.6,8.4,2.2,2.3,78,0.597
2026,Luke Kennard,ATL,SG,20.5,7.9,2.1,2.2,46,0.595
2026,Kon Knueppel,CHO,SF,31.5,18.5,3.4,5.3,81,0.863
2026,Luke Kornet,SAS,C,21.0,6.5,1.9,6.1,68,0.69
2026,Vít Krejčí,2TM,PG,21.4,8.5,1.5,2.3,65,0.575
2026,Vít Krejčí,ATL,PG,22.3,9.0,1.5,2.1,46,0.565
2026,Kyle Kuzma,MIL,PF,26.2,13.0,2.7,4.5,69,0.771
2026,Jock Landale,2TM,C,22.1,10.6,1.7,5.7,68,0.814
2026,Jock Landale,MEM,C,23.6,11.3,1.7,6.5,45,0.826
2026,Jake LaRavia,LAL,PF,25.1,8.2,1.8,4.0,82,0.558
2026,Pelle Larsson,MIA,SG,26.4,11.4,3.4,3.5,70,0.693
2026,Kawhi Leonard,LAC,SF,32.1,27.9,3.6,6.4,65,1.181
2026,Brook Lopez,LAC,C,21.8,8.5,1.3,3.6,75,0.615
2026,Caleb Love,POR,SG,20.7,10.4,2.5,2.3,49,0.734
2026,Sandro Mamukelashvili,TOR,C,21.9,11.2,1.9,4.9,80,0.822
2026,Terance Mann,BRK,SG,24.3,7.2,3.0,3.2,63,0.551
2026,Lauri Markkanen,UTA,PF,34.4,26.7,2.1,6.9,42,1.038
2026,Naji Marshall,DAL,SF,29.5,15.2,3.3,4.7,74,0.786
2026,Bennedict Mathurin,2TM,SF,30.0,17.6,2.4,5.4,54,0.847
2026,Tyrese Maxey,PHI,PG,38.0,28.3,6.6,4.1,70,1.026
2026,Miles McBride,NYK,SG,26.3,12.0,2.6,2.4,41,0.646
2026,CJ McCollum,2TM,PG,29.8,18.7,3.9,3.3,76,0.869
2026,CJ McCollum,ATL,PG,28.8,18.7,4.1,3.1,41,0.899
2026,Jaden McDaniels,MIN,PF,31.7,14.8,2.7,4.2,73,0.685
2026,Bryce McGowens,NOP,SG,21.0,8.1,1.5,2.1,42,0.557
2026,De'Anthony Melton,GSW,PG,23.0,12.3,2.6,3.2,49,0.787
2026,Sam Merrill,CLE,SG,26.5,12.8,2.4,2.6,52,0.672
2026,Khris Middleton,2TM,SF,22.8,10.2,2.8,3.7,63,0.732
2026,Brandon Miller,CHO,SF,30.3,20.2,3.3,4.9,65,0.937
2026,Jordan Miller,LAC,SF,22.1,10.0,2.3,3.0,60,0.692
2026,Ajay Mitchell,OKC,SG,25.8,13.6,3.6,3.3,57,0.795
2026,Davion Mitchell,MIA,PG,28.6,9.3,6.5,2.7,70,0.647
2026,Donovan Mitchell,CLE,SG,33.5,27.9,5.7,4.5,70,1.137
2026,Evan Mobley,CLE,PF,31.9,18.2,3.6,9.0,65,0.966
2026,Malik Monk,SAC,SG,22.0,12.5,3.0,1.9,62,0.791
2026,Moses Moody,GSW,SG,25.7,12.1,1.6,3.3,60,0.661
2026,Trey Murphy III,NOP,SF,35.5,21.5,3.8,5.7,66,0.873
2026,Collin Murray-Boyles,TOR,PF,21.9,8.5,1.9,5.0,57,0.703
2026,Jamal Murray,DEN,PG,35.4,25.4,7.1,4.4,75,1.042
2026,Kris Murray,POR,SF,23.4,5.8,1.4,3.6,57,0.462
2026,Svi Mykhailiuk,UTA,SF,23.1,9.4,1.9,2.5,50,0.597
2026,Andrew Nembhard,IND,PG,31.3,16.9,7.7,2.8,57,0.875
2026,Aaron Nesmith,IND,SF,29.7,13.8,1.9,4.2,45,0.67
2026,Jusuf Nurkić,UTA,C,26.4,10.9,4.8,10.4,41,0.989
2026,Onyeka Okongwu,ATL,C,31.0,15.2,3.1,7.6,74,0.835
2026,Isaac Okoro,CHI,SG,26.9,9.3,1.6,2.7,63,0.506
2026,Royce O'Neale,PHO,SF,28.4,9.8,2.7,4.8,78,0.609
2026,Kelly Oubre Jr.,PHI,SF,31.5,14.1,1.6,5.0,50,0.657
2026,Brandin Podziemski,GSW,SG,28.5,13.8,3.7,5.1,82,0.793
2026,Jakob Poeltl,TOR,C,25.0,10.7,2.0,7.0,46,0.788
2026,Michael Porter Jr.,BRK,SF,32.5,24.2,3.0,7.1,52,1.055
2026,Bobby Portis,MIL,PF,24.2,13.7,1.6,6.4,67,0.897
2026,Drake Powell,BRK,SG,21.0,6.5,1.4,1.8,63,0.462
2026,Norman Powell,MIA,SG,29.6,21.7,2.5,3.5,58,0.936
2026,Payton Pritchard,BOS,PG,32.4,17.0,5.2,3.9,79,0.806
2026,Derik Queen,NOP,C,25.0,11.7,3.7,7.1,81,0.9
2026,Neemias Queta,BOS,C,25.3,10.2,1.7,8.4,76,0.802
2026,Immanuel Quickley,TOR,PG,31.9,16.4,5.9,4.0,70,0.824
2026,Julius Randle,MIN,PF,33.0,21.1,5.0,6.7,79,0.994
2026,Maxime Raynaud,SAC,C,26.5,12.5,1.4,7.5,74,0.808
2026,Austin Reaves,LAL,SG,34.5,23.3,5.5,4.7,51,0.971
2026,Naz Reid,MIN,C,26.1,13.6,2.2,6.2,77,0.843
2026,Will Richard,GSW,SG,20.0,6.4,1.3,2.5,69,0.51
2026,Will Riley,WAS,SF,22.1,10.3,2.0,2.9,74,0.688
2026,Zaccharie Risacher,ATL,SF,22.4,9.6,1.1,3.8,67,0.647
2026,Duncan Robinson,DET,SF,27.4,12.2,2.1,2.7,77,0.62
2026,Ryan Rollins,MIL,PG,32.1,17.3,5.6,4.6,74,0.857
2026,Gui Santos,GSW,PF,20.5,9.2,2.3,3.9,68,0.751
2026,Ben Saraf,BRK,SG,20.8,7.5,3.3,2.1,44,0.62
2026,Alex Sarr,WAS,C,27.2,16.3,2.7,7.4,48,0.971
2026,Dennis Schröder,2TM,PG,24.2,10.8,4.9,2.7,70,0.76
2026,Dennis Schröder,SAC,PG,26.4,12.8,5.3,3.1,40,0.803
2026,Alperen Şengün,HOU,C,33.3,20.4,6.2,8.9,72,1.066
2026,Brice Sensabaugh,UTA,SF,23.5,14.9,1.9,3.1,75,0.847
2026,Collin Sexton,2TM,SG,23.7,15.4,3.3,2.3,68,0.886
2026,Collin Sexton,CHO,SG,22.3,14.2,3.7,1.9,42,0.888
2026,Landry Shamet,NYK,SG,23.0,9.3,1.4,1.8,51,0.543
2026,Shaedon Sharpe,POR,SG,29.4,20.8,2.6,4.3,50,0.942
2026,Jamal Shead,TOR,PG,22.6,6.6,5.4,1.7,82,0.606
2026,Ben Sheppard,IND,SG,21.4,7.1,1.8,3.0,65,0.556
2026,Reed Sheppard,HOU,SG,26.2,13.5,3.4,2.9,82,0.756
2026,Pascal Siakam,IND,PF,33.2,24.0,3.8,6.6,62,1.036
2026,Anfernee Simons,2TM,SG,24.9,14.3,2.4,2.5,55,0.771
2026,Anfernee Simons,BOS,SG,24.5,14.2,2.4,2.4,49,0.776
2026,Javon Small,MEM,PG,20.2,9.7,3.7,3.1,41,0.817
2026,Marcus Smart,LAL,SG,28.5,9.3,3.0,2.8,62,0.53
2026,Jalen Smith,CHI,C,20.7,10.2,1.2,6.7,53,0.874
2026,Jabari Smith Jr.,HOU,PF,35.1,15.8,1.9,6.9,77,0.701
2026,Cam Spencer,MEM,SG,23.8,11.1,5.6,2.5,72,0.807
2026,Isaiah Stewart,DET,C,22.7,10.0,1.1,5.0,58,0.709
2026,Jalen Suggs,ORL,PG,27.6,13.8,5.5,3.9,57,0.841
2026,Cam Thomas,2TM,SG,21.0,13.5,2.6,1.7,42,0.848
2026,Amen Thompson,HOU,PG,37.4,18.3,5.3,7.8,79,0.84
2026,Ausar Thompson,DET,SF,26.0,9.9,3.1,5.7,73,0.719
2026,Klay Thompson,DAL,SF,21.7,11.7,1.4,2.1,69,0.7
2026,Karl-Anthony Towns,NYK,C,31.0,20.1,3.0,11.9,75,1.129
2026,Nolan Traoré,BRK,PG,22.2,8.9,3.8,1.8,56,0.653
2026,Gary Trent Jr.,MIL,SG,21.2,8.1,1.2,1.0,65,0.486
2026,Myles Turner,MIL,C,26.9,11.9,1.5,5.3,71,0.695
2026,Jaylon Tyson,CLE,SG,26.9,13.2,2.2,5.1,66,0.762
2026,Devin Vassell,SAS,SG,30.5,13.9,2.5,4.0,67,0.669
2026,Nikola Vučević,2TM,C,28.4,15.1,3.3,8.4,64,0.944
2026,Nikola Vučević,CHI,C,30.8,16.9,3.8,9.0,48,0.964
2026,Dean Wade,CLE,PF,22.3,5.8,1.5,4.2,59,0.516
2026,Jarace Walker,IND,PF,25.7,11.6,2.5,5.1,76,0.747
2026,Cason Wallace,OKC,SG,26.6,8.6,2.6,3.1,77,0.538
2026,Ja'Kobe Walter,TOR,SG,20.5,7.5,1.2,2.6,72,0.551
2026,Kel'el Ware,MIA,C,22.1,11.1,0.7,9.0,77,0.941
2026,P.J. Washington,DAL,PF,31.0,14.2,1.8,7.0,56,0.742
2026,Jamir Watkins,WAS,SG,20.6,7.4,1.3,3.9,50,0.612
2026,Peyton Watson,DEN,SF,29.6,14.6,2.1,4.9,54,0.73
2026,Jaylen Wells,MEM,SG,26.4,12.5,1.6,3.2,69,0.655
2026,Victor Wembanyama,SAS,C,29.2,25.0,3.1,11.5,64,1.356
2026,Russell Westbrook,SAC,SF,29.0,15.2,6.7,5.4,64,0.941
2026,Coby White,2TM,SG,25.0,17.4,4.0,3.4,50,0.992
2026,Derrick White,BOS,SG,34.1,16.5,5.4,4.4,77,0.771
2026,Aaron Wiggins,OKC,SG,21.8,9.4,1.7,3.1,65,0.651
2026,Andrew Wiggins,MIA,SF,30.3,15.4,2.7,4.8,68,0.756
2026,Brandon Williams,DAL,PG,22.2,13.0,3.9,2.9,66,0.892
2026,Cody Williams,UTA,SG,24.3,8.8,2.0,3.0,67,0.568
2026,Mark Williams,PHO,C,23.6,11.7,1.0,8.0,60,0.877
2026,Patrick Williams,CHI,PF,20.5,7.0,1.5,3.0,72,0.561
2026,Vince Williams Jr.,2TM,SG,20.5,7.5,4.2,3.9,40,0.761
2026,Zion Williamson,NOP,PF,29.7,21.0,3.2,5.7,62,1.007
2026,Ziaire Williams,BRK,SF,22.9,10.2,1.1,2.4,56,0.598
2026,Danny Wolf,BRK,PF,20.8,8.9,2.2,4.9,57,0.769
2026,Ivica Zubac,2TM,C,30.1,14.1,2.2,10.6,48,0.894
2026,Ivica Zubac,LAC,C,30.9,14.4,2.2,11.0,43,0.893
2025,Precious Achiuwa,NYK,C,20.5,6.6,1.0,5.6,57,0.644
2025,Bam Adebayo,MIA,C,34.3,18.1,4.3,9.6,78,0.933
2025,Ochai Agbaji,TOR,SG,27.2,10.4,1.5,3.8,64,0.577
2025,Santi Aldama,MEM,PF,25.5,12.5,2.9,6.4,65,0.855
2025,Nickeil Alexander-Walker,MIN,SG,25.3,9.4,2.7,3.2,82,0.605
2025,Grayson Allen,PHO,SG,24.1,10.6,2.1,3.0,64,0.651
2025,Jarrett Allen,CLE,C,28.0,13.5,1.9,9.7,82,0.896
2025,Jose Alvarado,NOP,PG,24.4,10.3,4.6,2.4,56,0.709
2025,Giannis Antetokounmpo,MIL,PF,34.2,30.4,6.5,11.9,67,1.427
2025,OG Anunoby,NYK,PF,36.6,18.0,2.2,4.8,74,0.683
2025,Deni Avdija,POR,SF,30.0,16.9,3.9,7.3,72,0.937
2025,Deandre Ayton,POR,C,30.2,14.4,1.6,10.2,40,0.868
2025,LaMelo Ball,CHO,PG,32.0,25.2,7.4,4.9,47,1.172
2025,Paolo Banchero,ORL,PF,34.4,25.9,4.8,7.5,46,1.11
2025,Desmond Bane,MEM,SG,32.0,19.2,5.3,6.1,69,0.956
2025,Harrison Barnes,SAS,PF,27.2,12.3,1.7,3.8,82,0.654
2025,Scottie Barnes,TOR,PF,32.8,19.3,5.8,7.7,65,1.0
2025,RJ Barrett,TOR,SF,32.2,21.1,5.4,6.3,58,1.019
2025,Bradley Beal,PHO,SG,32.1,17.0,3.7,3.3,53,0.748
2025,Malik Beasley,DET,SG,27.8,16.3,1.7,2.6,82,0.741
2025,Goga Bitadze,ORL,C,20.4,7.2,2.0,6.6,70,0.775
2025,Anthony Black,ORL,PG,24.2,9.4,3.1,2.9,78,0.636
2025,Bogdan Bogdanović,2TM,SG,25.0,10.8,2.7,2.9,54,0.656
2025,Devin Booker,PHO,SG,37.3,25.6,7.1,4.1,75,0.987
2025,Brandon Boston Jr.,NOP,SG,23.6,10.7,2.2,3.2,42,0.682
2025,Christian Braun,DEN,SG,33.9,15.4,2.6,5.2,79,0.684
2025,Mikal Bridges,NYK,SF,37.0,17.6,3.7,3.2,82,0.662
2025,Miles Bridges,CHO,PF,31.7,20.3,3.9,7.5,64,1.0
2025,Dillon Brooks,HOU,SF,31.8,14.0,1.7,3.7,75,0.61
2025,Bruce Brown,2TM,PG,22.5,8.3,2.0,4.0,41,0.636
2025,Jaylen Brown,BOS,SF,34.3,22.2,4.5,5.8,63,0.948
2025,Jalen Brunson,NYK,PG,35.4,26.0,7.3,2.9,65,1.023
2025,Jimmy Butler,2TM,SF,31.7,17.5,5.4,5.4,55,0.893
2025,Kentavious Caldwell-Pope,ORL,SG,29.6,8.7,1.8,2.2,77,0.429
2025,Toumani Camara,POR,PF,32.7,11.3,2.2,5.8,78,0.59
2025,Clint Capela,ATL,C,21.4,8.9,1.1,8.5,55,0.864
2025,Bub Carrington,WAS,PG,30.0,9.8,4.4,4.2,82,0.613
2025,Wendell Carter Jr.,ORL,C,25.9,9.1,2.0,7.2,68,0.707
2025,Stephon Castle,SAS,PG,26.7,14.7,4.1,3.7,81,0.843
2025,Justin Champagnie,WAS,SF,21.6,8.8,1.0,5.7,62,0.718
2025,Julian Champagnie,SAS,SF,23.6,9.9,1.4,3.9,82,0.644
2025,Max Christie,2TM,SG,27.3,9.6,1.9,3.3,78,0.542
2025,Max Christie,LAL,SG,25.1,8.5,1.4,2.7,46,0.502
2025,Nic Claxton,BRK,C,26.9,10.3,2.2,7.4,70,0.74
2025,Noah Clowney,BRK,PF,22.7,9.1,0.9,3.9,46,0.612
2025,Amir Coffey,LAC,SG,24.3,9.7,1.1,2.2,72,0.535
2025,Isaiah Collier,UTA,PG,25.9,8.7,6.3,3.3,71,0.707
2025,John Collins,UTA,PF,30.5,19.0,2.0,8.2,40,0.957
2025,Mike Conley,MIN,PG,24.7,8.2,4.5,2.6,71,0.619
2025,Bilal Coulibaly,WAS,SF,33.0,12.3,3.4,5.0,59,0.627
2025,Cade Cunningham,DET,PG,35.0,26.1,9.1,6.1,70,1.18
2025,Stephen Curry,GSW,PG,32.2,24.5,6.0,4.4,70,1.084
2025,Dyson Daniels,ATL,SG,33.8,14.1,4.4,5.9,76,0.722
2025,Tristan Da Silva,ORL,SF,22.0,7.2,1.5,3.3,74,0.545
2025,Anthony Davis,2TM,PF,33.5,24.7,3.5,11.6,51,1.188
2025,Anthony Davis,LAL,C,34.3,25.7,3.4,11.9,42,1.195
2025,DeMar DeRozan,SAC,SF,35.9,22.2,4.4,3.9,77,0.85
2025,Gradey Dick,TOR,SG,29.4,14.4,1.8,3.6,54,0.673
2025,Spencer Dinwiddie,DAL,PG,27.0,11.0,4.4,2.6,79,0.667
2025,Donte DiVincenzo,MIN,SG,25.9,11.7,3.6,3.7,62,0.734
2025,Luka Dončić,2TM,PG,35.4,28.2,7.7,8.2,50,1.246
2025,Luguentz Dort,OKC,SF,29.2,10.1,1.6,4.1,71,0.541
2025,Ayo Dosunmu,CHI,SG,30.3,12.3,4.5,3.5,46,0.67
2025,Kris Dunn,LAC,PG,24.1,6.4,2.8,3.4,74,0.523
2025,Kevin Durant,PHO,PF,36.5,26.6,4.2,6.0,62,1.008
2025,Jalen Duren,DET,C,26.1,11.8,2.7,10.3,78,0.95
2025,Tari Eason,HOU,PF,24.9,12.0,1.5,6.4,57,0.799
2025,Zach Edey,MEM,C,21.5,9.2,1.0,8.3,66,0.86
2025,Anthony Edwards,MIN,SG,36.3,27.6,4.5,5.7,79,1.041
2025,Justin Edwards,PHI,SF,26.3,10.1,1.6,3.4,44,0.574
2025,Keon Ellis,SAC,SG,24.4,8.3,1.5,2.7,80,0.512
2025,Kyle Filipowski,UTA,C,21.1,9.6,1.9,6.1,72,0.834
2025,Dorian Finney-Smith,2TM,PF,28.9,8.7,1.4,3.9,63,0.484
2025,Dorian Finney-Smith,LAL,PF,28.8,7.9,1.4,3.6,43,0.448
2025,De'Aaron Fox,2TM,PG,36.1,23.5,6.3,4.8,62,0.958
2025,De'Aaron Fox,SAC,PG,37.0,25.0,6.1,5.0,45,0.976
2025,Daniel Gafford,DAL,C,21.5,12.3,1.4,6.8,57,0.953
2025,Darius Garland,CLE,PG,30.7,20.6,6.7,2.9,75,0.984
2025,Keyonte George,UTA,PG,31.5,16.8,5.6,3.8,67,0.832
2025,Kyshawn George,WAS,SG,26.5,8.7,2.5,4.2,68,0.581
2025,Paul George,PHI,PF,32.5,16.2,4.3,5.3,41,0.794
2025,Josh Giddey,CHI,PG,30.2,14.6,7.2,8.1,70,0.99
2025,Shai Gilgeous-Alexander,OKC,PG,34.2,32.7,6.4,5.0,76,1.289
2025,Rudy Gobert,MIN,C,33.2,12.0,1.8,10.9,72,0.744
2025,Aaron Gordon,DEN,PF,28.4,14.7,3.2,4.8,51,0.799
2025,Jerami Grant,POR,PF,32.4,14.4,2.1,3.5,47,0.617
2025,A.J. Green,MIL,SG,22.7,7.4,1.5,2.4,73,0.498
2025,Draymond Green,GSW,PF,29.2,9.0,5.6,6.1,68,0.709
2025,Javonte Green,NOP,SG,21.8,5.8,0.9,3.6,50,0.472
2025,Jalen Green,HOU,SG,32.9,21.0,3.4,4.6,82,0.881
2025,Josh Green,CHO,SG,27.8,7.4,1.6,2.5,68,0.414
2025,Quentin Grimes,2TM,SG,26.8,14.6,3.0,4.3,75,0.817
2025,Quentin Grimes,DAL,SG,22.8,10.2,2.1,3.8,47,0.706
2025,Rui Hachimura,LAL,PF,31.7,13.1,1.4,5.0,59,0.615
2025,Tyrese Haliburton,IND,PG,33.6,18.6,9.2,3.5,73,0.932
2025,Tim Hardaway Jr.,DET,SG,28.0,11.0,1.6,2.4,77,0.536
2025,James Harden,LAC,PG,35.3,22.8,8.7,5.8,79,1.057
2025,Tobias Harris,DET,PF,31.6,13.7,2.2,5.9,73,0.69
2025,Isaiah Hartenstein,OKC,C,27.9,11.2,3.8,10.7,57,0.921
2025,Josh Hart,NYK,SG,37.6,13.6,5.9,9.6,77,0.774
2025,Sam Hauser,BOS,PF,21.7,8.5,0.9,3.2,71,0.581
2025,Jordan Hawkins,NOP,SG,23.6,10.8,1.2,2.8,56,0.627
2025,Scoot Henderson,POR,PG,26.7,12.7,5.1,3.0,66,0.779
2025,Tyler Herro,MIA,SG,35.4,23.9,5.5,5.2,77,0.977
2025,Buddy Hield,GSW,SG,22.7,11.1,1.6,3.2,82,0.7
2025,Haywood Highsmith,MIA,SF,24.6,6.5,1.5,3.4,74,0.463
2025,Jrue Holiday,BOS,PG,30.6,11.1,3.9,4.3,62,0.631
2025,Al Horford,BOS,C,27.7,9.0,2.1,6.2,60,0.625
2025,Kevin Huerter,2TM,SG,24.3,9.9,2.3,3.0,69,0.626
2025,Kevin Huerter,SAC,SG,20.9,7.9,1.7,2.8,43,0.593
2025,De'Andre Hunter,2TM,SF,27.2,17.0,1.4,4.0,64,0.824
2025,Kyrie Irving,DAL,SG,36.1,24.7,4.6,4.8,50,0.945
2025,Jaren Jackson Jr.,MEM,C,29.8,22.2,2.0,5.6,74,1.0
2025,LeBron James,LAL,SF,34.9,24.4,8.2,7.8,70,1.158
2025,Jaime Jaquez Jr.,MIA,SF,20.7,8.6,2.5,4.4,66,0.749
2025,DaQuan Jeffries,CHO,SG,22.8,6.7,1.1,2.9,47,0.469
2025,Isaiah Joe,OKC,SG,21.7,10.2,1.6,2.6,74,0.664
2025,Cameron Johnson,BRK,PF,31.6,18.8,3.4,4.3,57,0.839
2025,Keldon Johnson,SAS,SF,23.9,12.7,1.6,4.8,77,0.799
2025,Keon Johnson,BRK,SG,24.4,10.6,2.2,3.8,79,0.68
2025,Nikola Jokić,DEN,C,36.7,29.6,10.2,12.7,70,1.431
2025,Derrick Jones Jr.,LAC,SF,24.3,10.1,0.8,3.4,77,0.588
2025,Tyus Jones,PHO,PG,26.8,10.2,5.3,2.4,81,0.668
2025,Nikola Jović,MIA,PF,25.1,10.7,2.8,3.9,46,0.693
2025,Luke Kennard,MEM,SG,22.6,8.9,3.3,2.8,65,0.664
2025,Walker Kessler,UTA,C,30.0,11.1,1.7,12.2,58,0.833
2025,Corey Kispert,WAS,SF,26.3,11.6,1.7,3.0,61,0.62
2025,Vit Krejci,ATL,PG,20.2,7.2,2.6,2.7,57,0.619
2025,Jonathan Kuminga,GSW,PF,24.3,15.3,2.2,4.6,47,0.909
2025,Kyle Kuzma,2TM,PF,29.8,14.8,2.3,5.7,65,0.765
2025,Jake LaRavia,2TM,PF,20.4,6.9,2.4,3.9,66,0.647
2025,Jake LaRavia,MEM,PF,20.9,7.3,2.8,4.4,47,0.694
2025,Zach LaVine,2TM,SF,35.2,23.3,4.2,4.3,74,0.903
2025,Zach LaVine,CHI,SF,34.1,24.0,4.5,4.8,42,0.977
2025,Caris LeVert,2TM,SG,24.9,12.1,3.4,3.2,64,0.751
2025,Damian Lillard,MIL,PG,36.1,24.9,7.1,4.7,58,1.017
2025,Brook Lopez,MIL,C,31.8,13.0,1.8,5.0,80,0.623
2025,Terance Mann,2TM,SG,21.1,7.7,1.8,3.0,67,0.592
2025,Lauri Markkanen,UTA,PF,31.4,19.0,1.5,5.9,47,0.841
2025,Naji Marshall,DAL,SF,27.8,13.2,3.0,4.8,69,0.755
2025,Caleb Martin,2TM,SF,27.1,7.9,2.1,3.9,45,0.513
2025,Cody Martin,2TM,SF,22.1,6.8,2.0,4.2,53,0.588
2025,KJ Martin,2TM,PF,21.2,6.4,1.1,2.9,43,0.491
2025,Tyrese Martin,BRK,SG,21.9,8.7,2.0,3.7,60,0.658
2025,Bennedict Mathurin,IND,SF,29.8,16.1,1.9,5.3,72,0.782
2025,Tyrese Maxey,PHI,PG,37.7,26.3,6.1,3.3,52,0.947
2025,Miles McBride,NYK,PG,24.9,9.5,2.9,2.5,64,0.598
2025,CJ McCollum,NOP,PG,32.7,21.1,4.1,3.8,56,0.887
2025,Jaden McDaniels,MIN,PF,31.9,12.2,2.0,5.7,82,0.624
2025,Yves Missi,NOP,C,26.8,9.1,1.4,8.2,73,0.698
2025,Davion Mitchell,2TM,PG,27.4,7.9,4.9,2.3,74,0.551
2025,Davion Mitchell,TOR,PG,24.5,6.3,4.6,1.9,44,0.522
2025,Donovan Mitchell,CLE,SG,31.4,24.0,5.0,4.5,71,1.067
2025,Evan Mobley,CLE,PF,30.5,18.5,3.2,9.3,71,1.016
2025,Jonathan Mogbo,TOR,PF,20.4,6.2,2.3,4.9,63,0.657
2025,Malik Monk,SAC,SG,31.6,17.2,5.6,3.8,65,0.842
2025,Moses Moody,GSW,SG,22.3,9.8,1.3,2.6,74,0.614
2025,Ja Morant,MEM,PG,30.4,23.2,7.3,4.1,50,1.138
2025,Trey Murphy III,NOP,SF,35.0,21.2,3.5,5.1,53,0.851
2025,Jamal Murray,DEN,PG,36.1,21.4,6.0,3.9,67,0.867
2025,Keegan Murray,SAC,PF,34.3,12.4,1.4,6.7,76,0.598
2025,Andrew Nembhard,IND,SG,28.9,10.0,5.0,3.3,65,0.633
2025,Aaron Nesmith,IND,SF,25.0,12.0,1.2,4.0,45,0.688
2025,Georges Niang,2TM,PF,21.5,9.9,1.4,3.4,79,0.684
2025,Georges Niang,CLE,PF,20.6,8.7,1.3,3.7,51,0.665
2025,Jusuf Nurkić,2TM,C,20.8,8.9,2.3,7.8,51,0.913
2025,Onyeka Okongwu,ATL,C,27.9,13.4,2.3,8.9,74,0.882
2025,Kelly Olynyk,2TM,C,20.3,8.7,2.9,4.7,44,0.803
2025,Royce O'Neale,PHO,SF,24.5,9.1,2.2,4.7,75,0.653
2025,Kelly Oubre Jr.,PHI,SF,34.6,15.1,1.8,6.1,60,0.665
2025,Chris Paul,SAS,PG,28.0,8.8,7.4,3.6,82,0.707
2025,Scotty Pippen Jr.,MEM,PG,21.3,9.9,4.4,3.3,79,0.826
2025,Brandin Podziemski,GSW,SG,26.8,11.7,3.4,5.1,64,0.754
2025,Jakob Poeltl,TOR,C,29.6,14.5,2.8,9.6,57,0.909
2025,Jordan Poole,WAS,SG,29.4,20.5,4.5,3.0,68,0.952
2025,Michael Porter Jr.,DEN,SF,33.7,18.2,2.1,7.0,77,0.81
2025,Bobby Portis,MIL,PF,25.4,13.9,2.1,8.4,49,0.961
2025,Kristaps Porziņģis,BOS,C,28.8,19.5,2.1,6.8,42,0.986
2025,Norman Powell,LAC,SG,32.6,21.8,2.1,3.2,60,0.831
2025,Taurean Prince,MIL,SF,27.1,8.2,1.9,3.6,80,0.506
2025,Payton Pritchard,BOS,PG,28.4,14.3,3.5,3.8,80,0.761
2025,Julius Randle,MIN,PF,32.3,18.7,4.7,7.1,69,0.944
2025,Austin Reaves,LAL,SG,34.9,20.2,5.8,4.5,73,0.874
2025,Naz Reid,MIN,C,27.5,14.2,2.3,6.0,80,0.818
2025,Nick Richards,2TM,C,22.0,9.3,0.9,8.2,57,0.836
2025,Zaccharie Risacher,ATL,SF,24.6,12.6,1.2,3.6,75,0.707
2025,Duncan Robinson,MIA,SF,24.1,11.0,2.4,2.3,74,0.651
2025,Terry Rozier,MIA,PG,25.9,10.6,2.6,3.7,64,0.653
2025,D'Angelo Russell,2TM,PG,25.5,12.6,5.1,2.8,58,0.804
2025,Domantas Sabonis,SAC,C,34.7,19.1,6.0,13.9,70,1.124
2025,Tidjane Salaün,CHO,PF,20.7,5.9,1.2,4.7,60,0.57
2025,Alex Sarr,WAS,C,27.1,13.0,2.4,6.5,67,0.808
2025,Dennis Schröder,3TM,PG,28.1,13.1,5.4,2.6,75,0.751
2025,Alperen Şengün,HOU,C,31.5,19.1,4.9,10.3,76,1.089
2025,Brice Sensabaugh,UTA,SF,20.2,10.9,1.5,3.0,71,0.762
2025,Collin Sexton,UTA,SG,27.9,18.4,4.2,2.7,63,0.907
2025,Shaedon Sharpe,POR,SG,31.3,18.5,2.8,4.5,72,0.824
2025,Pascal Siakam,IND,PF,32.7,20.2,3.4,6.9,78,0.933
2025,Ben Simmons,2TM,PG,22.0,5.0,5.6,4.7,51,0.695
2025,Anfernee Simons,POR,SG,32.7,19.3,4.8,2.7,70,0.82
2025,Jabari Smith Jr.,HOU,PF,30.1,12.2,1.1,7.0,57,0.674
2025,Nick Smith Jr.,CHO,SG,22.8,9.9,2.4,2.1,60,0.632
2025,Jeremy Sochan,SAS,PF,25.3,11.4,2.4,6.5,54,0.802
2025,Julian Strawther,DEN,SG,21.3,9.0,1.3,2.2,65,0.587
2025,Max Strus,CLE,SF,25.5,9.4,3.2,4.3,50,0.663
2025,Jayson Tatum,BOS,PF,36.4,26.8,6.0,8.7,72,1.14
2025,Amen Thompson,HOU,SF,32.2,14.1,3.8,8.2,69,0.811
2025,Ausar Thompson,DET,SF,22.5,10.1,2.3,5.1,59,0.778
2025,Klay Thompson,DAL,SF,27.3,14.0,2.0,3.4,72,0.711
2025,Karl-Anthony Towns,NYK,C,35.0,24.4,3.1,12.8,72,1.151
2025,Gary Trent Jr.,MIL,SG,25.6,11.1,1.2,2.3,74,0.57
2025,Myles Turner,IND,C,30.2,15.6,1.5,6.5,72,0.781
2025,Jonas Valančiūnas,WAS,C,20.1,11.5,2.2,8.2,49,1.09
2025,Fred VanVleet,HOU,PG,35.2,14.1,5.6,3.7,60,0.665
2025,Devin Vassell,SAS,SG,31.0,16.3,2.9,4.0,64,0.748
2025,Gabe Vincent,LAL,PG,21.2,6.4,1.4,1.3,72,0.429
2025,Nikola Vučević,CHI,C,31.2,18.5,3.5,10.1,73,1.029
2025,Dean Wade,CLE,PF,21.2,5.4,1.3,4.2,59,0.514
2025,Franz Wagner,ORL,SF,33.7,24.2,4.7,5.7,60,1.027
2025,Cason Wallace,OKC,SG,27.6,8.4,2.5,3.4,68,0.518
2025,Ja'Kobe Walter,TOR,SG,21.2,8.6,1.6,3.1,52,0.627
2025,Kel'el Ware,MIA,C,22.2,9.3,0.9,7.4,64,0.793
2025,P.J. Washington,DAL,PF,32.2,14.7,2.3,7.8,57,0.77
2025,Trendon Watford,BRK,PF,20.8,10.2,2.6,3.6,44,0.788
2025,Peyton Watson,DEN,SF,24.4,8.1,1.4,3.4,68,0.529
2025,Jaylen Wells,MEM,SG,25.9,10.4,1.7,3.4,79,0.598
2025,Victor Wembanyama,SAS,C,33.2,24.3,3.7,11.0,46,1.175
2025,Russell Westbrook,DEN,PG,27.9,13.3,6.1,4.9,75,0.871
2025,Coby White,CHI,SG,33.1,20.4,4.5,3.7,74,0.864
2025,Derrick White,BOS,SG,33.9,16.4,4.8,4.5,76,0.758
2025,Aaron Wiggins,OKC,SG,22.9,12.0,1.8,3.9,76,0.773
2025,Andrew Wiggins,2TM,SF,30.7,18.0,2.6,4.5,60,0.818
2025,Andrew Wiggins,GSW,SF,30.1,17.6,2.4,4.6,43,0.817
2025,Cody Williams,UTA,SG,21.2,4.6,1.2,2.3,50,0.382
2025,Jalen Williams,OKC,SG,32.4,21.6,5.1,5.3,69,0.988
2025,Mark Williams,CHO,C,26.6,15.3,2.5,10.2,44,1.053
2025,Patrick Williams,CHI,PF,25.0,9.0,2.0,3.8,63,0.592
2025,Ziaire Williams,BRK,SF,24.5,10.0,1.3,4.6,63,0.649
2025,Jalen Wilson,BRK,PF,25.7,9.5,1.8,3.4,79,0.572
2025,Guerschon Yabusele,PHI,C,27.1,11.0,2.1,5.6,70,0.69
2025,Trae Young,ATL,PG,36.0,24.2,11.6,3.1,76,1.081
2025,Ivica Zubac,LAC,C,32.8,16.8,2.7,12.6,80,0.979
2024,Precious Achiuwa,2TM,PF,21.9,7.6,1.3,6.6,74,0.708
2024,Precious Achiuwa,NYK,PF,24.2,7.6,1.1,7.2,49,0.657
2024,Bam Adebayo,MIA,C,34.0,19.3,3.9,10.4,71,0.988
2024,Ochai Agbaji,2TM,SG,21.0,5.8,1.1,2.8,78,0.462
2024,Santi Aldama,MEM,PF,26.5,10.7,2.3,5.8,61,0.709
2024,Nickeil Alexander-Walker,MIN,SG,23.4,8.0,2.5,2.0,82,0.534
2024,Grayson Allen,PHO,SG,33.5,13.5,3.0,3.9,75,0.609
2024,Jarrett Allen,CLE,C,31.7,16.5,2.7,10.5,77,0.937
2024,Kyle Anderson,MIN,PF,22.6,6.4,4.2,3.5,79,0.624
2024,Giannis Antetokounmpo,MIL,PF,35.2,30.4,6.5,11.5,73,1.375
2024,Cole Anthony,ORL,PG,22.4,11.6,2.9,3.8,81,0.817
2024,OG Anunoby,2TM,SF,34.0,14.7,2.1,4.2,50,0.618
2024,Deni Avdija,WAS,SF,30.1,14.7,3.8,7.2,75,0.854
2024,Deandre Ayton,POR,C,32.4,16.7,1.6,11.1,55,0.907
2024,Marvin Bagley III,2TM,C,21.1,11.7,1.1,6.2,50,0.9
2024,Paolo Banchero,ORL,PF,35.0,22.6,5.4,6.9,80,0.997
2024,Desmond Bane,MEM,SG,34.4,23.7,5.5,4.4,42,0.977
2024,Harrison Barnes,SAC,PF,29.0,12.2,1.2,3.0,82,0.566
2024,Scottie Barnes,TOR,SG,34.9,19.9,6.1,8.2,60,0.98
2024,RJ Barrett,2TM,SG,31.7,20.2,3.3,5.4,58,0.912
2024,Nicolas Batum,2TM,PF,25.5,5.3,2.1,4.1,60,0.451
2024,Nicolas Batum,PHI,PF,25.9,5.5,2.2,4.2,57,0.459
2024,Bradley Beal,PHO,SG,33.3,18.2,5.0,4.4,53,0.829
2024,Malik Beasley,MIL,SG,29.6,11.3,1.4,3.7,79,0.554
2024,Patrick Beverley,2TM,PG,20.0,6.2,2.9,3.3,73,0.62
2024,Saddiq Bey,ATL,SF,32.7,13.7,1.5,6.5,63,0.664
2024,Bogdan Bogdanović,ATL,SG,30.4,16.9,3.1,3.4,79,0.77
2024,Bojan Bogdanović,2TM,PF,25.9,15.2,1.7,2.7,57,0.757
2024,Devin Booker,PHO,PG,36.0,27.1,6.9,4.5,68,1.069
2024,Malaki Branham,SAS,PG,21.3,9.2,2.1,2.0,75,0.624
2024,Christian Braun,DEN,SG,20.2,7.3,1.6,3.7,82,0.624
2024,Mikal Bridges,BRK,SF,34.8,19.6,3.6,4.5,82,0.796
2024,Miles Bridges,CHO,SF,37.4,21.0,3.3,7.3,69,0.845
2024,Dillon Brooks,HOU,SF,30.9,12.7,1.7,3.4,72,0.576
2024,Bruce Brown,2TM,SG,27.9,10.8,2.9,4.2,67,0.642
2024,Jaylen Brown,BOS,SF,33.5,23.0,3.6,5.5,70,0.958
2024,Jalen Brunson,NYK,PG,35.4,28.7,6.7,3.6,77,1.102
2024,Alec Burks,DET,SG,21.0,12.6,1.6,2.6,43,0.8
2024,Jimmy Butler,MIA,PF,34.0,20.8,5.0,5.3,60,0.915
2024,Kentavious Caldwell-Pope,DEN,SG,31.6,10.1,2.4,2.4,76,0.472
2024,Toumani Camara,POR,PF,24.8,7.5,1.2,4.9,70,0.548
2024,Clint Capela,ATL,C,25.8,11.5,1.2,10.6,73,0.903
2024,Wendell Carter Jr.,ORL,C,25.6,11.0,1.7,6.9,55,0.766
2024,Alex Caruso,CHI,SG,28.7,10.1,3.5,3.8,71,0.606
2024,Jordan Clarkson,UTA,SG,30.6,17.1,5.0,3.4,55,0.833
2024,Nic Claxton,BRK,C,29.8,11.8,2.1,9.9,71,0.799
2024,Amir Coffey,LAC,SF,20.9,6.6,1.1,2.1,70,0.469
2024,John Collins,UTA,PF,28.0,15.1,1.1,8.5,68,0.882
2024,Zach Collins,SAS,C,22.1,11.2,2.8,5.4,69,0.878
2024,Mike Conley,MIN,PG,28.9,11.4,5.9,2.9,76,0.699
2024,Pat Connaughton,MIL,SF,22.1,5.6,2.1,3.1,76,0.489
2024,Bilal Coulibaly,WAS,SF,27.2,8.4,1.7,4.1,63,0.522
2024,Jae Crowder,MIL,PF,23.1,6.2,1.3,3.2,50,0.463
2024,Cade Cunningham,DET,PG,33.5,22.7,7.5,4.3,62,1.03
2024,Stephen Curry,GSW,PG,32.7,26.4,5.1,4.5,74,1.101
2024,Dyson Daniels,NOP,PG,22.3,5.8,2.7,3.9,61,0.556
2024,Anthony Davis,LAL,C,35.5,24.7,3.5,12.6,76,1.149
2024,DeMar DeRozan,CHI,SF,37.8,24.0,5.3,4.3,79,0.889
2024,Gradey Dick,TOR,SG,21.1,8.5,1.1,2.2,60,0.559
2024,Spencer Dinwiddie,2TM,PG,28.3,10.5,4.7,2.7,76,0.633
2024,Spencer Dinwiddie,BRK,PG,30.7,12.6,6.0,3.3,48,0.713
2024,Donte DiVincenzo,NYK,SG,29.1,15.5,2.7,3.7,81,0.753
2024,Luka Dončić,DAL,PG,37.5,33.9,9.8,9.2,70,1.411
2024,Luguentz Dort,OKC,SF,28.4,10.9,1.4,3.6,79,0.56
2024,Ayo Dosunmu,CHI,SG,29.1,12.2,3.2,2.8,76,0.625
2024,Kevin Durant,PHO,PF,37.2,27.1,5.0,6.6,75,1.04
2024,Jalen Duren,DET,C,29.1,13.8,2.4,11.6,61,0.955
2024,Anthony Edwards,MIN,SG,35.1,25.9,5.1,5.4,79,1.037
2024,Dorian Finney-Smith,BRK,PF,28.4,8.5,1.6,4.7,68,0.521
2024,Simone Fontecchio,2TM,SF,24.9,10.5,1.5,3.7,66,0.631
2024,Simone Fontecchio,UTA,SF,23.2,8.9,1.5,3.5,50,0.599
2024,De'Aaron Fox,SAC,PG,35.9,26.6,5.6,4.6,74,1.025
2024,Markelle Fultz,ORL,PG,21.2,7.8,2.8,3.2,43,0.651
2024,Daniel Gafford,2TM,PF,24.5,11.0,1.6,7.6,74,0.824
2024,Daniel Gafford,WAS,C,26.5,10.9,1.5,8.0,45,0.77
2024,Darius Garland,CLE,PG,33.4,18.0,6.5,2.7,57,0.814
2024,Keyonte George,UTA,PG,27.0,13.0,4.4,2.8,75,0.748
2024,Paul George,LAC,PF,33.8,22.6,3.5,5.2,74,0.926
2024,Josh Giddey,OKC,SG,25.1,12.3,4.8,6.4,80,0.936
2024,Shai Gilgeous-Alexander,OKC,PG,34.0,30.1,6.2,5.5,75,1.229
2024,Rudy Gobert,MIN,C,34.1,14.0,1.3,12.9,76,0.827
2024,Aaron Gordon,DEN,PF,31.5,13.9,3.5,6.5,73,0.759
2024,Eric Gordon,PHO,SG,27.8,11.0,2.0,1.8,68,0.532
2024,Jerami Grant,POR,PF,33.9,21.0,2.8,3.5,54,0.805
2024,Draymond Green,GSW,PF,27.1,8.6,6.0,7.2,55,0.804
2024,Jalen Green,HOU,SG,31.7,19.6,3.5,5.2,82,0.893
2024,Josh Green,DAL,SG,26.4,8.2,2.3,3.2,57,0.519
2024,Quentin Grimes,2TM,SG,20.1,7.0,1.3,2.0,51,0.512
2024,Quentin Grimes,NYK,SG,20.2,7.3,1.2,2.0,45,0.52
2024,Rui Hachimura,LAL,PF,26.9,13.6,1.2,4.3,68,0.71
2024,Tyrese Haliburton,IND,PG,32.2,20.1,10.9,3.9,69,1.084
2024,Tim Hardaway Jr.,DAL,SF,26.8,14.4,1.8,3.2,79,0.724
2024,James Harden,LAC,PG,34.3,16.6,8.5,5.1,72,0.88
2024,Gary Harris,ORL,SG,24.0,6.9,1.6,1.7,54,0.425
2024,Tobias Harris,PHI,PF,33.8,17.2,3.1,6.5,70,0.793
2024,Isaiah Hartenstein,NYK,C,25.3,7.8,2.5,8.3,75,0.735
2024,Josh Hart,NYK,SF,33.4,9.4,4.1,8.3,81,0.653
2024,Sam Hauser,BOS,SF,22.0,9.0,1.0,3.5,79,0.614
2024,Killian Hayes,DET,PG,24.0,6.9,4.9,2.8,42,0.608
2024,Gordon Hayward,2TM,SF,24.4,9.8,3.1,3.5,51,0.672
2024,Scoot Henderson,POR,PG,28.5,14.0,5.4,3.1,62,0.789
2024,Taylor Hendricks,UTA,PF,21.4,7.3,0.8,4.6,40,0.593
2024,Tyler Herro,MIA,SG,33.5,20.8,4.5,5.3,42,0.913
2024,Buddy Hield,2TM,SF,25.7,12.1,2.8,3.2,84,0.704
2024,Buddy Hield,IND,SF,25.7,12.0,2.7,3.2,52,0.696
2024,Haywood Highsmith,MIA,PF,20.7,6.1,1.1,3.2,66,0.502
2024,Jrue Holiday,BOS,PG,32.8,12.5,4.8,5.4,69,0.692
2024,Chet Holmgren,OKC,C,29.4,16.5,2.4,7.9,82,0.912
2024,Al Horford,BOS,C,26.8,8.6,2.6,6.4,65,0.657
2024,Kevin Huerter,SAC,SG,24.4,10.2,2.6,3.5,64,0.668
2024,De'Andre Hunter,ATL,SF,29.5,15.6,1.5,3.9,57,0.712
2024,Brandon Ingram,NOP,SF,32.9,20.8,5.7,5.1,64,0.96
2024,Kyrie Irving,DAL,SG,35.0,25.6,5.2,5.0,58,1.023
2024,Jaden Ivey,DET,SG,28.8,15.4,3.8,3.4,77,0.785
2024,GG Jackson II,MEM,PF,25.7,14.6,1.2,4.1,48,0.774
2024,Jaren Jackson Jr.,MEM,C,32.2,22.5,2.3,5.5,66,0.941
2024,Reggie Jackson,DEN,PG,22.2,10.2,3.8,1.9,82,0.716
2024,LeBron James,LAL,PF,35.3,25.7,8.3,7.3,71,1.17
2024,Jaime Jaquez Jr.,MIA,SF,28.2,11.9,2.6,3.8,75,0.649
2024,Cameron Johnson,BRK,PF,27.6,13.4,2.4,4.3,58,0.728
2024,Jalen Johnson,ATL,SF,33.7,16.0,3.6,8.7,56,0.84
2024,Keldon Johnson,SAS,SF,29.5,15.7,2.8,5.5,69,0.814
2024,Nikola Jokić,DEN,C,34.6,26.4,9.0,12.4,79,1.382
2024,Derrick Jones Jr.,DAL,SF,23.5,8.6,1.0,3.3,76,0.549
2024,Herbert Jones,NOP,SF,30.5,11.0,2.6,3.6,76,0.564
2024,Tre Jones,SAS,PG,27.8,10.0,6.2,3.8,77,0.719
2024,Tyus Jones,WAS,PG,29.3,12.0,7.3,2.7,66,0.751
2024,Walker Kessler,UTA,C,23.3,8.1,0.9,7.5,64,0.708
2024,Corey Kispert,WAS,SF,25.8,13.4,2.0,2.8,80,0.705
2024,Maxi Kleber,DAL,C,20.3,4.4,1.6,3.3,43,0.458
2024,John Konchar,MEM,SF,21.3,4.3,2.0,4.7,55,0.516
2024,Jonathan Kuminga,GSW,PF,26.3,16.1,2.2,4.8,74,0.878
2024,Kyle Kuzma,WAS,PF,32.6,22.2,4.2,6.6,70,1.012
2024,Kawhi Leonard,LAC,SF,34.3,23.7,3.6,6.1,68,0.974
2024,Caris LeVert,CLE,SG,28.8,14.0,5.1,4.1,68,0.806
2024,Damian Lillard,MIL,PG,35.3,24.3,7.0,4.4,73,1.011
2024,Dereck Lively II,DAL,C,23.5,8.8,1.1,6.9,55,0.715
2024,Brook Lopez,MIL,C,30.5,12.5,1.6,5.2,79,0.633
2024,Kyle Lowry,2TM,PG,28.2,8.1,4.2,3.2,60,0.55
2024,Trey Lyles,SAC,PF,20.0,7.2,1.2,4.4,58,0.64
2024,Terance Mann,LAC,SG,25.0,8.8,1.6,3.4,75,0.552
2024,Tre Mann,2TM,PG,24.1,9.3,4.0,3.6,41,0.701
2024,Lauri Markkanen,UTA,PF,33.1,23.2,2.0,8.2,55,1.009
2024,Caleb Martin,MIA,SF,27.4,10.0,2.2,4.4,64,0.606
2024,Bennedict Mathurin,IND,SF,26.1,14.5,2.0,4.0,59,0.785
2024,Tyrese Maxey,PHI,PG,37.5,25.9,6.2,3.7,70,0.955
2024,CJ McCollum,NOP,PG,32.7,20.0,4.6,4.3,66,0.884
2024,Jaden McDaniels,MIN,SF,29.2,10.5,1.4,3.1,72,0.514
2024,Khris Middleton,MIL,SF,27.0,15.1,5.3,4.7,55,0.93
2024,Brandon Miller,CHO,SF,32.2,17.3,2.4,4.3,74,0.745
2024,Donovan Mitchell,CLE,SG,35.3,26.6,6.1,5.1,55,1.071
2024,Evan Mobley,CLE,PF,30.6,15.7,3.2,9.4,50,0.925
2024,Malik Monk,SAC,SG,26.0,15.4,5.1,2.9,72,0.9
2024,Trey Murphy III,NOP,SF,29.6,14.8,2.2,4.9,57,0.74
2024,Dejounte Murray,ATL,SG,35.7,22.5,6.4,5.3,78,0.958
2024,Jamal Murray,DEN,PG,31.5,21.2,6.5,4.1,59,1.01
2024,Keegan Murray,SAC,SF,33.6,15.2,1.7,5.5,77,0.667
2024,Kris Murray,POR,SF,21.7,6.1,1.3,3.6,62,0.507
2024,Andrew Nembhard,IND,PG,25.0,9.2,4.1,2.1,68,0.616
2024,Aaron Nesmith,IND,SF,27.7,12.2,1.5,3.8,72,0.632
2024,Georges Niang,CLE,PF,22.3,9.4,1.2,3.4,82,0.628
2024,Jusuf Nurkić,PHO,C,27.3,10.9,4.0,11.0,76,0.949
2024,Onyeka Okongwu,ATL,C,25.5,10.2,1.3,6.8,55,0.718
2024,Isaac Okoro,CLE,SF,27.3,9.4,1.9,3.0,69,0.524
2024,Kelly Olynyk,2TM,C,22.6,9.8,4.4,5.3,78,0.863
2024,Kelly Olynyk,UTA,C,20.4,8.1,4.4,5.1,50,0.863
2024,Royce O'Neale,2TM,SF,24.7,7.7,2.8,4.8,79,0.619
2024,Royce O'Neale,BRK,SF,24.5,7.4,2.8,4.5,49,0.6
2024,Kelly Oubre Jr.,PHI,SF,30.2,15.4,1.5,5.0,68,0.725
2024,Chris Paul,GSW,PG,26.4,9.2,6.8,3.9,58,0.754
2024,Brandin Podziemski,GSW,SG,26.6,9.2,3.7,5.8,74,0.703
2024,Jakob Poeltl,TOR,C,26.4,11.1,2.5,8.6,50,0.841
2024,Jordan Poole,WAS,SG,30.1,17.4,4.4,2.7,78,0.814
2024,Michael Porter Jr.,DEN,SF,31.7,16.7,1.5,7.0,81,0.795
2024,Bobby Portis,MIL,PF,24.5,13.8,1.3,7.4,82,0.918
2024,Kristaps Porziņģis,BOS,C,29.6,20.1,2.0,7.2,57,0.99
2024,Norman Powell,LAC,SG,26.2,13.9,1.1,2.6,76,0.672
2024,Taurean Prince,LAL,PF,27.0,8.9,1.5,2.9,78,0.493
2024,Payton Pritchard,BOS,PG,22.3,9.6,3.4,3.2,82,0.726
2024,Immanuel Quickley,2TM,SG,29.2,17.0,4.9,3.8,68,0.88
2024,Julius Randle,NYK,PF,35.4,24.0,5.0,9.2,46,1.079
2024,Austin Reaves,LAL,SG,32.1,15.9,5.5,4.3,82,0.801
2024,Cam Reddish,LAL,SF,20.5,5.4,1.0,2.1,48,0.415
2024,Naz Reid,MIN,PF,24.2,13.5,1.3,5.2,81,0.826
2024,Josh Richardson,MIA,SG,25.7,9.9,2.4,2.8,43,0.588
2024,Nick Richards,CHO,C,26.3,9.7,0.8,8.0,67,0.703
2024,Duncan Robinson,MIA,SF,28.0,12.9,2.8,2.5,68,0.65
2024,David Roddy,MEM,PF,23.2,8.4,1.6,4.2,48,0.612
2024,Terry Rozier,2TM,SG,33.4,19.8,5.6,4.0,61,0.88
2024,D'Angelo Russell,LAL,PG,32.7,18.0,6.3,3.1,76,0.838
2024,Domantas Sabonis,SAC,C,35.7,19.4,8.2,13.7,82,1.157
2024,Dennis Schröder,2TM,PG,31.1,14.0,6.1,3.0,80,0.743
2024,Dennis Schröder,TOR,PG,30.6,13.7,6.1,2.7,51,0.735
2024,Alperen Şengün,HOU,C,32.5,21.1,5.0,9.3,63,1.089
2024,Collin Sexton,UTA,SG,26.6,18.7,4.9,2.6,78,0.985
2024,Pascal Siakam,2TM,PF,33.2,21.7,4.3,7.1,80,0.997
2024,Pascal Siakam,IND,PF,31.8,21.3,3.7,7.8,41,1.031
2024,Anfernee Simons,POR,SG,34.4,22.6,5.5,3.6,46,0.922
2024,Jabari Smith Jr.,HOU,PF,31.9,13.7,1.6,8.1,76,0.734
2024,Jeremy Sochan,SAS,PF,29.6,11.6,3.4,6.4,74,0.723
2024,Isaiah Stewart,DET,PF,30.9,10.9,1.6,6.6,46,0.618
2024,Max Strus,CLE,SF,32.0,12.2,4.0,4.8,70,0.656
2024,Jalen Suggs,ORL,SG,27.0,12.6,2.7,3.1,75,0.681
2024,Jayson Tatum,BOS,PF,35.7,26.9,4.9,8.1,74,1.118
2024,Cam Thomas,BRK,SG,31.4,22.5,2.9,3.2,66,0.911
2024,Amen Thompson,HOU,SF,22.4,9.5,2.6,6.6,62,0.835
2024,Ausar Thompson,DET,SF,25.1,8.8,1.9,6.4,63,0.681
2024,Klay Thompson,GSW,SF,29.7,17.9,2.3,3.3,77,0.791
2024,Matisse Thybulle,POR,SF,22.9,5.4,1.4,2.1,65,0.389
2024,Obi Toppin,IND,PF,21.1,10.3,1.6,3.9,82,0.749
2024,Karl-Anthony Towns,MIN,PF,32.7,21.8,3.0,8.3,62,1.012
2024,Gary Trent Jr.,TOR,SG,28.1,13.7,1.7,2.6,71,0.641
2024,Myles Turner,IND,C,27.0,17.1,1.3,6.9,77,0.937
2024,Jonas Valančiūnas,NOP,C,23.5,12.2,2.1,8.8,82,0.983
2024,Fred VanVleet,HOU,PG,36.8,17.4,8.1,3.8,73,0.796
2024,Devin Vassell,SAS,SG,33.1,19.5,4.1,3.8,68,0.828
2024,Nikola Vučević,CHI,C,34.3,18.0,3.3,10.5,76,0.927
2024,Dean Wade,CLE,PF,20.5,5.4,0.8,4.0,54,0.498
2024,Franz Wagner,ORL,SF,32.5,19.7,3.7,5.3,72,0.883
2024,Jabari Walker,POR,SF,23.6,8.9,1.0,7.1,72,0.72
2024,Cason Wallace,OKC,SG,20.6,6.8,1.5,2.3,82,0.515
2024,P.J. Washington,2TM,PF,30.4,12.9,1.9,5.6,73,0.671
2024,P.J. Washington,CHO,PF,29.2,13.6,2.2,5.3,44,0.723
2024,Victor Wembanyama,SAS,C,29.7,21.4,3.9,10.6,71,1.209
2024,Russell Westbrook,LAC,PG,22.5,11.1,4.5,5.0,68,0.916
2024,Coby White,CHI,PG,36.5,19.1,5.1,4.5,79,0.786
2024,Derrick White,BOS,SG,32.6,15.2,5.2,4.2,73,0.755
2024,Andrew Wiggins,GSW,SF,27.0,13.2,1.7,4.5,71,0.719
2024,Grant Williams,2TM,PF,28.0,10.3,2.3,4.2,76,0.6
2024,Grant Williams,DAL,PF,26.4,8.1,1.7,3.6,47,0.508
2024,Jalen Williams,OKC,PF,31.3,19.1,4.5,4.0,71,0.882
2024,Patrick Williams,CHI,PF,27.3,10.0,1.5,3.9,43,0.564
2024,Vince Williams Jr.,MEM,SG,27.6,10.0,3.4,5.6,52,0.688
2024,Zion Williamson,NOP,PF,31.5,22.9,5.0,5.8,70,1.07
2024,Ziaire Williams,MEM,SF,20.4,8.2,1.5,3.5,51,0.647
2024,Trae Young,ATL,PG,36.0,25.7,10.8,2.8,54,1.092
2024,Ivica Zubac,LAC,C,26.4,11.7,1.4,9.2,68,0.845
2023,Precious Achiuwa,TOR,C,20.7,9.2,0.9,6.0,55,0.778
2023,Steven Adams,MEM,C,27.0,8.6,2.3,11.5,42,0.83
2023,Bam Adebayo,MIA,C,34.6,20.4,3.2,9.2,75,0.948
2023,Ochai Agbaji,UTA,SG,20.5,7.9,1.1,2.1,59,0.541
2023,Santi Aldama,MEM,PF,21.8,9.0,1.3,4.8,77,0.693
2023,Grayson Allen,MIL,SG,27.4,10.4,2.3,3.3,72,0.584
2023,Jarrett Allen,CLE,C,32.6,14.3,1.7,9.8,68,0.791
2023,Jose Alvarado,NOP,PG,21.5,9.0,3.0,2.3,61,0.665
2023,Kyle Anderson,MIN,PF,28.4,9.4,4.9,5.3,69,0.69
2023,Giannis Antetokounmpo,MIL,PF,32.1,31.1,5.7,11.8,63,1.514
2023,Cole Anthony,ORL,PG,25.9,13.0,3.9,4.8,60,0.838
2023,OG Anunoby,TOR,SF,35.6,16.8,2.0,5.0,67,0.669
2023,Deni Avdija,WAS,SF,26.6,9.2,2.8,6.4,76,0.692
2023,Deandre Ayton,PHO,C,30.4,18.0,1.7,10.0,67,0.977
2023,Marvin Bagley III,DET,C,23.6,12.0,0.9,6.4,42,0.818
2023,Paolo Banchero,ORL,PF,33.8,20.0,3.7,6.9,72,0.905
2023,Desmond Bane,MEM,SG,31.7,21.5,4.4,5.0,58,0.975
2023,Harrison Barnes,SAC,PF,32.5,15.0,1.6,4.5,82,0.649
2023,Scottie Barnes,TOR,SF,34.8,15.3,4.8,6.6,77,0.767
2023,RJ Barrett,NYK,SG,33.9,19.6,2.8,5.0,73,0.808
2023,Keita Bates-Diop,SAS,PF,21.7,9.7,1.5,3.7,67,0.687
2023,Nicolas Batum,LAC,PF,21.9,6.1,1.6,3.8,78,0.525
2023,Bradley Beal,WAS,SG,33.5,23.2,5.4,3.9,50,0.97
2023,Malik Beasley,2TM,SG,25.8,12.7,1.5,3.5,81,0.686
2023,Malik Beasley,UTA,SG,26.8,13.4,1.7,3.6,55,0.698
2023,Patrick Beverley,2TM,PG,27.1,6.2,2.9,3.7,67,0.472
2023,Patrick Beverley,LAL,SG,26.9,6.4,2.6,3.1,45,0.45
2023,Saddiq Bey,2TM,SF,27.6,13.8,1.5,4.7,77,0.725
2023,Saddiq Bey,DET,SF,28.8,14.8,1.6,4.7,52,0.733
2023,Bogdan Bogdanović,ATL,SG,27.9,14.0,2.8,3.1,54,0.713
2023,Bojan Bogdanović,DET,PF,32.1,21.6,2.6,3.8,59,0.872
2023,Bol Bol,ORL,PF,21.5,9.1,1.0,5.8,70,0.74
2023,Devin Booker,PHO,SG,34.6,27.8,5.5,4.5,53,1.092
2023,Chris Boucher,TOR,PF,20.0,9.4,0.4,5.5,76,0.765
2023,Malaki Branham,SAS,SG,23.5,10.2,1.9,2.7,66,0.63
2023,Mikal Bridges,2TM,SG,35.7,20.1,3.3,4.4,83,0.779
2023,Mikal Bridges,PHO,SF,36.4,17.2,3.6,4.3,56,0.69
2023,Malcolm Brogdon,BOS,PG,26.0,14.9,3.7,4.2,67,0.877
2023,Dillon Brooks,MEM,SF,30.3,14.3,2.6,3.3,73,0.667
2023,Bruce Brown,DEN,SF,28.5,11.5,3.4,4.1,80,0.667
2023,Jaylen Brown,BOS,SF,35.9,26.6,3.5,6.9,67,1.031
2023,Troy Brown Jr.,LAL,SF,24.5,7.1,1.3,4.1,76,0.51
2023,Jalen Brunson,NYK,PG,35.0,24.0,6.2,3.5,68,0.963
2023,Thomas Bryant,LAL,C,21.4,12.1,0.7,6.8,41,0.916
2023,Reggie Bullock,DAL,SF,30.3,7.2,1.4,3.6,78,0.403
2023,Alec Burks,DET,SG,22.0,12.8,2.2,3.1,51,0.823
2023,Jimmy Butler,MIA,PF,33.4,22.9,5.3,5.9,64,1.021
2023,Kentavious Caldwell-Pope,DEN,SG,31.3,10.8,2.4,2.7,76,0.508
2023,Clint Capela,ATL,C,26.6,12.0,0.9,11.0,65,0.898
2023,Jevon Carter,MIL,PG,22.3,8.0,2.4,2.5,81,0.578
2023,Wendell Carter Jr.,ORL,C,29.6,15.2,2.3,8.7,57,0.885
2023,Alex Caruso,CHI,PG,23.5,5.6,2.9,2.9,67,0.485
2023,Jordan Clarkson,UTA,SG,32.6,20.8,4.4,4.0,61,0.896
2023,Nic Claxton,BRK,C,29.9,12.6,1.9,9.2,76,0.793
2023,John Collins,ATL,PF,30.0,13.1,1.2,6.5,71,0.693
2023,Zach Collins,SAS,C,22.9,11.6,2.9,6.4,63,0.913
2023,Mike Conley,2TM,PG,30.3,11.9,6.7,2.7,67,0.703
2023,Mike Conley,UTA,PG,29.7,10.7,7.7,2.5,43,0.704
2023,Pat Connaughton,MIL,SF,23.7,7.6,1.3,4.6,61,0.57
2023,Torrey Craig,PHO,PF,24.7,7.4,1.5,5.4,79,0.579
2023,Stephen Curry,GSW,PG,34.7,29.4,6.3,6.1,56,1.205
2023,Anthony Davis,LAL,C,34.0,25.9,2.6,12.5,56,1.206
2023,DeMar DeRozan,CHI,SF,36.2,24.5,5.1,4.6,74,0.945
2023,Spencer Dinwiddie,2TM,SG,34.5,17.3,6.5,3.4,79,0.788
2023,Spencer Dinwiddie,DAL,SG,34.1,17.7,5.3,3.1,53,0.765
2023,Donte DiVincenzo,GSW,SG,26.3,9.4,3.5,4.5,72,0.662
2023,Luka Dončić,DAL,PG,36.2,32.4,8.0,8.6,66,1.354
2023,Luguentz Dort,OKC,SF,30.7,13.7,2.1,4.6,74,0.664
2023,Ayo Dosunmu,CHI,SG,26.2,8.6,2.6,2.8,80,0.534
2023,Kevin Durant,2TM,PF,35.6,29.1,5.0,6.7,47,1.146
2023,Jalen Duren,DET,C,24.9,9.1,1.1,8.9,67,0.767
2023,Tari Eason,HOU,PF,21.5,9.3,1.1,6.0,82,0.763
2023,Anthony Edwards,MIN,SG,36.0,24.6,4.4,5.8,79,0.967
2023,Joel Embiid,PHI,C,34.6,33.1,4.2,10.2,66,1.373
2023,Drew Eubanks,POR,C,20.3,6.6,1.3,5.4,78,0.655
2023,Dorian Finney-Smith,2TM,PF,30.4,8.3,1.5,4.8,66,0.48
2023,Dorian Finney-Smith,DAL,PF,32.2,9.1,1.5,4.7,40,0.475
2023,De'Aaron Fox,SAC,PG,33.4,25.0,6.1,4.2,73,1.057
2023,Markelle Fultz,ORL,PG,29.6,14.0,5.7,3.9,60,0.797
2023,Daniel Gafford,WAS,C,20.6,9.0,1.1,5.6,78,0.762
2023,Darius Garland,CLE,PG,35.5,21.6,7.8,2.7,69,0.904
2023,Paul George,LAC,SF,34.6,23.8,5.1,6.1,56,1.012
2023,Josh Giddey,OKC,PF,31.1,16.6,6.2,7.9,76,0.987
2023,Shai Gilgeous-Alexander,OKC,PG,35.5,31.4,5.5,4.8,68,1.175
2023,Rudy Gobert,MIN,C,30.7,13.4,1.2,11.6,70,0.853
2023,Aaron Gordon,DEN,PF,30.2,16.3,3.0,6.6,68,0.858
2023,Eric Gordon,2TM,SG,28.5,12.4,2.7,1.9,69,0.596
2023,Eric Gordon,HOU,SG,30.2,13.1,2.9,2.1,47,0.599
2023,Jerami Grant,POR,PF,35.7,20.5,2.4,4.5,63,0.768
2023,Draymond Green,GSW,PF,31.5,8.5,6.8,7.2,73,0.714
2023,Jalen Green,HOU,SG,34.2,22.1,3.7,3.7,76,0.863
2023,Josh Green,DAL,SG,25.7,9.1,1.7,3.0,60,0.537
2023,Quentin Grimes,NYK,SG,29.9,11.3,2.1,3.2,71,0.555
2023,Rui Hachimura,2TM,PF,23.3,11.2,0.9,4.5,63,0.712
2023,Tyrese Haliburton,IND,PG,33.6,20.7,10.4,3.7,56,1.036
2023,Tim Hardaway Jr.,DAL,SF,30.3,14.4,1.8,3.5,71,0.65
2023,James Harden,PHI,PG,36.8,21.0,10.7,6.1,58,1.027
2023,Gary Harris,ORL,SG,24.7,8.3,1.2,2.0,48,0.466
2023,Joe Harris,BRK,SF,20.6,7.6,1.4,2.2,74,0.544
2023,Tobias Harris,PHI,SF,32.9,14.7,2.5,5.7,74,0.696
2023,Josh Hart,2TM,SF,32.3,9.8,3.8,7.8,76,0.663
2023,Josh Hart,POR,SF,33.4,9.5,3.9,8.2,51,0.647
2023,Killian Hayes,DET,PG,28.3,10.3,6.2,2.9,76,0.686
2023,Gordon Hayward,CHO,SF,31.5,14.7,4.1,4.3,50,0.733
2023,Tyler Herro,MIA,SG,34.9,20.1,4.2,5.4,67,0.851
2023,Buddy Hield,IND,SF,31.0,16.8,2.8,5.0,80,0.794
2023,Jrue Holiday,MIL,PG,32.6,19.3,7.4,5.1,67,0.975
2023,Al Horford,BOS,C,30.5,9.8,3.0,6.2,63,0.623
2023,Talen Horton-Tucker,UTA,SG,20.2,10.7,3.8,3.2,65,0.876
2023,Kevin Huerter,SAC,SG,29.4,15.2,2.9,3.3,75,0.728
2023,De'Andre Hunter,ATL,SF,31.7,15.4,1.4,4.2,67,0.662
2023,Joe Ingles,MIL,SF,22.7,6.9,3.3,2.8,46,0.573
2023,Brandon Ingram,NOP,SF,34.2,24.7,5.8,5.5,45,1.053
2023,Kyrie Irving,2TM,SG,37.4,27.1,5.5,5.1,60,1.008
2023,Kyrie Irving,BRK,PG,37.0,27.1,5.3,5.1,40,1.014
2023,Jaden Ivey,DET,SG,31.1,16.3,5.2,3.9,74,0.817
2023,Jaren Jackson Jr.,MEM,C,28.4,18.6,1.0,6.8,63,0.93
2023,Reggie Jackson,2TM,PG,24.4,10.2,3.4,2.1,68,0.643
2023,Reggie Jackson,LAC,PG,25.7,10.9,3.5,2.2,52,0.646
2023,LeBron James,LAL,PF,35.5,28.9,6.8,8.3,55,1.239
2023,Cameron Johnson,2TM,PF,28.5,15.5,1.9,4.4,42,0.765
2023,Keldon Johnson,SAS,SF,32.7,22.0,2.9,5.0,63,0.914
2023,Nikola Jokić,DEN,C,33.7,24.5,9.8,11.8,69,1.368
2023,Herbert Jones,NOP,PF,29.6,9.8,2.5,4.1,66,0.554
2023,Tre Jones,SAS,PG,29.2,12.9,6.6,3.6,68,0.791
2023,Tyus Jones,MEM,PG,24.3,10.3,5.2,2.5,80,0.741
2023,Luke Kennard,2TM,SG,22.3,9.3,1.5,2.7,59,0.605
2023,Walker Kessler,UTA,C,23.0,9.2,0.9,8.4,74,0.804
2023,Corey Kispert,WAS,SF,28.3,11.1,1.2,2.8,74,0.534
2023,John Konchar,MEM,SF,20.8,5.1,1.4,4.3,72,0.519
2023,Jonathan Kuminga,GSW,PF,20.8,9.9,1.9,3.4,67,0.731
2023,Kyle Kuzma,WAS,PF,35.0,21.2,3.7,7.2,64,0.917
2023,Zach LaVine,CHI,SG,35.9,24.8,4.2,4.5,77,0.933
2023,Damion Lee,PHO,SG,20.4,8.2,1.3,3.0,74,0.613
2023,Kawhi Leonard,LAC,SF,33.6,23.8,3.9,6.5,52,1.018
2023,Caris LeVert,CLE,SG,30.2,12.1,3.9,3.8,74,0.656
2023,Damian Lillard,POR,PG,36.3,32.2,7.3,4.8,58,1.22
2023,Isaiah Livers,DET,PF,23.1,6.7,0.8,2.8,52,0.446
2023,Kevon Looney,GSW,C,23.9,7.0,2.5,9.3,82,0.787
2023,Brook Lopez,MIL,C,30.4,15.9,1.3,6.7,78,0.786
2023,Kevin Love,2TM,PF,20.0,8.2,1.9,6.4,62,0.825
2023,Kevin Love,CLE,PF,20.0,8.5,1.9,6.8,41,0.86
2023,Kyle Lowry,MIA,PG,31.2,11.2,5.1,4.1,55,0.654
2023,Terance Mann,LAC,SG,23.1,8.8,2.3,3.4,81,0.628
2023,Lauri Markkanen,UTA,PF,34.4,25.6,1.9,8.6,66,1.049
2023,Naji Marshall,NOP,SF,23.3,9.1,2.5,3.6,77,0.652
2023,Caleb Martin,MIA,SF,29.3,9.6,1.6,4.8,71,0.546
2023,KJ Martin,HOU,SF,28.0,12.7,1.5,5.5,82,0.704
2023,Bennedict Mathurin,IND,SG,28.5,16.7,1.5,4.1,78,0.782
2023,Tyrese Maxey,PHI,SG,33.6,20.3,3.5,2.9,60,0.795
2023,CJ McCollum,NOP,PG,35.3,20.9,5.7,4.4,75,0.878
2023,T.J. McConnell,IND,PG,20.3,8.7,5.3,3.1,75,0.842
2023,Jalen McDaniels,2TM,SF,23.9,9.4,1.6,4.3,80,0.64
2023,Jalen McDaniels,CHO,SF,26.7,10.6,2.0,4.8,56,0.652
2023,Jaden McDaniels,MIN,SF,30.6,12.1,1.9,3.9,79,0.585
2023,Doug McDermott,SAS,SF,20.5,10.2,1.4,2.2,64,0.673
2023,De'Anthony Melton,PHI,SG,27.9,10.1,2.6,4.1,77,0.602
2023,Shake Milton,PHI,SG,20.6,8.4,3.2,2.5,76,0.684
2023,Donovan Mitchell,CLE,SG,35.8,28.3,4.4,4.3,68,1.034
2023,Evan Mobley,CLE,PF,34.4,16.2,2.8,9.0,79,0.814
2023,Malik Monk,SAC,SG,22.3,13.5,3.9,2.6,77,0.897
2023,Ja Morant,MEM,PG,31.9,26.2,8.1,5.9,61,1.26
2023,Marcus Morris,LAC,PF,28.1,11.2,1.8,4.0,65,0.605
2023,Monte Morris,WAS,PG,27.3,10.3,5.3,3.4,62,0.696
2023,Trey Murphy III,NOP,SF,31.0,14.5,1.4,3.6,79,0.629
2023,Dejounte Murray,ATL,SG,36.4,20.5,6.1,5.3,74,0.876
2023,Jamal Murray,DEN,PG,32.8,20.0,6.2,4.0,65,0.921
2023,Keegan Murray,SAC,SF,29.8,12.2,1.2,4.6,80,0.604
2023,Larry Nance Jr.,NOP,C,21.2,6.8,1.8,5.4,65,0.66
2023,Andrew Nembhard,IND,SG,27.6,9.5,4.5,2.7,75,0.605
2023,Aaron Nesmith,IND,SF,24.9,10.1,1.3,3.8,73,0.61
2023,Jusuf Nurkić,POR,C,26.8,13.3,2.9,9.1,52,0.944
2023,Onyeka Okongwu,ATL,C,23.1,9.9,1.0,7.2,80,0.784
2023,Isaac Okoro,CLE,SF,21.7,6.4,1.1,2.5,76,0.461
2023,Victor Oladipo,MIA,SG,26.3,10.7,3.5,3.0,42,0.654
2023,Kelly Olynyk,UTA,C,28.6,12.5,3.7,6.2,68,0.783
2023,Royce O'Neale,BRK,SF,31.7,8.8,3.7,5.1,76,0.555
2023,Cedi Osman,CLE,SF,20.1,8.7,1.5,2.3,77,0.622
2023,Kelly Oubre Jr.,CHO,SF,32.3,20.3,1.1,5.2,48,0.824
2023,Chris Paul,PHO,PG,32.0,13.9,8.9,4.3,59,0.847
2023,Cameron Payne,PHO,PG,20.2,10.3,4.5,2.2,48,0.842
2023,Mason Plumlee,2TM,C,26.0,10.8,3.1,8.9,79,0.877
2023,Mason Plumlee,CHO,C,28.5,12.2,3.7,9.7,56,0.898
2023,Jakob Poeltl,2TM,C,26.5,12.5,2.7,9.1,72,0.917
2023,Jakob Poeltl,SAS,C,26.1,12.1,3.1,9.0,46,0.927
2023,Jordan Poole,GSW,PG,30.0,20.4,4.5,2.7,82,0.92
2023,Kevin Porter Jr.,HOU,PG,34.3,19.2,5.7,5.3,59,0.88
2023,Michael Porter Jr.,DEN,SF,29.0,17.4,1.0,5.5,62,0.824
2023,Bobby Portis,MIL,PF,26.0,14.1,1.5,9.6,70,0.969
2023,Kristaps Porziņģis,WAS,C,32.6,23.2,2.7,8.4,65,1.052
2023,Norman Powell,LAC,SG,26.1,17.0,1.8,2.9,60,0.831
2023,Taurean Prince,MIN,PF,22.1,9.1,1.6,2.4,54,0.593
2023,Immanuel Quickley,NYK,SG,28.9,14.9,3.4,4.2,81,0.779
2023,Julius Randle,NYK,PF,35.5,25.1,4.1,10.0,77,1.104
2023,Austin Reaves,LAL,SG,28.8,13.0,3.4,3.0,64,0.674
2023,Cam Reddish,2TM,SF,24.8,9.7,1.4,2.2,40,0.536
2023,Josh Richardson,2TM,SG,23.5,10.1,2.7,2.7,65,0.66
2023,Josh Richardson,SAS,SG,23.7,11.5,3.3,2.8,42,0.743
2023,Mitchell Robinson,NYK,C,27.0,7.4,0.9,9.4,59,0.656
2023,Terrence Ross,2TM,SG,21.1,8.3,1.5,2.4,63,0.578
2023,Terrence Ross,ORL,SG,22.5,8.0,1.3,2.0,42,0.502
2023,Terry Rozier,CHO,SG,35.3,21.1,5.1,4.1,63,0.858
2023,D'Angelo Russell,2TM,PG,32.5,17.8,6.2,3.0,71,0.831
2023,D'Angelo Russell,MIN,PG,32.9,17.9,6.2,3.1,54,0.827
2023,Domantas Sabonis,SAC,C,34.6,19.1,7.3,12.3,79,1.118
2023,Dennis Schröder,LAL,PG,30.1,12.6,4.5,2.5,66,0.651
2023,Alperen Şengün,HOU,C,28.9,14.8,3.9,9.0,75,0.958
2023,Collin Sexton,UTA,PG,23.9,14.3,2.9,2.2,48,0.812
2023,Landry Shamet,PHO,SG,20.2,8.7,2.3,1.7,40,0.629
2023,Shaedon Sharpe,POR,SG,22.2,9.9,1.2,3.0,80,0.635
2023,Pascal Siakam,TOR,PF,37.4,24.2,5.8,7.8,71,1.011
2023,Ben Simmons,BRK,PG,26.3,6.9,6.1,6.3,42,0.734
2023,Anfernee Simons,POR,SG,35.0,21.1,4.1,2.6,62,0.794
2023,Marcus Smart,BOS,PG,32.1,11.5,6.3,3.1,61,0.651
2023,Dennis Smith Jr.,CHO,PG,25.7,8.8,4.8,3.1,54,0.65
2023,Jabari Smith Jr.,HOU,PF,31.0,12.8,1.3,7.2,79,0.687
2023,Jeremy Sochan,SAS,PF,26.0,11.0,2.5,5.3,56,0.723
2023,Isaiah Stewart,DET,C,28.3,11.3,1.4,8.1,50,0.735
2023,Max Strus,MIA,SF,28.4,11.5,2.1,3.2,80,0.592
2023,Jalen Suggs,ORL,SG,23.5,9.9,2.9,3.0,53,0.672
2023,Jayson Tatum,BOS,SF,36.9,30.1,4.6,8.8,74,1.179
2023,Klay Thompson,GSW,SF,33.0,21.9,2.4,4.1,69,0.861
2023,Gary Trent Jr.,TOR,SG,32.1,17.4,1.6,2.6,66,0.673
2023,P.J. Tucker,PHI,PF,25.6,3.5,0.8,3.9,75,0.32
2023,Myles Turner,IND,C,29.4,18.0,1.4,7.5,62,0.915
2023,Jonas Valančiūnas,NOP,C,24.9,14.1,1.8,10.2,79,1.048
2023,Jarred Vanderbilt,2TM,PF,24.1,7.9,2.4,7.5,78,0.739
2023,Jarred Vanderbilt,UTA,PF,24.1,8.3,2.7,7.9,52,0.784
2023,Fred VanVleet,TOR,PG,36.7,19.3,7.2,4.1,69,0.834
2023,Gabe Vincent,MIA,PG,25.9,9.4,2.5,2.1,68,0.541
2023,Nikola Vučević,CHI,C,33.5,17.6,3.2,11.0,82,0.949
2023,Dean Wade,CLE,PF,20.3,4.7,0.8,3.4,44,0.438
2023,Franz Wagner,ORL,SF,32.6,18.6,3.5,4.1,80,0.804
2023,Lonnie Walker IV,LAL,SG,23.2,11.7,1.1,1.9,56,0.634
2023,P.J. Washington,CHO,PF,32.6,15.7,2.4,4.9,73,0.706
2023,Russell Westbrook,2TM,PG,29.1,15.9,7.5,5.8,73,1.003
2023,Russell Westbrook,LAL,PG,28.7,15.9,7.5,6.2,52,1.031
2023,Coby White,CHI,SG,23.4,9.7,2.8,2.9,74,0.658
2023,Derrick White,BOS,SG,28.3,12.4,3.9,3.6,82,0.703
2023,Grant Williams,BOS,PF,25.9,8.1,1.7,4.6,79,0.556
2023,Jalen Williams,OKC,SG,30.3,14.1,3.3,4.5,75,0.723
2023,Kenrich Williams,OKC,PF,22.8,8.0,2.0,4.9,53,0.654
2023,Patrick Williams,CHI,PF,28.3,10.2,1.2,4.0,82,0.544
2023,Christian Wood,DAL,C,25.9,16.6,1.8,7.3,67,0.992
2023,Delon Wright,WAS,PG,24.4,7.4,3.9,3.6,50,0.611
2023,Trae Young,ATL,PG,34.8,26.2,10.2,3.0,73,1.132
2023,Ivica Zubac,LAC,C,28.6,10.8,1.0,9.9,76,0.759
2022,Precious Achiuwa,TOR,C,23.6,9.1,1.1,6.5,73,0.708
2022,Steven Adams,MEM,C,26.3,6.9,3.4,10.0,76,0.772
2022,Bam Adebayo,MIA,C,32.6,19.1,3.4,10.1,56,1.0
2022,LaMarcus Aldridge,BRK,C,22.3,12.9,0.9,5.5,47,0.865
2022,Nickeil Alexander-Walker,2TM,SG,22.6,10.6,2.4,2.9,65,0.704
2022,Nickeil Alexander-Walker,NOP,SG,26.3,12.8,2.8,3.3,50,0.719
2022,Grayson Allen,MIL,SG,27.3,11.1,1.5,3.4,66,0.586
2022,Jarrett Allen,CLE,C,32.3,16.1,1.6,10.8,56,0.882
2022,Kyle Anderson,MEM,PF,21.5,7.6,2.7,5.3,69,0.726
2022,Giannis Antetokounmpo,MIL,PF,32.9,29.9,5.8,11.6,67,1.438
2022,Carmelo Anthony,LAL,PF,26.0,13.3,1.0,4.2,69,0.712
2022,Cole Anthony,ORL,PG,31.7,16.3,5.7,5.4,65,0.864
2022,OG Anunoby,TOR,SF,36.0,17.1,2.6,5.5,48,0.7
2022,Deni Avdija,WAS,SF,24.2,8.4,2.0,5.2,82,0.645
2022,Deandre Ayton,PHO,C,29.5,17.2,1.4,10.2,58,0.976
2022,Marvin Bagley III,2TM,PF,23.9,11.3,0.8,7.0,48,0.799
2022,LaMelo Ball,CHO,PG,32.3,20.1,7.6,6.7,75,1.065
2022,Mo Bamba,ORL,C,25.7,10.6,1.2,8.1,71,0.774
2022,Desmond Bane,MEM,SG,29.8,18.2,2.7,4.4,76,0.849
2022,Harrison Barnes,SAC,PF,33.6,16.4,2.4,5.6,77,0.726
2022,Scottie Barnes,TOR,PF,35.4,15.3,3.5,7.5,74,0.743
2022,RJ Barrett,NYK,SF,34.5,20.0,3.0,5.8,70,0.835
2022,Will Barton,DEN,SG,32.1,14.7,3.9,4.8,71,0.729
2022,Nicolas Batum,LAC,PF,24.8,8.3,1.7,4.3,59,0.577
2022,Darius Bazley,OKC,PF,27.9,10.8,1.4,6.3,69,0.663
2022,Bradley Beal,WAS,SG,36.0,23.2,6.6,4.7,40,0.958
2022,Malik Beasley,MIN,SG,25.0,12.1,1.5,2.9,79,0.66
2022,Patrick Beverley,MIN,PG,25.4,9.2,4.6,4.1,58,0.705
2022,Saddiq Bey,DET,SF,33.0,16.1,2.8,5.4,82,0.736
2022,Eric Bledsoe,LAC,PG,25.2,9.9,4.2,3.4,54,0.694
2022,Bogdan Bogdanović,ATL,SG,29.3,15.1,3.1,4.0,63,0.758
2022,Bojan Bogdanović,UTA,PF,30.9,18.1,1.7,4.3,69,0.78
2022,Devin Booker,PHO,SG,34.5,26.8,4.8,5.0,68,1.061
2022,Chris Boucher,TOR,SF,21.1,9.4,0.3,6.2,80,0.754
2022,Avery Bradley,LAL,SG,22.7,6.4,0.8,2.2,62,0.414
2022,Mikal Bridges,PHO,SF,34.8,14.2,2.3,4.2,82,0.595
2022,Miles Bridges,CHO,PF,35.5,20.2,3.8,7.0,80,0.873
2022,Oshae Brissett,IND,SF,23.3,9.1,1.1,5.3,67,0.665
2022,Bruce Brown,BRK,SF,24.6,9.0,2.1,4.8,72,0.646
2022,Jaylen Brown,BOS,SF,33.6,23.6,3.5,6.1,66,0.988
2022,Jalen Brunson,DAL,SG,31.9,16.3,4.8,3.9,79,0.784
2022,Reggie Bullock,DAL,SF,28.0,8.6,1.2,3.5,68,0.475
2022,Alec Burks,NYK,SG,28.6,11.7,3.0,4.9,81,0.685
2022,Jimmy Butler,MIA,SF,33.9,21.4,5.5,5.9,57,0.968
2022,Kentavious Caldwell-Pope,WAS,SG,30.2,13.2,1.9,3.4,77,0.613
2022,Clint Capela,ATL,C,27.6,11.1,1.2,11.9,74,0.877
2022,Wendell Carter Jr.,ORL,PF,29.9,15.0,2.8,10.5,62,0.946
2022,Alex Caruso,CHI,SG,28.0,7.4,4.0,3.6,41,0.536
2022,Jordan Clarkson,UTA,SG,27.1,16.0,2.5,3.5,79,0.812
2022,Nic Claxton,BRK,C,20.7,8.7,0.9,5.6,47,0.734
2022,Amir Coffey,LAC,SG,22.7,9.0,1.8,2.9,69,0.604
2022,John Collins,ATL,PF,30.8,16.2,1.8,7.8,54,0.838
2022,Mike Conley,UTA,PG,28.6,13.7,5.3,3.0,72,0.769
2022,Pat Connaughton,MIL,SF,26.0,9.9,1.3,4.2,65,0.592
2022,Robert Covington,2TM,PF,27.3,8.5,1.3,5.5,71,0.56
2022,Robert Covington,POR,PF,29.8,7.6,1.4,5.7,48,0.493
2022,Torrey Craig,2TM,SF,20.5,6.6,1.2,4.0,78,0.576
2022,Torrey Craig,IND,SF,20.3,6.5,1.1,3.8,51,0.562
2022,Jae Crowder,PHO,PF,28.1,9.4,1.9,5.3,67,0.591
2022,Cade Cunningham,DET,SG,32.6,17.4,5.6,5.5,64,0.874
2022,Seth Curry,2TM,SG,33.4,15.0,3.6,3.1,64,0.65
2022,Seth Curry,PHI,SG,34.8,15.0,4.0,3.4,45,0.644
2022,Stephen Curry,GSW,PG,34.5,25.5,6.3,5.2,64,1.072
2022,Anthony Davis,LAL,C,35.1,23.2,3.1,9.9,40,1.031
2022,DeMar DeRozan,CHI,PF,36.1,27.9,4.9,5.2,76,1.053
2022,Hamidou Diallo,DET,SG,21.9,11.0,1.3,4.8,58,0.781
2022,Spencer Dinwiddie,2TM,PG,29.6,13.7,5.2,4.2,67,0.78
2022,Spencer Dinwiddie,WAS,PG,30.2,12.6,5.8,4.7,44,0.765
2022,Donte DiVincenzo,2TM,SG,24.0,9.0,2.8,4.0,42,0.658
2022,Luka Dončić,DAL,PG,35.4,28.4,8.7,9.1,65,1.305
2022,Luguentz Dort,OKC,SG,32.6,17.2,1.7,4.2,51,0.709
2022,Ayo Dosunmu,CHI,SG,27.4,8.8,3.3,2.8,77,0.544
2022,Chris Duarte,IND,SG,28.0,13.1,2.1,4.1,55,0.689
2022,Kevin Durant,BRK,PF,37.2,29.9,6.4,7.4,55,1.175
2022,Anthony Edwards,MIN,SG,34.3,21.3,3.8,4.8,72,0.872
2022,Kessler Edwards,BRK,SF,20.6,5.9,0.6,3.6,48,0.49
2022,CJ Elleby,POR,SF,20.2,5.8,1.5,3.9,58,0.554
2022,Joel Embiid,PHI,C,33.8,30.6,4.2,11.7,68,1.376
2022,Dorian Finney-Smith,DAL,PF,33.1,11.0,1.9,4.7,80,0.532
2022,Evan Fournier,NYK,SG,29.5,14.1,2.1,2.6,80,0.637
2022,De'Aaron Fox,SAC,PG,35.3,23.2,5.6,3.9,59,0.926
2022,Daniel Gafford,WAS,C,20.1,9.4,0.9,5.7,72,0.796
2022,Danilo Gallinari,ATL,PF,25.3,11.7,1.5,4.7,66,0.708
2022,Darius Garland,CLE,PG,35.7,21.7,8.6,3.3,68,0.941
2022,Josh Giddey,OKC,SF,31.5,12.5,6.4,7.8,54,0.848
2022,Shai Gilgeous-Alexander,OKC,PG,34.7,24.5,5.9,5.0,56,1.02
2022,Rudy Gobert,UTA,C,32.1,15.6,1.1,14.7,66,0.978
2022,Aaron Gordon,DEN,PF,31.7,15.0,2.5,5.9,75,0.738
2022,Eric Gordon,HOU,SG,29.3,13.4,2.7,2.0,57,0.618
2022,Devonte' Graham,NOP,PG,28.4,11.9,4.2,2.3,76,0.648
2022,Jerami Grant,DET,PF,31.9,19.2,2.4,4.1,47,0.806
2022,Danny Green,PHI,SF,21.8,5.9,1.0,2.5,62,0.431
2022,Draymond Green,GSW,PF,28.9,7.5,7.0,7.3,46,0.754
2022,Javonte Green,CHI,SF,23.4,7.2,0.9,4.2,65,0.526
2022,Jalen Green,HOU,SG,31.9,17.3,2.6,3.4,67,0.73
2022,Jeff Green,DEN,PF,24.7,10.3,1.3,3.1,75,0.595
2022,Rui Hachimura,WAS,PF,22.5,11.3,1.1,3.8,42,0.72
2022,Tyrese Haliburton,2TM,PG,35.0,15.3,8.2,4.0,77,0.786
2022,Tyrese Haliburton,SAC,SG,34.5,14.3,7.4,3.9,51,0.742
2022,R.J. Hampton,ORL,SG,21.9,7.6,2.5,3.0,64,0.598
2022,Tim Hardaway Jr.,DAL,SG,29.6,14.2,2.2,3.7,42,0.679
2022,James Harden,2TM,PG,37.2,22.0,10.3,7.7,65,1.075
2022,James Harden,BRK,PG,37.0,22.5,10.2,8.0,44,1.1
2022,Montrezl Harrell,2TM,C,23.1,13.1,2.0,6.1,71,0.918
2022,Montrezl Harrell,WAS,C,24.3,14.1,2.1,6.7,46,0.942
2022,Gary Harris,ORL,SG,28.4,11.1,1.8,2.0,61,0.525
2022,Tobias Harris,PHI,PF,34.8,17.2,3.5,6.8,73,0.79
2022,Josh Hart,2TM,SG,33.2,14.9,4.1,7.2,54,0.789
2022,Josh Hart,NOP,SG,33.5,13.4,4.1,7.8,41,0.755
2022,Jaxson Hayes,NOP,C,20.0,9.3,0.6,4.5,70,0.72
2022,Killian Hayes,DET,PG,25.0,6.9,4.2,3.2,66,0.572
2022,Gordon Hayward,CHO,SF,31.9,15.9,3.6,4.6,49,0.755
2022,Tyler Herro,MIA,SG,32.6,20.7,4.0,5.0,66,0.911
2022,Buddy Hield,2TM,SG,30.9,15.6,2.8,4.4,81,0.738
2022,Buddy Hield,SAC,SG,28.6,14.4,1.9,4.0,55,0.71
2022,George Hill,MIL,PG,23.2,6.2,2.2,2.9,54,0.487
2022,Jrue Holiday,MIL,PG,32.9,18.3,6.8,4.5,67,0.9
2022,Justin Holiday,2TM,SF,27.8,10.1,1.7,2.6,74,0.518
2022,Justin Holiday,IND,SF,28.9,11.0,1.8,2.8,49,0.54
2022,Richaun Holmes,SAC,C,23.9,10.4,1.1,7.0,45,0.774
2022,Al Horford,BOS,C,29.1,10.2,3.4,7.7,69,0.732
2022,Talen Horton-Tucker,LAL,SG,25.2,10.0,2.7,3.2,60,0.631
2022,Kevin Huerter,ATL,SF,29.6,12.1,2.7,3.4,74,0.615
2022,De'Andre Hunter,ATL,SF,29.8,13.4,1.3,3.3,53,0.604
2022,Joe Ingles,UTA,SF,24.9,7.2,3.5,2.9,45,0.546
2022,Brandon Ingram,NOP,SF,34.0,22.7,5.6,5.8,55,1.003
2022,Frank Jackson,DET,PG,22.0,10.6,1.0,1.6,53,0.6
2022,Jaren Jackson Jr.,MEM,PF,27.3,16.3,1.1,5.8,78,0.85
2022,Reggie Jackson,LAC,SG,31.2,16.8,4.8,3.6,75,0.808
2022,LeBron James,LAL,C,37.2,30.3,6.2,8.2,56,1.202
2022,Cameron Johnson,PHO,PF,26.2,12.5,1.5,4.1,66,0.691
2022,Keldon Johnson,SAS,SF,31.9,17.0,2.1,6.1,75,0.79
2022,Stanley Johnson,LAL,PF,22.8,6.7,1.7,3.2,48,0.509
2022,Nikola Jokić,DEN,C,33.5,27.1,7.9,13.8,74,1.457
2022,Herbert Jones,NOP,PF,29.9,9.5,2.1,3.8,78,0.515
2022,Tyus Jones,MEM,PG,21.2,8.7,4.4,2.4,73,0.731
2022,Cory Joseph,DET,PG,24.6,8.0,3.6,2.7,65,0.581
2022,Luke Kennard,LAC,SG,27.4,11.9,2.1,3.3,70,0.631
2022,Corey Kispert,WAS,SF,23.4,8.2,1.1,2.7,77,0.513
2022,Maxi Kleber,DAL,PF,24.6,7.0,1.2,5.9,59,0.573
2022,Furkan Korkmaz,PHI,SG,21.1,7.6,1.9,2.6,67,0.573
2022,Kyle Kuzma,WAS,PF,33.4,17.1,3.5,8.5,66,0.871
2022,Zach LaVine,CHI,SG,34.7,24.4,4.5,4.6,67,0.965
2022,Caris LeVert,2TM,SG,30.7,17.0,4.3,3.7,58,0.814
2022,Nassir Little,POR,SF,25.9,9.8,1.3,5.6,42,0.645
2022,Kevon Looney,GSW,C,21.1,6.0,2.0,7.3,82,0.725
2022,Kevin Love,CLE,C,22.5,13.6,2.2,7.2,74,1.022
2022,Kyle Lowry,MIA,PG,33.9,13.4,7.5,4.5,63,0.749
2022,Trey Lyles,2TM,PF,20.5,10.5,1.2,5.1,75,0.82
2022,Terance Mann,LAC,SF,28.6,10.8,2.6,5.2,81,0.65
2022,Tre Mann,OKC,PG,22.8,10.4,1.5,2.9,60,0.649
2022,Lauri Markkanen,CLE,SF,30.8,14.8,1.3,5.7,61,0.708
2022,Caleb Martin,MIA,SF,22.9,9.2,1.1,3.8,60,0.616
2022,Cody Martin,CHO,SF,26.3,7.7,2.5,4.0,71,0.54
2022,KJ Martin,HOU,SF,21.0,8.8,1.3,3.8,79,0.662
2022,Garrison Mathews,HOU,SG,26.3,10.0,1.0,2.9,65,0.529
2022,Wesley Matthews,MIL,SG,20.4,5.1,0.7,1.9,49,0.377
2022,Tyrese Maxey,PHI,PG,35.3,17.5,4.3,3.2,75,0.708
2022,CJ McCollum,2TM,PG,34.6,22.1,5.1,4.3,62,0.91
2022,Jaden McDaniels,MIN,PF,25.8,9.2,1.1,4.2,70,0.562
2022,Doug McDermott,SAS,PF,24.0,11.3,1.3,2.3,51,0.621
2022,Ben McLemore,POR,SG,20.1,10.2,0.9,1.6,64,0.632
2022,De'Anthony Melton,MEM,SG,22.7,10.8,2.7,4.5,73,0.793
2022,Chimezie Metu,SAC,C,21.3,8.9,1.0,5.6,60,0.728
2022,Khris Middleton,MIL,SF,32.4,20.1,5.4,5.4,66,0.954
2022,Patty Mills,BRK,SG,29.0,11.4,2.3,1.9,81,0.538
2022,Shake Milton,PHI,SG,21.4,8.2,2.5,2.6,55,0.621
2022,Davion Mitchell,SAC,PG,27.7,11.5,4.2,2.2,75,0.646
2022,Donovan Mitchell,UTA,SG,33.8,25.9,5.3,4.2,67,1.047
2022,Evan Mobley,CLE,PF,33.8,15.0,2.5,8.3,69,0.763
2022,Malik Monk,LAL,SG,28.1,13.8,2.9,3.4,76,0.715
2022,Ja Morant,MEM,PG,33.1,27.4,6.7,5.7,57,1.202
2022,Marcus Morris,LAC,PF,29.0,15.4,2.1,4.4,54,0.755
2022,Monte Morris,DEN,PG,29.9,12.6,4.4,3.0,75,0.669
2022,Dejounte Murray,SAS,PG,34.8,21.1,9.2,8.3,68,1.109
2022,Larry Nance Jr.,2TM,PF,22.6,7.0,1.8,5.4,46,0.628
2022,Georges Niang,PHI,PF,22.8,9.2,1.3,2.7,76,0.579
2022,Jusuf Nurkić,POR,C,28.2,15.0,2.8,11.1,56,1.025
2022,Chuma Okeke,ORL,PF,25.0,8.6,1.7,5.0,70,0.612
2022,Onyeka Okongwu,ATL,C,20.7,8.2,1.1,5.9,48,0.734
2022,Isaac Okoro,CLE,SF,29.6,8.8,1.8,3.0,67,0.459
2022,Royce O'Neale,UTA,SF,31.2,7.4,2.5,4.8,77,0.471
2022,Cedi Osman,CLE,SF,22.2,10.7,2.0,2.2,66,0.671
2022,Kelly Oubre Jr.,CHO,SF,26.3,15.0,1.1,4.0,76,0.764
2022,Chris Paul,PHO,PG,32.9,14.7,10.8,4.4,65,0.909
2022,Cameron Payne,PHO,PG,22.0,10.8,4.9,3.0,58,0.85
2022,Mason Plumlee,CHO,C,24.6,6.5,3.1,7.7,73,0.703
2022,Jakob Poeltl,SAS,C,29.0,13.5,2.8,9.3,68,0.883
2022,Aleksej Pokusevski,OKC,PF,20.2,7.6,2.1,5.2,61,0.738
2022,Jordan Poole,GSW,SG,30.0,18.5,4.0,3.4,76,0.863
2022,Kevin Porter Jr.,HOU,PG,31.3,15.6,6.2,4.4,61,0.837
2022,Otto Porter Jr.,GSW,PF,22.2,8.2,1.5,5.7,63,0.694
2022,Bobby Portis,MIL,C,28.2,14.6,1.2,9.1,72,0.883
2022,Kristaps Porziņģis,2TM,PF,29.0,20.2,2.3,8.1,51,1.055
2022,Dwight Powell,DAL,C,21.9,8.7,1.2,4.9,82,0.676
2022,Norman Powell,2TM,SG,32.4,19.0,2.1,3.2,45,0.75
2022,Norman Powell,POR,SF,33.3,18.7,2.1,3.3,40,0.724
2022,Immanuel Quickley,NYK,PG,23.1,11.3,3.5,3.2,78,0.779
2022,Julius Randle,NYK,PF,35.3,20.1,5.1,9.9,72,0.994
2022,Austin Reaves,LAL,SG,23.2,7.3,1.8,3.2,61,0.53
2022,Cam Reddish,2TM,SF,20.7,10.1,1.0,2.1,49,0.638
2022,Josh Richardson,2TM,SG,24.6,10.2,1.8,2.8,65,0.602
2022,Josh Richardson,BOS,SG,24.7,9.7,1.5,2.8,44,0.567
2022,Austin Rivers,DEN,SG,22.1,6.0,1.3,1.7,67,0.407
2022,Duncan Robinson,MIA,SG,25.9,10.9,1.6,2.6,79,0.583
2022,Jeremiah Robinson-Earl,OKC,C,22.2,7.5,1.0,5.6,49,0.635
2022,Mitchell Robinson,NYK,C,25.7,8.5,0.5,8.6,72,0.685
2022,Isaiah Roby,OKC,PF,21.1,10.1,1.6,4.8,45,0.782
2022,Terrence Ross,ORL,SG,23.0,10.0,1.8,2.6,63,0.626
2022,Terry Rozier,CHO,SG,33.7,19.3,4.5,4.3,73,0.834
2022,D'Angelo Russell,MIN,PG,32.0,18.1,7.1,3.3,65,0.891
2022,Domantas Sabonis,2TM,PF,34.5,18.9,5.2,12.1,62,1.049
2022,Domantas Sabonis,IND,PF,34.7,18.9,5.0,12.1,47,1.037
2022,Dennis Schröder,2TM,PG,28.7,13.5,4.6,3.3,64,0.746
2022,Dennis Schröder,BOS,PG,29.2,14.4,4.2,3.3,49,0.75
2022,Alperen Şengün,HOU,C,20.7,9.6,2.6,5.5,72,0.855
2022,Landry Shamet,PHO,SG,20.8,8.3,1.6,1.8,69,0.562
2022,Pascal Siakam,TOR,PF,37.9,22.8,5.3,8.5,68,0.966
2022,Anfernee Simons,POR,SG,29.5,17.3,3.9,2.6,57,0.807
2022,Marcus Smart,BOS,PG,32.3,12.1,5.9,3.8,71,0.675
2022,Isaiah Stewart,DET,C,25.6,8.3,1.2,8.7,71,0.711
2022,Max Strus,MIA,SF,23.3,10.6,1.4,3.0,68,0.644
2022,Jalen Suggs,ORL,PG,27.2,11.8,4.4,3.6,48,0.728
2022,Jae'Sean Tate,HOU,PF,26.4,11.8,2.8,5.4,78,0.758
2022,Jayson Tatum,BOS,SF,35.9,26.9,4.4,8.0,76,1.095
2022,Daniel Theis,2TM,C,20.8,8.2,0.9,4.9,47,0.673
2022,Matisse Thybulle,PHI,SG,25.5,5.7,1.1,2.3,66,0.357
2022,Karl-Anthony Towns,MIN,C,33.5,24.6,3.6,9.8,74,1.134
2022,Gary Trent Jr.,TOR,SG,35.0,18.3,2.0,2.7,70,0.657
2022,P.J. Tucker,MIA,PF,27.9,7.6,2.1,5.5,71,0.545
2022,Myles Turner,IND,C,29.4,12.9,1.0,7.1,42,0.714
2022,Jonas Valančiūnas,NOP,C,30.3,17.8,2.6,11.4,74,1.05
2022,Jarred Vanderbilt,MIN,PF,25.4,6.9,1.3,8.4,74,0.654
2022,Fred VanVleet,TOR,PG,37.9,20.3,6.7,4.4,65,0.828
2022,Devin Vassell,SAS,SF,27.3,12.3,1.9,4.3,71,0.678
2022,Gabe Vincent,MIA,PG,23.4,8.7,3.1,1.9,68,0.585
2022,Nikola Vučević,CHI,C,33.1,17.6,3.2,11.0,73,0.961
2022,Franz Wagner,ORL,SF,30.7,15.2,2.9,4.5,79,0.736
2022,Lonnie Walker IV,SAS,SG,23.0,12.1,2.2,2.6,70,0.735
2022,Duane Washington Jr.,IND,PG,20.2,9.9,1.8,1.7,48,0.663
2022,P.J. Washington,CHO,C,27.2,10.3,2.3,5.2,65,0.654
2022,Russell Westbrook,LAL,PG,34.3,18.5,7.1,7.4,78,0.962
2022,Coby White,CHI,PG,27.5,12.7,2.9,3.0,61,0.676
2022,Derrick White,2TM,SG,29.3,13.2,4.9,3.5,75,0.737
2022,Derrick White,SAS,SG,30.3,14.4,5.6,3.5,49,0.776
2022,Aaron Wiggins,OKC,SG,24.2,8.3,1.4,3.6,50,0.55
2022,Andrew Wiggins,GSW,SF,31.9,17.2,2.2,4.5,73,0.749
2022,Grant Williams,BOS,PF,24.4,7.8,1.0,3.6,77,0.508
2022,Kenrich Williams,OKC,SF,21.9,7.4,2.2,4.5,49,0.644
2022,Robert Williams,BOS,C,29.6,10.0,2.0,9.6,61,0.73
2022,Ziaire Williams,MEM,SF,21.7,8.1,1.0,2.1,62,0.516
2022,Christian Wood,HOU,C,30.8,17.9,2.3,10.1,68,0.984
2022,Trae Young,ATL,PG,34.9,28.4,9.7,3.7,76,1.198
2022,Ivica Zubac,LAC,C,24.4,10.3,1.6,8.5,76,0.836
2021,Steven Adams,NOP,C,27.7,7.6,1.9,8.9,58,0.664
2021,Bam Adebayo,MIA,C,33.5,18.7,5.4,9.0,64,0.988
2021,Nickeil Alexander-Walker,NOP,SG,21.9,11.0,2.2,3.1,46,0.744
2021,Grayson Allen,MEM,SG,25.2,10.6,2.2,3.2,50,0.635
2021,Jarrett Allen,2TM,C,29.6,12.8,1.7,10.0,63,0.828
2021,Jarrett Allen,CLE,C,30.3,13.2,1.7,9.9,51,0.818
2021,Kyle Anderson,MEM,PF,27.3,12.4,3.6,5.7,69,0.795
2021,Giannis Antetokounmpo,MIL,PF,33.0,28.1,5.9,11.0,61,1.364
2021,Carmelo Anthony,POR,PF,24.5,13.4,1.5,3.1,69,0.735
2021,Cole Anthony,ORL,PG,27.1,12.9,4.1,4.7,47,0.801
2021,OG Anunoby,TOR,SF,33.3,15.9,2.2,5.5,43,0.709
2021,Deni Avdija,WAS,SF,23.3,6.3,1.2,4.9,54,0.532
2021,Deandre Ayton,PHO,C,30.7,14.4,1.4,10.5,69,0.857
2021,Dwayne Bacon,ORL,SG,25.7,10.9,1.3,3.1,72,0.595
2021,Marvin Bagley III,SAC,PF,25.9,14.1,1.0,7.4,43,0.869
2021,LaMelo Ball,CHO,PG,28.8,15.7,6.1,5.9,51,0.962
2021,Lonzo Ball,NOP,PG,31.8,14.6,5.7,4.8,55,0.789
2021,Desmond Bane,MEM,SG,22.3,9.2,1.7,3.1,68,0.628
2021,Harrison Barnes,SAC,PF,36.2,16.1,3.5,6.6,58,0.724
2021,RJ Barrett,NYK,SG,34.9,17.6,3.0,5.8,72,0.756
2021,Will Barton,DEN,SF,31.0,12.7,3.2,4.0,56,0.642
2021,Nicolas Batum,LAC,SF,27.4,8.1,2.2,4.7,67,0.547
2021,Darius Bazley,OKC,PF,31.2,13.7,1.8,7.2,55,0.728
2021,Bradley Beal,WAS,SG,35.8,31.3,4.4,4.7,60,1.128
2021,Dāvis Bertāns,WAS,PF,25.7,11.5,0.9,2.9,57,0.595
2021,Saddiq Bey,DET,SF,27.3,12.2,1.4,4.5,70,0.663
2021,Khem Birch,2TM,C,22.8,7.2,1.3,5.8,67,0.627
2021,Bismack Biyombo,CHO,C,20.4,5.0,1.2,5.3,66,0.564
2021,Eric Bledsoe,NOP,SG,29.7,12.2,3.8,3.4,71,0.653
2021,Bogdan Bogdanović,ATL,SG,29.7,16.4,3.3,3.6,44,0.785
2021,Bojan Bogdanović,UTA,SF,30.8,17.0,1.9,3.9,72,0.74
2021,Devin Booker,PHO,SG,33.9,25.6,4.3,4.2,67,1.006
2021,Chris Boucher,TOR,C,24.2,13.6,1.1,6.7,60,0.884
2021,Mikal Bridges,PHO,SF,32.6,13.5,2.1,4.3,72,0.61
2021,Miles Bridges,CHO,PF,29.3,12.7,2.2,6.0,66,0.713
2021,Malcolm Brogdon,IND,PG,34.5,21.2,5.9,5.3,56,0.939
2021,Dillon Brooks,MEM,SF,29.8,17.2,2.3,2.9,67,0.752
2021,Bruce Brown,BRK,PG,22.3,8.8,1.6,5.4,65,0.709
2021,Jaylen Brown,BOS,SG,34.5,24.7,3.4,6.0,58,0.988
2021,Moses Brown,OKC,C,21.4,8.6,0.2,8.9,43,0.827
2021,Sterling Brown,HOU,SG,24.1,8.2,1.4,4.4,51,0.581
2021,Jalen Brunson,DAL,PG,25.0,12.6,3.5,3.4,68,0.78
2021,Reggie Bullock,NYK,SF,30.0,10.9,1.5,3.4,65,0.527
2021,Alec Burks,NYK,SG,25.6,12.7,2.2,4.6,49,0.762
2021,Jimmy Butler,MIA,SF,33.6,21.5,7.1,6.9,52,1.057
2021,Kentavious Caldwell-Pope,LAL,SG,28.4,9.7,1.9,2.7,67,0.504
2021,Facundo Campazzo,DEN,PG,21.9,6.1,3.6,2.1,65,0.539
2021,Clint Capela,ATL,C,30.1,15.2,0.8,14.3,63,1.007
2021,Wendell Carter Jr.,2TM,C,25.5,11.2,1.9,8.2,54,0.835
2021,Alex Caruso,LAL,PG,21.0,6.4,2.8,2.9,58,0.576
2021,Brandon Clarke,MEM,PF,24.0,10.3,1.6,5.6,59,0.729
2021,Jordan Clarkson,UTA,SG,26.7,18.4,2.5,4.0,68,0.933
2021,John Collins,ATL,PF,29.3,17.6,1.2,7.4,63,0.894
2021,Mike Conley,UTA,PG,29.4,16.2,6.0,3.5,51,0.874
2021,Pat Connaughton,MIL,SG,22.8,6.8,1.2,4.8,69,0.561
2021,Robert Covington,POR,PF,32.0,8.5,1.7,6.7,70,0.528
2021,Jae Crowder,PHO,PF,27.5,10.1,2.1,4.7,60,0.615
2021,Seth Curry,PHI,SG,28.7,12.5,2.7,2.4,57,0.613
2021,Stephen Curry,GSW,PG,34.2,32.0,5.8,5.5,63,1.266
2021,DeMar DeRozan,SAS,PF,33.7,21.6,6.9,4.2,61,0.97
2021,Hamidou Diallo,2TM,SF,23.6,11.6,1.9,5.2,52,0.792
2021,Donte DiVincenzo,MIL,SG,27.5,10.4,3.1,5.8,66,0.702
2021,Luka Dončić,DAL,PG,34.3,27.7,8.6,8.0,66,1.292
2021,Luguentz Dort,OKC,SG,29.7,14.0,1.7,3.6,52,0.65
2021,PJ Dozier,DEN,SG,21.8,7.7,1.8,3.6,50,0.601
2021,Goran Dragić,MIA,PG,26.7,13.4,4.4,3.4,50,0.794
2021,Andre Drummond,2TM,C,27.0,14.9,2.0,12.0,46,1.07
2021,Anthony Edwards,MIN,SG,32.1,19.3,2.9,4.7,72,0.838
2021,Wayne Ellington,DET,SG,22.0,9.6,1.5,1.8,46,0.586
2021,Joel Embiid,PHI,C,31.1,28.5,2.8,10.6,51,1.347
2021,James Ennis III,ORL,SF,24.0,8.4,1.5,4.0,41,0.579
2021,Dorian Finney-Smith,DAL,PF,32.0,9.8,1.7,5.4,60,0.528
2021,Evan Fournier,2TM,SF,30.0,17.1,3.4,3.0,42,0.783
2021,De'Aaron Fox,SAC,PG,35.1,25.2,7.2,3.5,58,1.023
2021,Danilo Gallinari,ATL,PF,24.0,13.3,1.5,4.1,51,0.788
2021,Darius Garland,CLE,PG,33.1,17.4,6.1,2.4,54,0.782
2021,Rudy Gay,SAS,PF,21.6,11.4,1.4,4.8,63,0.815
2021,Paul George,LAC,SF,33.7,23.3,5.2,6.6,54,1.042
2021,Taj Gibson,NYK,C,20.8,5.4,0.8,5.6,45,0.567
2021,Rudy Gobert,UTA,C,30.8,14.3,1.3,13.5,71,0.945
2021,Aaron Gordon,2TM,PF,27.7,12.4,3.2,5.7,50,0.769
2021,Devonte' Graham,CHO,PG,30.2,14.8,5.4,2.7,55,0.758
2021,Jerami Grant,DET,SF,33.9,22.3,2.8,4.6,54,0.876
2021,Danny Green,PHI,SF,28.0,9.5,1.7,3.8,69,0.536
2021,Draymond Green,GSW,PF,31.5,7.0,8.9,7.1,63,0.73
2021,Jeff Green,BRK,PF,27.0,11.0,1.6,3.9,68,0.611
2021,Blake Griffin,2TM,PF,25.8,11.0,3.0,4.9,46,0.733
2021,Rui Hachimura,WAS,PF,31.5,13.8,1.4,5.5,57,0.657
2021,Tyrese Haliburton,SAC,PG,30.1,13.0,5.3,3.0,58,0.708
2021,Tim Hardaway Jr.,DAL,SG,28.4,16.6,1.8,3.3,70,0.764
2021,James Harden,2TM,PG,36.6,24.6,10.8,7.9,44,1.183
2021,Montrezl Harrell,LAL,C,22.9,13.5,1.1,6.2,69,0.908
2021,Joe Harris,BRK,SF,31.0,14.1,1.9,3.6,69,0.632
2021,Tobias Harris,PHI,PF,32.5,19.5,3.5,6.8,62,0.917
2021,Josh Hart,NOP,SF,28.7,9.2,2.3,8.0,47,0.679
2021,Gordon Hayward,CHO,SF,34.0,19.6,4.1,5.9,44,0.871
2021,Tyler Herro,MIA,SG,30.3,15.1,3.4,5.0,54,0.776
2021,Buddy Hield,SAC,SG,34.3,16.6,3.6,4.7,71,0.726
2021,Solomon Hill,ATL,PF,21.3,4.5,1.1,3.0,71,0.404
2021,Jrue Holiday,MIL,PG,32.3,17.7,6.1,4.5,59,0.876
2021,Justin Holiday,IND,SG,30.3,10.5,1.7,3.6,72,0.521
2021,Richaun Holmes,SAC,C,29.2,14.2,1.7,8.3,61,0.829
2021,Talen Horton-Tucker,LAL,SG,20.1,9.0,2.8,2.6,65,0.716
2021,Kevin Huerter,ATL,SG,30.8,11.9,3.5,3.3,69,0.607
2021,Serge Ibaka,LAC,C,23.3,11.1,1.8,6.7,41,0.841
2021,Andre Iguodala,MIA,SF,21.3,4.4,2.3,3.5,63,0.479
2021,Joe Ingles,UTA,SF,27.9,12.1,4.7,3.6,67,0.731
2021,Brandon Ingram,NOP,SF,34.3,23.8,4.9,4.9,61,0.98
2021,Kyrie Irving,BRK,PG,34.9,26.9,6.0,4.8,54,1.08
2021,Josh Jackson,DET,SG,25.2,13.4,2.3,4.1,62,0.786
2021,Reggie Jackson,LAC,SG,23.0,10.7,3.1,2.9,67,0.726
2021,LeBron James,LAL,PG,33.4,25.0,7.8,7.7,45,1.213
2021,Cameron Johnson,PHO,PF,24.0,9.6,1.4,3.3,60,0.596
2021,James Johnson,2TM,PF,20.5,7.2,1.9,3.5,51,0.615
2021,Keldon Johnson,SAS,SF,28.5,12.8,1.8,6.0,69,0.723
2021,Nikola Jokić,DEN,C,34.6,26.4,8.3,10.8,72,1.315
2021,Derrick Jones Jr.,POR,SF,22.7,6.8,0.8,3.5,58,0.489
2021,DeAndre Jordan,BRK,C,21.9,7.5,1.6,7.5,57,0.758
2021,Cory Joseph,2TM,PG,23.0,8.2,3.4,2.5,63,0.613
2021,Cory Joseph,SAC,PG,21.5,6.6,2.5,2.3,44,0.53
2021,Enes Freedom,POR,C,24.4,11.2,1.2,11.0,72,0.959
2021,Maxi Kleber,DAL,PF,26.8,7.1,1.4,5.2,50,0.511
2021,Kyle Kuzma,LAL,SF,28.7,12.9,1.9,6.1,68,0.728
2021,Zach LaVine,CHI,SG,35.1,27.4,4.9,5.0,58,1.063
2021,Kawhi Leonard,LAC,SF,34.1,24.8,5.2,6.5,52,1.07
2021,Caris LeVert,2TM,SG,31.6,20.2,5.2,4.6,47,0.949
2021,Damian Lillard,POR,PG,35.8,28.8,7.5,4.2,67,1.131
2021,Brook Lopez,MIL,C,27.2,12.3,0.7,5.0,70,0.662
2021,Kyle Lowry,TOR,PG,34.8,17.2,7.3,5.4,46,0.859
2021,Théo Maledon,OKC,PG,27.4,10.1,3.5,3.2,65,0.613
2021,Lauri Markkanen,CHI,PF,25.8,13.6,0.9,5.3,51,0.767
2021,KJ Martin,HOU,SF,23.7,9.3,1.1,5.4,45,0.667
2021,CJ McCollum,POR,SG,34.0,23.1,4.7,3.9,47,0.932
2021,T.J. McConnell,IND,PG,26.0,8.6,6.6,3.7,69,0.727
2021,Jaden McDaniels,MIN,PF,24.0,6.8,1.1,3.7,63,0.483
2021,Doug McDermott,IND,PF,24.5,13.6,1.3,3.3,66,0.743
2021,De'Anthony Melton,MEM,PG,20.1,9.1,2.5,3.1,52,0.731
2021,Khris Middleton,MIL,SF,33.4,20.4,5.4,6.0,68,0.952
2021,Paul Millsap,DEN,PF,20.8,9.0,1.8,4.7,56,0.745
2021,Patty Mills,SAS,PG,24.8,10.8,2.4,1.7,68,0.601
2021,Shake Milton,PHI,SG,23.2,13.0,3.1,2.3,63,0.793
2021,Donovan Mitchell,UTA,PG,33.4,26.4,5.2,4.4,53,1.078
2021,Malik Monk,CHO,SG,20.9,11.7,2.1,2.4,42,0.775
2021,Ja Morant,MEM,PG,32.6,19.1,7.4,4.0,63,0.936
2021,Marcus Morris,LAC,PF,26.4,13.4,1.0,4.1,57,0.701
2021,Monte Morris,DEN,PG,25.4,10.2,3.2,2.0,47,0.606
2021,Dejounte Murray,SAS,PG,31.9,15.7,5.4,7.1,67,0.884
2021,Jamal Murray,DEN,PG,35.5,21.2,4.8,4.0,48,0.845
2021,Svi Mykhailiuk,2TM,SF,20.1,8.5,1.7,2.5,66,0.632
2021,Raul Neto,WAS,PG,21.9,8.7,2.3,2.4,64,0.612
2021,Nerlens Noel,NYK,C,24.2,5.1,0.7,6.4,64,0.504
2021,Kendrick Nunn,MIA,PG,29.5,14.6,2.6,3.2,56,0.692
2021,Chuma Okeke,ORL,PF,25.2,7.8,2.2,4.0,45,0.556
2021,Josh Okogie,MIN,SG,20.3,5.4,1.1,2.6,59,0.448
2021,Isaac Okoro,CLE,SG,32.4,9.6,1.9,3.1,67,0.451
2021,Kelly Olynyk,2TM,PF,28.5,13.5,2.9,7.0,70,0.821
2021,Kelly Olynyk,MIA,C,26.9,10.0,2.1,6.1,43,0.677
2021,Royce O'Neale,UTA,SF,31.6,7.0,2.5,6.8,71,0.516
2021,Cedi Osman,CLE,SF,25.6,10.4,2.9,3.4,59,0.652
2021,Kelly Oubre Jr.,GSW,SF,30.7,15.4,1.3,6.0,55,0.739
2021,Chris Paul,PHO,PG,31.4,16.4,8.9,4.5,70,0.949
2021,Elfrid Payton,NYK,PG,23.6,10.1,3.2,3.4,63,0.708
2021,Mason Plumlee,DET,C,26.8,10.4,3.6,9.3,56,0.869
2021,Jakob Poeltl,SAS,C,26.7,8.6,1.9,7.9,69,0.689
2021,Aleksej Pokusevski,OKC,PF,24.2,8.2,2.2,4.7,45,0.624
2021,Michael Porter Jr.,DEN,SF,31.3,19.0,1.1,7.3,61,0.875
2021,Bobby Portis,MIL,C,20.8,11.4,1.1,7.1,66,0.942
2021,Kristaps Porziņģis,DAL,C,30.9,20.1,1.6,8.9,43,0.99
2021,Norman Powell,2TM,SF,32.0,18.6,1.9,3.1,69,0.738
2021,Norman Powell,TOR,SG,30.4,19.6,1.8,3.0,42,0.803
2021,Taurean Prince,2TM,PF,22.1,9.5,1.9,3.5,41,0.674
2021,Chasson Randle,ORL,PG,20.4,6.5,1.8,2.0,41,0.505
2021,Julius Randle,NYK,PF,37.6,24.1,6.0,10.2,71,1.072
2021,Josh Richardson,DAL,SG,30.3,12.1,2.6,3.3,59,0.594
2021,Duncan Robinson,MIA,SF,31.4,13.1,1.8,3.5,72,0.586
2021,Isaiah Roby,OKC,PF,23.4,8.7,1.8,5.6,61,0.688
2021,Derrick Rose,2TM,PG,25.6,14.7,4.2,2.6,50,0.84
2021,Terrence Ross,ORL,SG,29.3,15.6,2.3,3.4,46,0.727
2021,Terry Rozier,CHO,SG,34.5,20.4,4.2,4.4,69,0.841
2021,Ricky Rubio,MIN,PG,26.1,8.6,6.4,3.3,68,0.701
2021,D'Angelo Russell,MIN,PG,28.5,19.0,5.8,2.6,42,0.961
2021,Domantas Sabonis,IND,PF,36.0,20.3,6.7,12.0,62,1.083
2021,Tomáš Satoranský,CHI,SG,22.5,7.7,4.7,2.4,58,0.658
2021,Dennis Schröder,LAL,SG,32.1,15.4,5.8,3.5,61,0.769
2021,Collin Sexton,CLE,SG,35.3,24.3,4.4,3.1,60,0.901
2021,Landry Shamet,BRK,SG,23.0,9.3,1.6,1.8,61,0.552
2021,Pascal Siakam,TOR,PF,35.8,21.4,4.5,7.2,56,0.925
2021,Ben Simmons,PHI,PG,32.4,14.3,6.9,7.2,58,0.877
2021,Marcus Smart,BOS,PG,32.9,13.1,5.7,3.5,48,0.678
2021,Ish Smith,WAS,PG,21.0,6.7,3.9,3.4,44,0.667
2021,Tony Snell,ATL,SG,21.1,5.3,1.3,2.4,47,0.427
2021,Isaiah Stewart,DET,C,21.4,7.9,0.9,6.7,68,0.724
2021,Jae'Sean Tate,HOU,SF,29.2,11.3,2.5,5.3,70,0.654
2021,Jayson Tatum,BOS,SF,35.8,26.4,4.3,7.4,64,1.064
2021,Garrett Temple,CHI,SG,27.3,7.6,2.2,2.9,56,0.465
2021,Daniel Theis,2TM,C,24.6,9.6,1.7,5.5,65,0.683
2021,Daniel Theis,BOS,C,24.5,9.5,1.6,5.2,42,0.665
2021,Tristan Thompson,BOS,C,23.8,7.6,1.2,8.1,54,0.71
2021,Matisse Thybulle,PHI,SG,20.0,3.9,1.0,1.9,65,0.34
2021,Juan Toscano-Anderson,GSW,SG,20.9,5.7,2.8,4.4,53,0.617
2021,Karl-Anthony Towns,MIN,C,33.8,24.8,4.5,10.6,50,1.18
2021,Gary Trent Jr.,2TM,SG,31.1,15.3,1.4,2.6,58,0.621
2021,Gary Trent Jr.,POR,SG,30.8,15.0,1.4,2.2,41,0.604
2021,P.J. Tucker,2TM,PF,26.1,3.7,1.2,3.9,52,0.337
2021,Myles Turner,IND,C,31.0,12.6,1.0,6.5,47,0.648
2021,Jonas Valančiūnas,MEM,C,28.3,17.1,1.8,12.5,62,1.11
2021,Fred VanVleet,TOR,SG,36.5,19.6,6.3,4.2,52,0.825
2021,Nikola Vučević,2TM,C,33.5,23.4,3.8,11.7,70,1.161
2021,Nikola Vučević,ORL,C,34.1,24.5,3.8,11.8,44,1.176
2021,Kemba Walker,BOS,PG,31.8,19.3,4.9,4.0,43,0.887
2021,Lonnie Walker IV,SAS,SG,25.4,11.2,1.7,2.6,60,0.61
2021,John Wall,HOU,PG,32.2,20.6,6.9,3.2,40,0.953
2021,P.J. Washington,CHO,PF,30.5,12.9,2.5,6.5,64,0.718
2021,Russell Westbrook,WAS,PG,36.4,22.2,11.7,11.5,65,1.247
2021,Coby White,CHI,PG,31.2,15.1,4.8,4.1,69,0.769
2021,Andrew Wiggins,GSW,PF,33.3,18.6,2.4,4.9,71,0.778
2021,Kenrich Williams,OKC,PF,21.6,8.0,2.3,4.1,66,0.667
2021,Lou Williams,2TM,PG,21.6,11.3,3.4,2.1,66,0.778
2021,Lou Williams,LAC,PG,21.9,12.1,3.4,2.1,42,0.804
2021,Patrick Williams,CHI,PF,27.9,9.2,1.4,4.6,71,0.545
2021,Zion Williamson,NOP,PF,33.2,27.0,3.7,7.2,61,1.142
2021,Christian Wood,HOU,C,32.3,21.0,1.7,9.6,41,1.0
2021,Delon Wright,2TM,PG,27.7,10.2,4.4,4.3,63,0.682
2021,Thaddeus Young,CHI,PF,24.3,12.1,4.3,6.2,68,0.93
2021,Trae Young,ATL,PG,33.7,25.3,9.4,3.9,63,1.145
2021,Cody Zeller,CHO,C,20.9,9.4,1.8,6.8,48,0.861
2021,Ivica Zubac,LAC,C,22.3,9.0,1.3,7.2,72,0.785
2020,Steven Adams,OKC,C,26.7,10.9,2.3,9.3,63,0.843
2020,Bam Adebayo,MIA,PF,33.6,15.9,5.1,10.2,72,0.929
2020,LaMarcus Aldridge,SAS,C,33.1,18.9,2.4,7.4,53,0.867
2020,Jarrett Allen,BRK,C,26.5,11.1,1.6,9.6,70,0.842
2020,Giannis Antetokounmpo,MIL,PF,30.4,29.5,5.6,13.6,63,1.602
2020,Carmelo Anthony,POR,PF,32.8,15.4,1.5,6.3,58,0.707
2020,OG Anunoby,TOR,SF,29.9,10.6,1.6,5.3,69,0.585
2020,Trevor Ariza,2TM,SF,28.2,8.0,1.7,4.6,53,0.507
2020,D.J. Augustin,ORL,PG,24.9,10.5,4.6,2.1,57,0.691
2020,Lonzo Ball,NOP,PG,32.1,11.8,7.0,6.1,63,0.776
2020,Harrison Barnes,SAC,PF,34.5,14.5,2.2,4.9,72,0.626
2020,RJ Barrett,NYK,SG,30.4,14.3,2.6,5.0,56,0.72
2020,Will Barton,DEN,SF,33.0,15.1,3.7,6.3,58,0.761
2020,Aron Baynes,PHO,C,22.2,11.5,1.6,5.6,42,0.842
2020,Kent Bazemore,2TM,SF,24.8,8.8,1.4,4.3,68,0.585
2020,Kent Bazemore,POR,SF,25.8,7.9,1.4,4.0,43,0.516
2020,Bradley Beal,WAS,SG,36.0,30.5,6.1,4.2,57,1.133
2020,Malik Beasley,2TM,SG,22.0,11.2,1.4,2.7,55,0.695
2020,DeAndre' Bembry,ATL,SG,21.3,5.8,1.9,3.5,43,0.526
2020,Dāvis Bertāns,WAS,PF,29.3,15.4,1.7,4.5,54,0.737
2020,Patrick Beverley,LAC,PG,26.3,7.9,3.6,5.2,51,0.635
2020,Nemanja Bjelica,SAC,PF,27.9,11.5,2.8,6.4,72,0.742
2020,Eric Bledsoe,MIL,PG,27.0,14.9,5.4,4.6,61,0.922
2020,Bogdan Bogdanović,SAC,SG,29.0,15.1,3.4,3.4,61,0.755
2020,Bojan Bogdanović,UTA,SF,33.1,20.2,2.1,4.1,63,0.798
2020,Devin Booker,PHO,SG,35.9,26.6,6.5,4.2,70,1.039
2020,Ky Bowman,GSW,PG,22.6,7.4,2.9,2.7,45,0.575
2020,Avery Bradley,LAL,SG,24.2,8.6,1.3,2.3,49,0.504
2020,Mikal Bridges,PHO,SF,28.0,9.1,1.8,4.0,73,0.532
2020,Miles Bridges,CHO,SF,30.7,13.0,1.8,5.6,65,0.664
2020,Malcolm Brogdon,IND,PG,30.9,16.5,7.1,4.9,54,0.922
2020,Dillon Brooks,MEM,SG,28.9,16.2,2.1,3.3,73,0.747
2020,Bruce Brown,DET,PG,28.2,8.9,4.0,4.7,58,0.624
2020,Jaylen Brown,BOS,SG,33.9,20.3,2.1,6.4,57,0.85
2020,Troy Brown Jr.,WAS,SF,25.8,10.4,2.6,5.6,69,0.721
2020,Thomas Bryant,WAS,C,24.9,13.2,1.8,7.2,46,0.892
2020,Alec Burks,2TM,SF,26.6,15.0,2.9,4.3,66,0.835
2020,Alec Burks,GSW,SF,29.0,16.1,3.1,4.7,48,0.824
2020,Jimmy Butler,MIA,SF,33.8,19.9,6.0,6.7,58,0.964
2020,Kentavious Caldwell-Pope,LAL,SG,25.5,9.3,1.6,2.1,69,0.51
2020,Wendell Carter Jr.,CHI,C,29.2,11.3,1.2,9.4,43,0.75
2020,Willie Cauley-Stein,2TM,C,20.3,7.2,1.3,5.8,54,0.704
2020,Willie Cauley-Stein,GSW,C,22.9,7.9,1.5,6.2,41,0.681
2020,Marquese Chriss,GSW,PF,20.3,9.3,1.9,6.2,59,0.857
2020,Brandon Clarke,MEM,PF,22.4,12.1,1.4,5.9,58,0.866
2020,Jordan Clarkson,2TM,SG,24.0,15.2,1.9,2.6,71,0.821
2020,Jordan Clarkson,UTA,SG,24.7,15.6,1.6,2.8,42,0.81
2020,John Collins,ATL,PF,33.2,21.6,1.5,10.1,41,1.0
2020,Mike Conley,UTA,PG,29.0,14.4,4.4,3.2,47,0.759
2020,Robert Covington,2TM,C,30.5,12.4,1.3,6.6,70,0.666
2020,Robert Covington,MIN,PF,29.4,12.8,1.2,6.0,48,0.68
2020,Jae Crowder,2TM,SF,28.8,10.5,2.5,5.9,65,0.656
2020,Jae Crowder,MEM,SF,29.4,9.9,2.8,6.2,45,0.643
2020,Jarrett Culver,MIN,SG,23.9,9.2,1.7,3.4,63,0.598
2020,Seth Curry,DAL,SG,24.6,12.4,1.9,2.3,64,0.675
2020,Anthony Davis,LAL,PF,34.4,26.1,3.2,9.3,62,1.122
2020,DeMar DeRozan,SAS,SF,34.1,22.1,5.6,5.5,68,0.974
2020,Spencer Dinwiddie,BRK,PG,31.2,20.6,6.8,3.5,64,0.99
2020,Donte DiVincenzo,MIL,SG,23.0,9.2,2.3,4.8,66,0.709
2020,Luka Dončić,DAL,PG,33.6,28.8,8.8,9.4,61,1.399
2020,Goran Dragić,MIA,PG,28.2,16.2,5.1,3.2,59,0.869
2020,Andre Drummond,2TM,C,33.0,17.7,2.7,15.2,57,1.079
2020,Andre Drummond,DET,C,33.8,17.8,2.8,15.8,49,1.077
2020,Kris Dunn,CHI,PG,24.9,7.3,3.4,3.6,51,0.574
2020,Joel Embiid,PHI,C,29.5,23.0,3.0,11.6,51,1.275
2020,Derrick Favors,NOP,C,24.4,9.0,1.6,9.8,51,0.836
2020,Terrance Ferguson,OKC,SF,22.4,3.9,0.9,1.3,56,0.272
2020,Dorian Finney-Smith,DAL,PF,29.9,9.5,1.6,5.7,71,0.562
2020,Bryn Forbes,SAS,SG,25.1,11.2,1.7,2.0,63,0.594
2020,Evan Fournier,ORL,SF,31.5,18.5,3.2,2.6,66,0.771
2020,De'Aaron Fox,SAC,PG,32.0,21.1,6.8,3.8,51,0.991
2020,Markelle Fultz,ORL,PG,27.7,12.1,5.1,3.3,72,0.74
2020,Danilo Gallinari,OKC,PF,29.6,18.7,1.9,5.2,62,0.872
2020,Langston Galloway,DET,SG,25.8,10.3,1.5,2.3,66,0.547
2020,Darius Garland,CLE,SG,30.9,12.3,3.9,1.9,59,0.586
2020,Marc Gasol,TOR,C,26.4,7.5,3.3,6.3,44,0.648
2020,Rudy Gay,SAS,PF,21.8,10.8,1.7,5.4,67,0.821
2020,Paul George,LAC,SF,29.6,21.5,3.9,5.7,48,1.051
2020,Shai Gilgeous-Alexander,OKC,SG,34.7,19.0,3.3,5.9,70,0.813
2020,Rudy Gobert,UTA,C,34.3,15.1,1.5,13.5,68,0.878
2020,Aaron Gordon,ORL,PF,32.5,14.4,3.7,7.7,62,0.794
2020,Devonte' Graham,CHO,PG,35.1,18.2,7.5,3.4,63,0.829
2020,Jerami Grant,DEN,PF,26.6,12.0,1.2,3.5,71,0.628
2020,Danny Green,LAL,SG,24.8,8.0,1.3,3.3,68,0.508
2020,Draymond Green,GSW,PF,28.4,8.0,6.2,6.2,43,0.718
2020,JaMychal Green,LAC,PF,20.7,6.8,0.8,6.2,63,0.667
2020,Jeff Green,2TM,C,20.0,9.4,1.0,2.8,48,0.66
2020,Rui Hachimura,WAS,PF,30.1,13.5,1.8,6.1,48,0.711
2020,Tim Hardaway Jr.,DAL,SG,29.5,15.8,1.9,3.3,71,0.712
2020,James Harden,HOU,SG,36.5,34.3,7.5,6.6,68,1.326
2020,Maurice Harkless,2TM,PF,23.0,5.8,1.1,3.9,62,0.47
2020,Maurice Harkless,LAC,PF,22.8,5.5,1.0,4.0,50,0.461
2020,Montrezl Harrell,LAC,C,27.8,18.6,1.7,7.1,63,0.986
2020,Gary Harris,DEN,SG,31.8,10.4,2.1,2.9,56,0.484
2020,Joe Harris,BRK,SF,30.8,14.5,2.1,4.3,69,0.679
2020,Tobias Harris,PHI,PF,34.3,19.6,3.2,6.9,72,0.866
2020,Josh Hart,NOP,SF,27.0,10.1,1.7,6.5,65,0.678
2020,Gordon Hayward,BOS,SF,33.5,17.5,4.1,6.7,52,0.845
2020,Tyler Herro,MIA,SG,27.4,13.5,2.2,4.1,55,0.723
2020,Buddy Hield,SAC,SG,30.8,19.2,3.0,4.6,72,0.87
2020,George Hill,MIL,PG,21.5,9.4,3.1,3.0,59,0.721
2020,Aaron Holiday,IND,PG,24.5,9.5,3.4,2.4,66,0.624
2020,Jrue Holiday,NOP,SG,34.7,19.1,6.7,4.8,61,0.882
2020,Justin Holiday,IND,SF,25.0,8.3,1.3,3.3,73,0.516
2020,Richaun Holmes,SAC,C,28.2,12.3,1.0,8.1,44,0.759
2020,Al Horford,PHI,C,30.2,11.9,4.0,6.8,67,0.752
2020,Danuel House Jr.,HOU,SF,30.4,10.5,1.3,4.2,63,0.526
2020,Kevin Huerter,ATL,SG,31.4,12.2,3.8,4.1,56,0.64
2020,De'Andre Hunter,ATL,SF,32.0,12.3,1.8,4.5,63,0.581
2020,Serge Ibaka,TOR,C,27.0,15.4,1.4,8.2,55,0.926
2020,Joe Ingles,UTA,PF,29.7,9.8,5.2,3.9,72,0.636
2020,Brandon Ingram,NOP,PF,33.9,23.8,4.2,6.1,62,1.006
2020,Jaren Jackson Jr.,MEM,C,28.5,17.4,1.4,4.6,57,0.821
2020,LeBron James,LAL,PG,34.6,25.3,10.2,7.8,67,1.251
2020,Cameron Johnson,PHO,PF,22.0,8.8,1.2,3.3,57,0.605
2020,Nikola Jokić,DEN,C,32.0,19.9,7.0,9.7,73,1.144
2020,Derrick Jones Jr.,MIA,SF,23.3,8.5,1.1,3.9,59,0.579
2020,DeAndre Jordan,BRK,C,22.0,8.3,1.9,10.0,56,0.918
2020,Cory Joseph,SAC,PG,24.4,6.4,3.5,2.6,72,0.512
2020,Maxi Kleber,DAL,PF,25.5,9.1,1.2,5.2,74,0.608
2020,Furkan Korkmaz,PHI,SG,21.7,9.8,1.1,2.3,72,0.608
2020,Kyle Kuzma,LAL,PF,25.0,12.8,1.3,4.5,61,0.744
2020,Jeremy Lamb,IND,SG,28.1,12.5,2.1,4.3,46,0.673
2020,Zach LaVine,CHI,SF,34.8,25.5,4.2,4.8,60,0.991
2020,Damion Lee,GSW,SG,29.0,12.7,2.7,4.9,49,0.7
2020,Kawhi Leonard,LAC,SF,32.4,27.1,4.9,7.1,57,1.207
2020,Meyers Leonard,MIA,C,20.3,6.1,1.1,5.1,51,0.606
2020,Caris LeVert,BRK,SG,29.6,18.7,4.4,4.2,45,0.922
2020,Damian Lillard,POR,PG,37.5,30.0,8.0,4.3,66,1.128
2020,Brook Lopez,MIL,C,26.7,12.0,1.5,4.6,68,0.678
2020,Kevin Love,CLE,PF,31.8,17.6,3.2,9.8,56,0.962
2020,Kyle Lowry,TOR,PG,36.2,19.4,7.5,5.0,58,0.881
2020,Trey Lyles,SAS,PF,20.2,6.4,1.1,5.7,63,0.653
2020,Lauri Markkanen,CHI,PF,29.8,14.7,1.5,6.3,50,0.755
2020,Wesley Matthews,MIL,SG,24.4,7.4,1.4,2.5,67,0.463
2020,CJ McCollum,POR,SG,36.5,22.2,4.4,4.2,70,0.844
2020,Ben McLemore,HOU,SF,22.8,10.1,0.8,2.2,71,0.575
2020,Khris Middleton,MIL,SF,29.9,20.9,4.3,6.2,62,1.05
2020,Paul Millsap,DEN,PF,24.3,11.6,1.6,5.7,51,0.778
2020,Patty Mills,SAS,PG,22.5,11.6,1.8,1.6,66,0.667
2020,Shake Milton,PHI,SG,20.1,9.4,2.6,2.2,40,0.706
2020,Donovan Mitchell,UTA,SG,34.3,24.0,4.3,4.4,69,0.953
2020,Malik Monk,CHO,SG,21.3,10.3,2.1,2.9,55,0.718
2020,Ja Morant,MEM,PG,31.0,17.8,7.3,3.9,67,0.935
2020,Markieff Morris,2TM,PF,20.5,9.7,1.3,3.8,58,0.722
2020,Markieff Morris,DET,PF,22.5,11.0,1.6,3.9,44,0.733
2020,Marcus Morris,2TM,PF,31.2,16.7,1.4,5.0,62,0.74
2020,Marcus Morris,NYK,SF,32.3,19.6,1.4,5.4,43,0.817
2020,Monte Morris,DEN,PG,22.4,9.0,3.5,1.9,73,0.643
2020,Dejounte Murray,SAS,PG,25.6,10.9,4.1,5.8,66,0.812
2020,Jamal Murray,DEN,PG,32.3,18.5,4.8,4.0,59,0.845
2020,Svi Mykhailiuk,DET,SF,22.6,9.0,1.9,1.9,56,0.566
2020,Larry Nance Jr.,CLE,PF,26.3,10.1,2.2,7.3,56,0.745
2020,Shabazz Napier,2TM,PG,24.0,10.3,4.7,2.8,56,0.742
2020,Frank Ntilikina,NYK,PG,20.8,6.3,3.0,2.1,57,0.548
2020,Kendrick Nunn,MIA,PG,29.3,15.3,3.3,2.7,67,0.727
2020,Josh Okogie,MIN,SG,25.0,8.6,1.6,4.3,62,0.58
2020,Royce O'Neale,UTA,SF,28.9,6.3,2.5,5.5,71,0.495
2020,Cedi Osman,CLE,SF,29.4,11.0,2.4,3.6,65,0.578
2020,Kelly Oubre Jr.,PHO,SF,34.5,18.7,1.5,6.4,56,0.771
2020,Eric Paschall,GSW,PF,27.6,14.0,2.1,4.6,60,0.75
2020,Chris Paul,OKC,PG,31.5,17.6,6.7,5.0,70,0.93
2020,Elfrid Payton,NYK,PG,27.7,10.0,7.2,4.7,45,0.791
2020,Jordan Poole,GSW,SG,22.4,8.8,2.4,2.1,57,0.594
2020,Kevin Porter Jr.,CLE,SF,23.2,10.0,2.2,3.2,50,0.664
2020,Bobby Portis,NYK,PF,21.1,10.1,1.5,5.1,66,0.791
2020,Kristaps Porziņģis,DAL,C,31.8,20.4,1.8,9.5,57,0.997
2020,Dwight Powell,DAL,C,26.5,9.4,1.5,5.7,40,0.626
2020,Norman Powell,TOR,SG,28.4,16.0,1.8,3.7,52,0.757
2020,Taurean Prince,BRK,PF,29.0,12.1,1.8,6.0,64,0.686
2020,Julius Randle,NYK,PF,32.5,19.5,3.1,9.7,64,0.994
2020,Cam Reddish,ATL,SF,26.7,10.5,1.5,3.7,58,0.588
2020,JJ Redick,NOP,SG,26.4,15.3,2.0,2.5,60,0.75
2020,Josh Richardson,PHI,SG,30.8,13.7,2.9,3.2,55,0.643
2020,Austin Rivers,HOU,SG,23.4,8.8,1.7,2.6,68,0.56
2020,Duncan Robinson,MIA,SG,29.7,13.5,1.4,3.2,73,0.609
2020,Glenn Robinson III,2TM,SF,28.8,11.7,1.5,4.4,62,0.611
2020,Glenn Robinson III,GSW,SF,31.6,12.9,1.8,4.7,48,0.614
2020,Mitchell Robinson,NYK,C,23.1,9.7,0.6,7.0,61,0.749
2020,Rajon Rondo,LAL,PG,20.5,7.1,5.0,3.0,48,0.737
2020,Derrick Rose,DET,PG,26.0,18.1,5.6,2.4,50,1.004
2020,Terrence Ross,ORL,SG,27.4,14.7,1.2,3.2,69,0.697
2020,Terry Rozier,CHO,PG,34.3,18.0,4.1,4.4,63,0.773
2020,Ricky Rubio,PHO,PG,31.0,13.0,8.8,4.7,65,0.855
2020,D'Angelo Russell,2TM,PG,32.3,23.1,6.3,3.9,45,1.031
2020,Domantas Sabonis,IND,PF,34.8,18.5,5.0,12.4,62,1.032
2020,Dario Šarić,PHO,PF,24.7,10.7,1.9,6.2,66,0.761
2020,Tomáš Satoranský,CHI,SG,28.9,9.9,5.4,3.9,65,0.664
2020,Dennis Schröder,OKC,PG,30.8,18.9,4.0,3.6,65,0.86
2020,Collin Sexton,CLE,PG,33.0,20.8,3.0,3.1,65,0.815
2020,Landry Shamet,LAC,SG,27.4,9.3,1.9,1.9,53,0.478
2020,Pascal Siakam,TOR,PF,35.2,22.9,3.5,7.3,60,0.957
2020,Ben Simmons,PHI,PG,35.4,16.4,8.0,7.8,57,0.91
2020,Anfernee Simons,POR,SG,20.7,8.3,1.4,2.2,70,0.575
2020,Marcus Smart,BOS,SG,32.0,12.9,4.9,3.8,60,0.675
2020,Ish Smith,WAS,PG,26.3,10.9,4.9,3.2,68,0.722
2020,Tony Snell,DET,SF,27.8,8.0,2.2,1.9,59,0.435
2020,Jayson Tatum,BOS,PF,34.3,23.4,3.0,7.0,66,0.974
2020,Jeff Teague,2TM,PG,24.8,10.9,5.2,2.4,59,0.746
2020,Garrett Temple,BRK,SG,27.9,10.3,2.5,3.5,62,0.584
2020,Daniel Theis,BOS,C,24.1,9.2,1.7,6.6,65,0.726
2020,Isaiah Thomas,WAS,PG,23.1,12.2,3.7,1.7,40,0.762
2020,Tristan Thompson,CLE,C,30.2,12.0,2.1,10.1,57,0.801
2020,Gary Trent Jr.,POR,SF,21.8,8.9,1.0,1.6,61,0.528
2020,P.J. Tucker,HOU,PF,34.3,6.9,1.6,6.6,72,0.44
2020,Myles Turner,IND,C,29.5,12.1,1.2,6.6,62,0.675
2020,Jonas Valančiūnas,MEM,C,26.4,14.9,1.9,11.3,70,1.064
2020,Fred VanVleet,TOR,SG,35.7,17.6,6.6,3.8,54,0.784
2020,Nikola Vučević,ORL,C,32.2,19.6,3.6,10.9,62,1.059
2020,Kemba Walker,BOS,PG,31.1,20.4,4.8,3.9,56,0.936
2020,T.J. Warren,IND,SF,32.9,19.8,1.5,4.2,67,0.775
2020,P.J. Washington,CHO,PF,30.3,12.2,2.1,5.4,58,0.65
2020,Russell Westbrook,HOU,PG,35.9,27.2,7.0,7.9,57,1.173
2020,Coby White,CHI,PG,25.8,13.2,2.7,3.5,65,0.752
2020,Derrick White,SAS,SG,24.7,11.3,3.5,3.3,68,0.733
2020,Hassan Whiteside,POR,C,30.0,15.5,1.2,13.5,67,1.007
2020,Andrew Wiggins,2TM,SF,34.4,21.8,3.7,5.1,54,0.89
2020,Andrew Wiggins,MIN,SF,34.6,22.4,3.7,5.2,42,0.905
2020,Lou Williams,LAC,PG,28.7,18.2,5.6,3.1,65,0.937
2020,Christian Wood,DET,PF,21.4,13.1,1.0,6.3,62,0.953
2020,Delon Wright,DAL,PG,21.5,6.9,3.3,3.8,73,0.651
2020,Thaddeus Young,CHI,PF,24.9,10.3,1.8,4.9,64,0.683
2020,Trae Young,ATL,PG,35.3,29.6,9.3,4.3,60,1.224
2020,Cody Zeller,CHO,C,23.1,11.1,1.5,7.1,58,0.853
2019,Steven Adams,OKC,C,33.4,13.9,1.6,9.5,80,0.749
2019,Bam Adebayo,MIA,C,23.3,8.9,2.2,7.3,82,0.79
2019,LaMarcus Aldridge,SAS,C,33.2,21.3,2.4,9.2,81,0.991
2019,Jarrett Allen,BRK,C,26.2,10.9,1.4,8.4,80,0.79
2019,Al-Farouq Aminu,POR,PF,28.3,9.4,1.3,7.5,81,0.643
2019,Kyle Anderson,MEM,SF,29.8,8.0,3.0,5.8,43,0.564
2019,Giannis Antetokounmpo,MIL,PF,32.8,27.7,5.9,12.5,72,1.405
2019,OG Anunoby,TOR,SF,20.2,7.0,0.7,2.9,67,0.525
2019,Ryan Arcidiacono,CHI,PG,24.2,6.7,3.3,2.7,81,0.525
2019,Trevor Ariza,2TM,SF,34.0,12.5,3.7,5.4,69,0.635
2019,Trevor Ariza,WAS,SF,34.1,14.1,3.8,5.3,43,0.68
2019,D.J. Augustin,ORL,PG,28.0,11.7,5.3,2.5,81,0.696
2019,Deandre Ayton,PHO,C,30.7,16.3,1.8,10.3,71,0.925
2019,Marvin Bagley III,SAC,PF,25.3,14.9,1.0,7.6,62,0.929
2019,Lonzo Ball,LAL,PG,30.3,9.9,5.4,5.3,47,0.68
2019,Harrison Barnes,2TM,PF,32.9,16.4,1.5,4.7,77,0.687
2019,Harrison Barnes,DAL,PF,32.3,17.7,1.3,4.2,49,0.718
2019,Will Barton,DEN,SF,27.7,11.5,2.9,4.6,43,0.686
2019,Nicolas Batum,CHO,SF,31.4,9.3,3.3,5.2,75,0.567
2019,Kent Bazemore,ATL,SG,24.5,11.6,2.3,3.9,67,0.727
2019,Bradley Beal,WAS,SG,36.9,25.6,5.5,5.0,82,0.978
2019,Malik Beasley,DEN,SG,23.2,11.3,1.2,2.5,81,0.647
2019,Marco Belinelli,SAS,SG,23.0,10.5,1.7,2.5,79,0.639
2019,DeAndre' Bembry,ATL,SG,23.5,8.4,2.5,4.4,82,0.651
2019,Dāvis Bertāns,SAS,PF,21.5,8.0,1.3,3.5,76,0.595
2019,Patrick Beverley,LAC,PG,27.4,7.6,3.8,5.0,78,0.599
2019,Nemanja Bjelica,SAC,PF,23.2,9.6,1.9,5.8,77,0.746
2019,Eric Bledsoe,MIL,PG,29.1,15.9,5.5,4.6,78,0.893
2019,Bogdan Bogdanović,SAC,SG,27.8,14.1,3.8,3.5,70,0.77
2019,Bojan Bogdanović,IND,SF,31.8,18.0,2.0,4.1,81,0.758
2019,Devin Booker,PHO,SG,35.0,26.6,6.8,4.1,64,1.071
2019,Avery Bradley,2TM,SG,30.2,9.9,2.4,2.8,63,0.5
2019,Avery Bradley,LAC,SG,29.9,8.2,2.0,2.7,49,0.431
2019,Mikal Bridges,PHO,SF,29.5,8.3,2.1,3.2,82,0.461
2019,Miles Bridges,CHO,SF,21.2,7.5,1.2,4.0,80,0.599
2019,Malcolm Brogdon,MIL,SG,28.6,15.6,3.2,4.5,64,0.815
2019,Jaylen Brown,BOS,SG,25.9,13.0,1.4,4.2,74,0.718
2019,Jalen Brunson,DAL,PG,21.8,9.3,3.2,2.3,73,0.679
2019,Thomas Bryant,WAS,C,20.8,10.5,1.3,6.3,72,0.87
2019,Reggie Bullock,2TM,SG,29.8,11.3,2.0,2.7,63,0.537
2019,Reggie Bullock,DET,SG,30.8,12.1,2.5,2.8,44,0.565
2019,Alec Burks,3TM,SG,21.5,8.8,2.0,3.7,64,0.674
2019,Jimmy Butler,2TM,SG,33.6,18.7,4.0,5.3,65,0.833
2019,Jimmy Butler,PHI,SF,33.2,18.2,4.0,5.3,55,0.828
2019,Kentavious Caldwell-Pope,LAL,SG,24.8,11.4,1.3,2.9,82,0.629
2019,Clint Capela,HOU,C,33.6,16.6,1.4,12.7,67,0.914
2019,DeMarre Carroll,BRK,PF,25.4,11.1,1.3,5.2,67,0.693
2019,Wendell Carter Jr.,CHI,C,25.2,10.3,1.8,7.0,44,0.758
2019,Willie Cauley-Stein,SAC,C,27.3,11.9,2.4,8.4,81,0.832
2019,Wilson Chandler,2TM,SF,23.1,6.0,1.6,4.2,51,0.511
2019,Jordan Clarkson,CLE,SG,27.3,16.8,2.4,3.3,81,0.824
2019,Darren Collison,IND,PG,28.2,11.2,6.0,3.1,76,0.72
2019,John Collins,ATL,PF,30.0,19.5,2.0,9.8,61,1.043
2019,Mike Conley,MEM,PG,33.5,21.1,6.4,3.4,70,0.922
2019,Pat Connaughton,MIL,SG,20.7,6.9,2.0,4.2,61,0.633
2019,Allen Crabbe,BRK,SG,26.3,9.6,1.1,3.4,43,0.536
2019,Torrey Craig,DEN,SF,20.0,5.7,1.0,3.5,75,0.51
2019,Jae Crowder,UTA,SF,27.1,11.9,1.7,4.8,80,0.679
2019,Stephen Curry,GSW,PG,33.8,27.3,5.2,5.3,69,1.118
2019,Anthony Davis,NOP,C,33.0,25.9,3.9,12.0,56,1.267
2019,Dewayne Dedmon,ATL,C,25.1,10.8,1.4,7.5,64,0.785
2019,DeMar DeRozan,SAS,SG,34.9,21.2,6.2,6.0,77,0.957
2019,Spencer Dinwiddie,BRK,PG,28.1,16.8,4.6,2.4,68,0.847
2019,Luka Dončić,DAL,SG,32.2,21.2,6.0,7.8,72,1.087
2019,Damyean Dotson,NYK,SG,27.5,10.7,1.8,3.6,73,0.585
2019,Andre Drummond,DET,C,33.5,17.3,1.4,15.6,79,1.024
2019,Jared Dudley,BRK,PF,20.7,4.9,1.4,2.6,59,0.43
2019,Kris Dunn,CHI,PG,30.2,11.3,6.0,4.1,46,0.709
2019,Kevin Durant,GSW,SF,34.6,26.0,5.9,6.4,78,1.107
2019,Wayne Ellington,2TM,SG,24.5,10.3,1.4,2.0,53,0.559
2019,Joel Embiid,PHI,C,33.7,27.5,3.7,13.6,64,1.329
2019,James Ennis III,2TM,SF,21.2,6.7,0.7,3.1,58,0.495
2019,James Ennis III,HOU,SF,23.7,7.4,0.7,2.9,40,0.464
2019,Tyreke Evans,IND,SG,20.3,10.2,2.4,2.9,69,0.764
2019,Derrick Favors,UTA,C,23.2,11.8,1.2,7.4,76,0.879
2019,Terrance Ferguson,OKC,SG,26.1,6.9,1.0,1.9,74,0.375
2019,Dorian Finney-Smith,DAL,SF,24.5,7.5,1.2,4.8,81,0.551
2019,Bryn Forbes,SAS,SG,28.0,11.8,2.1,2.9,82,0.6
2019,Evan Fournier,ORL,SG,31.5,15.1,3.6,3.2,81,0.695
2019,De'Aaron Fox,SAC,PG,31.4,17.3,7.3,3.8,81,0.904
2019,Danilo Gallinari,LAC,SF,30.3,19.8,2.6,6.1,68,0.941
2019,Langston Galloway,DET,SG,21.8,8.4,1.1,2.1,80,0.532
2019,Marc Gasol,2TM,C,30.8,13.6,4.4,7.9,79,0.841
2019,Marc Gasol,MEM,C,33.7,15.7,4.7,8.6,53,0.861
2019,Rudy Gay,SAS,PF,26.7,13.7,2.6,6.8,69,0.865
2019,Paul George,OKC,SF,36.9,28.0,4.1,8.2,77,1.092
2019,Taj Gibson,MIN,PF,24.1,10.8,1.2,6.5,70,0.768
2019,Shai Gilgeous-Alexander,LAC,PG,26.5,10.8,3.3,2.8,82,0.638
2019,Rudy Gobert,UTA,C,31.8,15.9,2.0,12.9,81,0.969
2019,Aaron Gordon,ORL,PF,33.8,16.0,3.7,7.4,78,0.802
2019,Eric Gordon,HOU,SG,31.7,16.2,1.9,2.2,68,0.64
2019,Jerami Grant,OKC,PF,32.7,13.6,1.0,5.2,80,0.606
2019,Danny Green,TOR,SG,27.7,10.3,1.6,4.0,80,0.574
2019,Draymond Green,GSW,PF,31.3,7.4,6.9,7.3,66,0.69
2019,Gerald Green,HOU,SG,20.2,9.2,0.5,2.5,73,0.604
2019,JaMychal Green,2TM,PF,21.1,9.4,0.8,6.3,65,0.782
2019,JaMychal Green,MEM,PF,22.0,9.8,0.9,6.1,41,0.764
2019,Jeff Green,WAS,PF,27.2,12.3,1.8,4.0,77,0.665
2019,Blake Griffin,DET,PF,35.0,24.5,5.4,7.5,75,1.069
2019,Tim Hardaway Jr.,2TM,SG,31.6,18.1,2.4,3.4,65,0.756
2019,Tim Hardaway Jr.,NYK,SG,32.6,19.1,2.7,3.5,46,0.776
2019,James Harden,HOU,PG,36.8,36.1,7.5,6.6,78,1.364
2019,Maurice Harkless,POR,SF,23.6,7.7,1.2,4.5,60,0.568
2019,Montrezl Harrell,LAC,C,26.3,16.6,2.0,6.5,82,0.954
2019,Gary Harris,DEN,SG,28.8,12.9,2.2,2.8,57,0.622
2019,Joe Harris,BRK,SG,30.2,13.7,2.4,3.8,76,0.659
2019,Tobias Harris,2TM,PF,34.7,20.0,2.8,7.9,82,0.885
2019,Tobias Harris,LAC,PF,34.6,20.9,2.7,7.9,55,0.91
2019,Josh Hart,LAL,SG,25.6,7.8,1.4,3.7,67,0.504
2019,Gordon Hayward,BOS,PF,25.9,11.5,3.4,4.5,72,0.749
2019,Mario Hezonja,NYK,SF,20.8,8.8,1.5,4.1,58,0.692
2019,Buddy Hield,SAC,SG,31.9,20.7,2.5,5.0,82,0.884
2019,George Hill,2TM,PG,21.7,7.6,2.3,2.5,60,0.571
2019,George Hill,MIL,PG,20.4,6.8,2.1,2.6,47,0.564
2019,Solomon Hill,NOP,SF,20.0,4.3,1.3,3.0,44,0.43
2019,Jrue Holiday,NOP,SG,35.9,21.2,7.7,5.0,67,0.944
2019,Justin Holiday,2TM,SG,31.8,10.5,1.8,3.9,82,0.509
2019,Justin Holiday,MEM,SG,29.1,9.5,1.4,3.5,44,0.495
2019,Rondae Hollis-Jefferson,BRK,SF,20.9,8.9,1.6,5.3,59,0.756
2019,Rodney Hood,2TM,SG,26.3,11.2,1.8,2.2,72,0.578
2019,Rodney Hood,CLE,SG,27.4,12.2,2.0,2.5,45,0.609
2019,Al Horford,BOS,C,29.0,13.6,4.2,6.7,68,0.845
2019,Kevin Huerter,ATL,SG,27.3,9.7,2.9,3.3,75,0.582
2019,Chandler Hutchison,CHI,SF,20.3,5.2,0.8,4.2,44,0.502
2019,Serge Ibaka,TOR,C,27.2,15.0,1.3,8.1,74,0.897
2019,Andre Iguodala,GSW,SF,23.2,5.7,3.2,3.7,68,0.543
2019,Joe Ingles,UTA,PF,31.3,12.1,5.7,4.0,82,0.696
2019,Brandon Ingram,LAL,SF,33.8,18.3,3.0,5.1,52,0.781
2019,Kyrie Irving,BOS,PG,33.0,23.8,6.9,5.0,67,1.082
2019,Jonathan Isaac,ORL,PF,26.6,9.6,1.1,5.5,75,0.609
2019,Jaren Jackson Jr.,MEM,PF,26.1,13.8,1.1,4.7,58,0.751
2019,Josh Jackson,PHO,SG,25.2,11.5,2.3,4.4,79,0.722
2019,Justin Jackson,SAC,SF,20.8,6.7,1.3,2.8,52,0.519
2019,Reggie Jackson,DET,PG,27.9,15.4,4.2,2.6,82,0.796
2019,LeBron James,LAL,SF,35.2,27.4,8.3,8.5,55,1.256
2019,James Johnson,MIA,PF,21.2,7.8,2.5,3.2,55,0.637
2019,Stanley Johnson,DET,SF,20.0,7.5,1.3,3.6,48,0.62
2019,Tyler Johnson,2TM,PG,26.8,10.9,2.9,3.0,57,0.627
2019,Tyler Johnson,MIA,PG,25.5,10.8,2.5,2.8,44,0.631
2019,Nikola Jokić,DEN,C,31.3,20.1,7.3,10.8,80,1.22
2019,Tyus Jones,MIN,PG,22.9,6.9,4.8,2.0,68,0.598
2019,DeAndre Jordan,2TM,C,29.7,11.0,2.3,13.1,69,0.889
2019,DeAndre Jordan,DAL,C,31.1,11.0,2.0,13.7,50,0.859
2019,Cory Joseph,IND,PG,25.2,6.5,3.9,3.4,82,0.548
2019,Enes Freedom,2TM,C,24.5,13.7,1.7,9.8,67,1.029
2019,Enes Freedom,NYK,C,25.6,14.0,1.9,10.5,44,1.031
2019,Luke Kennard,DET,SG,22.8,9.7,1.8,2.9,63,0.632
2019,Maxi Kleber,DAL,PF,21.2,6.8,1.0,4.6,71,0.585
2019,Kevin Knox,NYK,PF,28.8,12.8,1.1,4.5,75,0.639
2019,Kyle Korver,UTA,SG,20.1,9.1,1.2,2.5,54,0.637
2019,Rodions Kurucs,BRK,SF,20.5,8.5,0.8,3.9,63,0.644
2019,Kyle Kuzma,LAL,PF,33.1,18.7,2.5,5.5,70,0.807
2019,Jeremy Lamb,CHO,SG,28.5,15.3,2.2,5.5,79,0.807
2019,Zach LaVine,CHI,SG,34.5,23.7,4.5,4.7,63,0.954
2019,Alex Len,ATL,C,20.1,11.1,1.1,5.5,77,0.881
2019,Kawhi Leonard,TOR,SF,34.0,26.6,3.3,7.3,60,1.094
2019,Caris LeVert,BRK,SF,26.6,13.7,3.9,3.8,40,0.805
2019,Damian Lillard,POR,PG,35.5,25.8,6.9,4.6,80,1.051
2019,Brook Lopez,MIL,C,28.7,12.5,1.2,4.9,81,0.648
2019,Robin Lopez,CHI,C,21.7,9.5,1.2,3.9,74,0.673
2019,Kyle Lowry,TOR,PG,34.0,14.2,8.7,4.8,65,0.815
2019,Shelvin Mack,2TM,PG,21.9,7.5,3.2,1.8,57,0.571
2019,Shelvin Mack,MEM,PG,22.7,7.9,3.4,1.9,53,0.581
2019,Lauri Markkanen,CHI,PF,32.3,18.7,1.4,9.0,52,0.901
2019,Wesley Matthews,3TM,SF,30.3,12.2,2.3,2.5,69,0.561
2019,Wesley Matthews,DAL,SF,29.8,13.1,2.3,2.3,44,0.594
2019,CJ McCollum,POR,SG,33.9,21.0,3.0,4.0,70,0.826
2019,JaVale McGee,LAL,C,22.3,12.0,0.7,7.5,75,0.906
2019,Rodney McGruder,MIA,SG,23.5,7.6,1.7,3.6,66,0.549
2019,Khris Middleton,MIL,SF,31.1,18.3,4.3,6.0,77,0.92
2019,Darius Miller,NOP,SF,25.5,8.2,2.1,1.9,69,0.478
2019,Paul Millsap,DEN,PF,27.1,12.6,2.0,7.2,70,0.804
2019,Patty Mills,SAS,PG,23.3,9.9,3.0,2.2,82,0.648
2019,Nikola Mirotić,2TM,PF,27.1,15.2,1.2,7.4,46,0.878
2019,Donovan Mitchell,UTA,SG,33.7,23.8,4.2,4.1,77,0.953
2019,E'Twaun Moore,NOP,SG,27.6,11.9,1.9,2.4,53,0.587
2019,Markieff Morris,2TM,PF,21.9,9.4,1.4,4.6,58,0.703
2019,Marcus Morris,BOS,PF,27.9,13.9,1.5,6.1,75,0.771
2019,Monte Morris,DEN,PG,24.0,10.4,3.6,2.4,82,0.683
2019,Emmanuel Mudiay,NYK,PG,27.2,14.8,3.9,3.3,59,0.809
2019,Jamal Murray,DEN,PG,32.6,18.2,4.8,4.2,75,0.834
2019,Mike Muscala,2TM,PF,20.4,7.0,1.2,3.8,64,0.588
2019,Mike Muscala,PHI,PF,22.1,7.4,1.3,4.3,47,0.588
2019,Larry Nance Jr.,CLE,C,26.8,9.4,3.2,8.2,67,0.776
2019,Frank Ntilikina,NYK,PG,21.0,5.7,2.8,2.0,43,0.5
2019,Jusuf Nurkić,POR,C,27.4,15.6,3.2,10.4,72,1.066
2019,Josh Okogie,MIN,SG,23.7,7.7,1.2,2.9,74,0.498
2019,Kelly Olynyk,MIA,PF,22.9,10.0,1.8,4.7,79,0.721
2019,Royce O'Neale,UTA,SF,20.4,5.2,1.5,3.5,82,0.5
2019,Cedi Osman,CLE,SF,32.2,13.0,2.6,4.7,76,0.63
2019,Kelly Oubre Jr.,2TM,SF,28.0,15.2,1.2,4.7,69,0.754
2019,Kelly Oubre Jr.,PHO,SF,29.5,16.9,1.6,4.9,40,0.793
2019,Jabari Parker,2TM,PF,26.9,14.5,2.4,6.6,64,0.874
2019,Chris Paul,HOU,PG,32.0,15.6,8.2,4.6,58,0.888
2019,Elfrid Payton,NOP,PG,29.8,10.6,7.6,5.2,42,0.785
2019,Mason Plumlee,DEN,C,21.1,7.8,3.0,6.4,82,0.815
2019,Otto Porter Jr.,2TM,SF,30.1,13.9,2.1,5.6,56,0.718
2019,Otto Porter Jr.,WAS,SF,29.0,12.6,2.0,5.6,41,0.697
2019,Bobby Portis,2TM,PF,26.0,14.2,1.4,8.1,50,0.912
2019,Dwight Powell,DAL,C,21.6,10.6,1.5,5.3,77,0.806
2019,Taurean Prince,ATL,SF,28.2,13.5,2.1,3.6,55,0.681
2019,Julius Randle,NOP,PF,30.6,21.4,3.1,8.7,73,1.085
2019,JJ Redick,PHI,SG,31.3,18.1,2.7,2.4,76,0.741
2019,Josh Richardson,MIA,SG,34.8,16.6,4.1,3.6,73,0.698
2019,Austin Rivers,2TM,SG,26.7,8.1,2.2,2.1,76,0.464
2019,Austin Rivers,HOU,SG,28.6,8.7,2.3,1.9,47,0.451
2019,Mitchell Robinson,NYK,C,20.6,7.3,0.6,6.4,66,0.694
2019,Rajon Rondo,LAL,PG,29.8,9.2,8.0,5.3,46,0.755
2019,Derrick Rose,MIN,PG,27.3,18.0,4.3,2.7,51,0.916
2019,Terrence Ross,ORL,SG,26.5,15.1,1.7,3.5,81,0.766
2019,Terry Rozier,BOS,PG,22.7,9.0,2.9,3.9,79,0.696
2019,Ricky Rubio,UTA,PG,27.9,12.7,6.1,3.6,68,0.803
2019,D'Angelo Russell,BRK,PG,30.2,21.1,7.0,3.9,81,1.06
2019,Domantas Sabonis,IND,C,24.8,14.1,2.9,9.3,74,1.06
2019,Dario Šarić,2TM,PF,25.0,10.6,1.6,5.6,81,0.712
2019,Dario Šarić,MIN,PF,23.9,10.5,1.5,5.5,68,0.732
2019,Tomáš Satoranský,WAS,PG,27.1,8.9,5.0,3.5,80,0.642
2019,Dennis Schröder,OKC,PG,29.3,15.5,4.1,3.6,79,0.792
2019,Wayne Selden,CHI,SG,22.9,8.0,1.7,3.2,43,0.563
2019,Collin Sexton,CLE,PG,31.8,16.7,3.0,2.9,82,0.711
2019,Landry Shamet,2TM,SG,22.8,9.1,1.5,1.7,79,0.539
2019,Landry Shamet,PHI,SG,20.5,8.3,1.1,1.4,54,0.527
2019,Iman Shumpert,2TM,SG,23.9,7.5,1.8,3.0,62,0.515
2019,Iman Shumpert,SAC,SG,26.2,8.9,2.2,3.1,42,0.542
2019,Pascal Siakam,TOR,PF,31.9,16.9,3.1,6.9,80,0.843
2019,Ben Simmons,PHI,PG,34.2,16.9,7.7,8.8,79,0.977
2019,Jonathon Simmons,ORL,SG,20.6,6.9,2.3,2.4,41,0.563
2019,Marcus Smart,BOS,SG,27.5,8.9,4.0,2.9,80,0.575
2019,Dennis Smith Jr.,2TM,PG,28.5,13.6,4.8,2.9,53,0.747
2019,Ish Smith,DET,PG,22.3,8.9,3.6,2.6,56,0.677
2019,Jayson Tatum,BOS,SF,31.1,15.7,2.1,6.0,79,0.765
2019,Jeff Teague,MIN,PG,30.1,12.1,8.2,2.5,42,0.757
2019,Garrett Temple,2TM,SG,27.2,7.8,1.4,2.9,75,0.445
2019,Garrett Temple,MEM,SG,31.2,9.4,1.4,3.1,49,0.446
2019,Klay Thompson,GSW,SG,34.0,21.5,2.4,3.8,78,0.815
2019,Tristan Thompson,CLE,C,27.9,10.9,2.0,10.2,43,0.828
2019,Karl-Anthony Towns,MIN,C,33.1,24.4,3.4,12.4,77,1.215
2019,Allonzo Trier,NYK,SG,22.8,10.9,1.9,3.1,64,0.697
2019,P.J. Tucker,HOU,PF,34.2,7.3,1.2,5.8,82,0.418
2019,Evan Turner,POR,PG,22.0,6.8,3.9,4.5,73,0.691
2019,Myles Turner,IND,C,28.6,13.3,1.6,7.2,74,0.773
2019,Jonas Valančiūnas,2TM,C,22.3,15.6,1.4,8.6,49,1.148
2019,Fred VanVleet,TOR,PG,27.5,11.0,4.8,2.6,64,0.669
2019,Noah Vonleh,NYK,PF,25.3,8.4,1.9,7.8,68,0.715
2019,Nikola Vučević,ORL,C,31.4,20.8,3.8,12.0,80,1.166
2019,Dwyane Wade,MIA,SG,26.2,15.0,4.2,4.0,72,0.885
2019,Dion Waiters,MIA,SG,25.9,12.0,2.8,2.6,44,0.672
2019,Kemba Walker,CHO,PG,34.9,25.6,5.9,4.4,82,1.029
2019,T.J. Warren,PHO,SF,31.6,18.0,1.5,4.0,43,0.744
2019,Russell Westbrook,OKC,PG,36.0,22.9,10.7,11.1,73,1.242
2019,Derrick White,SAS,PG,25.8,9.9,3.9,3.7,67,0.678
2019,Hassan Whiteside,MIA,C,23.3,12.3,0.8,11.3,72,1.047
2019,Andrew Wiggins,MIN,SF,34.8,18.1,2.5,4.8,73,0.73
2019,Kenrich Williams,NOP,SF,23.5,6.1,1.8,4.8,46,0.54
2019,Lou Williams,LAC,SG,26.6,20.0,5.4,3.0,75,1.068
2019,Marvin Williams,CHO,PF,28.4,10.1,1.2,5.4,75,0.588
2019,Justise Winslow,MIA,SF,29.7,12.6,4.3,5.4,66,0.751
2019,Delon Wright,2TM,PG,22.7,8.7,3.3,3.5,75,0.683
2019,Thaddeus Young,IND,PF,30.7,12.6,2.5,6.5,81,0.704
2019,Trae Young,ATL,PG,30.9,19.1,8.1,3.7,81,1.0
2019,Cody Zeller,CHO,C,25.4,10.1,2.1,6.8,49,0.748
2018,Steven Adams,OKC,C,32.7,13.9,1.2,9.0,76,0.737
2018,LaMarcus Aldridge,SAS,C,33.5,23.1,2.0,8.5,75,1.003
2018,Jarrett Allen,BRK,C,20.0,8.2,0.7,5.4,72,0.715
2018,Al-Farouq Aminu,POR,PF,30.0,9.3,1.2,7.6,69,0.603
2018,Kyle Anderson,SAS,SF,26.7,7.9,2.7,5.4,74,0.599
2018,Ryan Anderson,HOU,PF,26.1,9.3,0.9,5.0,66,0.582
2018,Giannis Antetokounmpo,MIL,PF,36.7,26.9,4.8,10.0,75,1.136
2018,Carmelo Anthony,OKC,PF,32.1,16.2,1.3,5.8,78,0.726
2018,OG Anunoby,TOR,SF,20.0,5.9,0.7,2.5,74,0.455
2018,Trevor Ariza,HOU,SF,33.9,11.7,1.6,4.4,67,0.522
2018,D.J. Augustin,ORL,PG,23.5,10.2,3.8,2.1,75,0.685
2018,Lonzo Ball,LAL,PG,34.2,10.2,7.2,6.9,52,0.711
2018,J.J. Barea,DAL,PG,23.2,11.6,6.3,2.9,69,0.897
2018,Harrison Barnes,DAL,PF,34.2,18.9,2.0,6.1,77,0.789
2018,Will Barton,DEN,SG,33.1,15.7,4.1,5.0,81,0.749
2018,Nicolas Batum,CHO,SG,31.0,11.6,5.5,4.8,64,0.706
2018,Kent Bazemore,ATL,SG,27.5,12.9,3.5,3.8,65,0.735
2018,Bradley Beal,WAS,SG,36.3,22.6,4.5,4.4,82,0.868
2018,Michael Beasley,NYK,PF,22.3,13.2,1.7,5.6,74,0.919
2018,Marco Belinelli,2TM,SG,24.3,12.1,1.9,1.9,80,0.654
2018,Marco Belinelli,ATL,SG,23.3,11.4,2.0,1.9,52,0.657
2018,Dragan Bender,PHO,PF,25.2,6.5,1.6,4.4,82,0.496
2018,Nemanja Bjelica,MIN,PF,20.5,6.8,1.3,4.1,67,0.595
2018,Eric Bledsoe,2TM,PG,31.4,17.7,5.0,3.8,74,0.844
2018,Eric Bledsoe,MIL,PG,31.5,17.8,5.1,3.9,71,0.851
2018,Bogdan Bogdanović,SAC,SG,27.9,11.8,3.3,2.9,78,0.645
2018,Bojan Bogdanović,IND,SF,30.8,14.3,1.5,3.4,80,0.623
2018,Devin Booker,PHO,SG,34.5,24.9,4.7,4.5,54,0.988
2018,Avery Bradley,2TM,SG,31.2,14.3,2.0,2.5,46,0.603
2018,Avery Bradley,DET,SG,31.7,15.0,2.1,2.4,40,0.615
2018,Malcolm Brogdon,MIL,PG,29.9,13.0,3.2,3.3,48,0.652
2018,Dillon Brooks,MEM,SF,28.7,11.0,1.6,3.1,82,0.547
2018,Jaylen Brown,BOS,SG,30.7,14.5,1.6,4.9,70,0.684
2018,Reggie Bullock,DET,SF,27.9,11.3,1.5,2.5,62,0.548
2018,Jimmy Butler,MIN,SG,36.7,22.2,4.9,5.3,59,0.883
2018,Kentavious Caldwell-Pope,LAL,SG,33.2,13.4,2.2,5.2,74,0.627
2018,Clint Capela,HOU,C,27.5,13.9,0.9,10.8,74,0.931
2018,DeMarre Carroll,BRK,PF,29.9,13.5,2.0,6.6,73,0.739
2018,Willie Cauley-Stein,SAC,C,28.0,12.8,2.4,7.0,73,0.793
2018,Mario Chalmers,MEM,PG,21.5,7.7,3.0,2.4,66,0.609
2018,Tyson Chandler,PHO,C,25.0,6.5,1.2,9.1,46,0.672
2018,Wilson Chandler,DEN,SF,31.7,10.0,2.1,5.4,74,0.552
2018,Marquese Chriss,PHO,PF,21.2,7.7,1.2,5.5,72,0.679
2018,Jordan Clarkson,2TM,SG,23.3,13.9,2.7,2.7,81,0.828
2018,Jordan Clarkson,LAL,SG,23.7,14.5,3.3,3.0,53,0.878
2018,Darren Collison,IND,PG,29.2,12.4,5.3,2.6,69,0.695
2018,John Collins,ATL,PF,24.1,10.5,1.3,7.3,74,0.793
2018,DeMarcus Cousins,NOP,C,36.2,25.2,5.4,12.9,48,1.202
2018,Robert Covington,PHI,SF,31.7,12.6,2.0,5.4,80,0.631
2018,Allen Crabbe,BRK,SG,29.3,13.2,1.6,4.3,75,0.652
2018,Jamal Crawford,MIN,SG,20.7,10.3,2.3,1.2,80,0.667
2018,Jae Crowder,2TM,SF,26.1,9.7,1.2,3.4,80,0.548
2018,Jae Crowder,CLE,SF,25.4,8.6,1.1,3.3,53,0.512
2018,Dante Cunningham,2TM,SF,21.4,5.7,0.7,4.1,73,0.491
2018,Dante Cunningham,NOP,SF,21.9,5.0,0.5,3.8,51,0.425
2018,Stephen Curry,GSW,PG,32.0,26.4,6.1,5.1,51,1.175
2018,Troy Daniels,PHO,SG,20.5,8.9,0.6,1.6,79,0.541
2018,Anthony Davis,NOP,PF,36.4,28.1,2.3,11.1,75,1.14
2018,Dewayne Dedmon,ATL,C,24.9,10.0,1.5,7.9,62,0.779
2018,DeMar DeRozan,TOR,SG,33.9,23.0,5.2,3.9,80,0.947
2018,Spencer Dinwiddie,BRK,PG,28.8,12.6,6.6,3.2,80,0.778
2018,Goran Dragić,MIA,PG,31.7,17.3,4.8,4.1,75,0.826
2018,Andre Drummond,DET,C,33.7,15.0,3.0,16.0,78,1.009
2018,Kris Dunn,CHI,PG,29.3,13.4,6.0,4.3,52,0.809
2018,Kevin Durant,GSW,SF,34.2,26.4,5.4,6.8,68,1.129
2018,Wayne Ellington,MIA,SG,26.5,11.2,1.0,2.8,77,0.566
2018,Joel Embiid,PHI,C,30.3,22.9,3.2,11.0,63,1.224
2018,James Ennis III,2TM,SF,22.3,7.1,1.0,3.1,72,0.502
2018,James Ennis III,MEM,SF,23.4,6.9,1.1,3.5,45,0.491
2018,Tyreke Evans,MEM,PG,30.9,19.4,5.2,5.1,52,0.961
2018,Derrick Favors,UTA,C,28.0,12.3,1.3,7.2,77,0.743
2018,Yogi Ferrell,DAL,SG,27.8,10.2,2.5,3.0,82,0.565
2018,Evan Fournier,ORL,SF,32.2,17.8,2.9,3.2,57,0.742
2018,De'Aaron Fox,SAC,PG,27.8,11.6,4.4,2.8,73,0.676
2018,Marc Gasol,MEM,C,33.0,17.2,4.2,8.1,73,0.894
2018,Pau Gasol,SAS,C,23.5,10.1,3.1,8.0,77,0.902
2018,Rudy Gay,SAS,PF,21.6,11.5,1.3,5.1,57,0.829
2018,Paul George,OKC,SF,36.6,21.9,3.3,5.7,79,0.844
2018,Taj Gibson,MIN,PF,33.2,12.2,1.2,7.1,82,0.617
2018,Manu Ginóbili,SAS,SG,20.0,8.9,2.5,2.2,65,0.68
2018,Rudy Gobert,UTA,C,32.4,13.5,1.4,10.7,56,0.79
2018,Aaron Gordon,ORL,PF,32.9,17.6,2.3,7.9,58,0.845
2018,Eric Gordon,HOU,SG,31.2,18.0,2.2,2.5,69,0.728
2018,Marcin Gortat,WAS,C,25.3,8.4,1.8,7.6,82,0.704
2018,Jerami Grant,OKC,PF,20.3,8.4,0.7,3.9,81,0.64
2018,Jerian Grant,CHI,PG,22.8,8.4,4.6,2.3,74,0.671
2018,Danny Green,SAS,SG,25.6,8.6,1.6,3.6,70,0.539
2018,Draymond Green,GSW,PF,32.7,11.0,7.3,7.6,70,0.792
2018,Gerald Green,HOU,SG,22.7,12.1,0.6,3.2,41,0.7
2018,JaMychal Green,MEM,PF,28.0,10.3,1.4,8.4,55,0.718
2018,Jeff Green,CLE,PF,23.4,10.8,1.3,3.2,78,0.654
2018,Blake Griffin,2TM,PF,34.0,21.4,5.8,7.4,58,1.018
2018,Tim Hardaway Jr.,NYK,SG,33.1,17.5,2.7,3.9,57,0.728
2018,James Harden,HOU,SG,35.4,30.4,8.8,5.4,72,1.26
2018,Maurice Harkless,POR,SF,21.4,6.5,0.9,2.7,59,0.472
2018,Andrew Harrison,MEM,PG,23.7,9.5,3.2,2.3,56,0.633
2018,Gary Harris,DEN,SG,34.4,17.5,2.9,2.6,67,0.669
2018,Joe Harris,BRK,SG,25.3,10.8,1.6,3.3,78,0.621
2018,Tobias Harris,2TM,PF,33.4,18.6,2.4,5.5,80,0.793
2018,Tobias Harris,DET,PF,32.6,18.1,2.0,5.1,48,0.773
2018,Josh Hart,LAL,SG,23.2,7.9,1.3,4.2,63,0.578
2018,John Henson,MIL,C,25.9,8.8,1.5,6.8,76,0.66
2018,Mario Hezonja,ORL,SF,22.1,9.6,1.4,3.7,75,0.665
2018,Buddy Hield,SAC,SG,25.3,13.5,1.9,3.8,80,0.759
2018,George Hill,2TM,PG,27.0,10.0,2.8,2.7,67,0.574
2018,George Hill,SAC,PG,26.6,10.3,2.8,2.7,43,0.594
2018,Jrue Holiday,NOP,SG,36.1,19.0,6.0,4.5,81,0.817
2018,Justin Holiday,CHI,SG,31.5,12.2,2.1,4.0,72,0.581
2018,Rondae Hollis-Jefferson,BRK,SF,28.2,13.9,2.5,6.8,68,0.823
2018,Rodney Hood,2TM,SG,26.9,14.7,1.6,2.8,60,0.71
2018,Al Horford,BOS,C,31.6,12.9,4.7,7.4,72,0.791
2018,Dwight Howard,CHO,C,30.4,16.6,1.3,12.5,81,1.0
2018,Serge Ibaka,TOR,PF,27.5,12.6,0.8,6.3,76,0.716
2018,Andre Iguodala,GSW,SF,25.3,6.0,3.3,3.8,64,0.518
2018,Ersan İlyasova,2TM,PF,25.1,10.9,1.3,5.9,69,0.721
2018,Ersan İlyasova,ATL,PF,25.5,10.9,1.1,5.5,46,0.686
2018,Joe Ingles,UTA,SF,31.4,11.5,4.8,4.2,82,0.653
2018,Brandon Ingram,LAL,SF,33.5,16.1,3.9,5.3,59,0.755
2018,Kyrie Irving,BOS,PG,32.2,24.4,5.1,3.8,60,1.034
2018,Jarrett Jack,NYK,PG,25.0,7.5,5.6,3.1,62,0.648
2018,Josh Jackson,PHO,SF,25.4,13.1,1.5,4.6,77,0.756
2018,Justin Jackson,SAC,SF,22.1,6.7,1.1,2.8,68,0.48
2018,Reggie Jackson,DET,PG,26.7,14.6,5.3,2.8,45,0.85
2018,LeBron James,CLE,PF,36.9,27.5,9.1,8.6,82,1.225
2018,James Johnson,MIA,PF,26.6,10.8,3.8,4.9,73,0.733
2018,Joe Johnson,2TM,SF,21.9,6.8,1.5,3.1,55,0.521
2018,Stanley Johnson,DET,SF,27.4,8.7,1.6,3.7,69,0.511
2018,Tyler Johnson,MIA,PG,28.5,11.7,2.3,3.4,72,0.611
2018,Wesley Johnson,LAC,SF,20.1,5.4,0.8,2.9,74,0.453
2018,Nikola Jokić,DEN,C,32.6,18.5,6.1,10.7,75,1.083
2018,DeAndre Jordan,LAC,C,31.5,12.0,1.5,15.2,77,0.911
2018,Cory Joseph,IND,PG,27.0,7.9,3.2,3.2,82,0.53
2018,Frank Kaminsky,CHO,PF,23.2,11.1,1.6,3.6,79,0.703
2018,Enes Freedom,NYK,C,25.8,14.1,1.5,11.0,71,1.031
2018,Luke Kennard,DET,SG,20.0,7.6,1.7,2.4,73,0.585
2018,Michael Kidd-Gilchrist,CHO,SF,25.0,9.2,1.0,4.1,74,0.572
2018,Kyle Korver,CLE,SG,21.6,9.2,1.2,2.3,73,0.588
2018,Kyle Kuzma,LAL,PF,31.2,16.1,1.8,6.3,77,0.776
2018,Skal Labissière,SAC,PF,20.7,8.7,1.2,4.8,60,0.71
2018,Jeremy Lamb,CHO,SG,24.6,12.9,2.3,4.1,80,0.785
2018,Courtney Lee,NYK,SG,30.4,12.0,2.4,2.9,76,0.569
2018,Alex Len,PHO,C,20.2,8.5,1.2,7.5,69,0.851
2018,Caris LeVert,BRK,SF,26.3,12.1,4.2,3.7,71,0.76
2018,Damian Lillard,POR,PG,36.6,26.9,6.6,4.5,73,1.038
2018,Brook Lopez,LAL,C,23.4,13.0,1.7,4.0,74,0.799
2018,Robin Lopez,CHI,C,26.4,11.8,1.9,4.5,64,0.689
2018,Kevin Love,CLE,C,28.0,17.6,1.7,9.3,59,1.021
2018,Kyle Lowry,TOR,PG,32.2,16.2,6.9,5.6,78,0.891
2018,Lauri Markkanen,CHI,PF,29.7,15.2,1.2,7.5,68,0.805
2018,Jarell Martin,MEM,PF,22.8,7.7,1.0,4.4,73,0.575
2018,Wesley Matthews,DAL,SF,33.8,12.7,2.7,3.1,63,0.547
2018,Luc Mbah a Moute,HOU,PF,25.6,7.5,0.9,3.0,61,0.445
2018,CJ McCollum,POR,SG,36.1,21.4,3.4,4.0,81,0.798
2018,T.J. McConnell,PHI,PG,22.4,6.3,4.0,3.0,76,0.594
2018,Doug McDermott,2TM,SF,21.8,7.8,1.0,2.5,81,0.518
2018,Doug McDermott,NYK,SF,21.3,7.2,0.9,2.4,55,0.493
2018,Khris Middleton,MIL,SF,36.4,20.1,4.0,5.2,82,0.805
2018,Darius Miller,NOP,SF,23.7,7.8,1.4,2.0,82,0.473
2018,Patty Mills,SAS,PG,25.7,10.0,2.8,1.9,82,0.572
2018,Nikola Mirotić,2TM,PF,27.2,15.6,1.5,7.4,55,0.901
2018,Donovan Mitchell,UTA,SG,33.4,20.5,3.7,3.7,79,0.835
2018,Greg Monroe,3TM,C,20.4,10.3,2.2,6.9,51,0.951
2018,E'Twaun Moore,NOP,SG,31.5,12.5,2.3,2.9,82,0.562
2018,Markieff Morris,WAS,PF,27.0,11.5,1.9,5.6,73,0.704
2018,Marcus Morris,BOS,PF,26.7,13.6,1.3,5.4,54,0.76
2018,Dejounte Murray,SAS,PG,21.5,8.1,2.9,5.7,81,0.777
2018,Jamal Murray,DEN,PG,31.7,16.7,3.4,3.7,81,0.751
2018,Mike Muscala,ATL,C,20.0,7.6,1.0,4.3,53,0.645
2018,Larry Nance Jr.,2TM,C,21.5,8.7,1.2,6.8,66,0.777
2018,Larry Nance Jr.,LAL,C,22.0,8.6,1.4,6.8,42,0.764
2018,Shabazz Napier,POR,PG,20.7,8.7,2.0,2.3,74,0.628
2018,Jameer Nelson,2TM,PG,20.3,4.9,3.6,2.1,50,0.522
2018,Jameer Nelson,NOP,PG,20.9,5.1,3.6,2.2,43,0.522
2018,Dirk Nowitzki,DAL,C,24.7,12.0,1.6,5.7,77,0.781
2018,Frank Ntilikina,NYK,PG,21.9,5.9,3.2,2.3,78,0.521
2018,Jusuf Nurkić,POR,C,26.4,14.3,1.8,9.0,79,0.951
2018,David Nwaba,CHI,SG,23.5,7.9,1.5,4.7,70,0.6
2018,Victor Oladipo,IND,SG,34.0,23.1,4.3,5.2,75,0.959
2018,Kelly Olynyk,MIA,PF,23.4,11.5,2.7,5.7,76,0.85
2018,Kelly Oubre Jr.,WAS,SF,27.5,11.8,1.2,4.5,81,0.636
2018,Chris Paul,HOU,PG,31.8,18.6,7.9,5.4,58,1.003
2018,Elfrid Payton,2TM,PG,28.7,12.7,6.2,4.3,63,0.808
2018,Elfrid Payton,ORL,PG,28.6,13.0,6.3,4.0,44,0.815
2018,Otto Porter Jr.,WAS,SF,31.6,14.7,2.0,6.4,77,0.731
2018,Bobby Portis,CHI,PF,22.5,13.2,1.7,6.8,73,0.964
2018,Kristaps Porziņģis,NYK,PF,32.4,22.7,1.2,6.6,48,0.941
2018,Dwight Powell,DAL,C,21.2,8.5,1.2,5.6,79,0.722
2018,Taurean Prince,ATL,SF,30.0,14.1,2.6,4.7,82,0.713
2018,Julius Randle,LAL,C,26.7,16.1,2.6,8.0,82,1.0
2018,Zach Randolph,SAC,PF,25.6,14.5,2.2,6.7,59,0.914
2018,JJ Redick,PHI,SG,30.2,17.1,3.0,2.5,70,0.748
2018,Josh Richardson,MIA,SF,33.2,12.9,2.9,3.5,81,0.581
2018,Austin Rivers,LAC,SG,33.7,15.1,4.0,2.4,61,0.638
2018,Rajon Rondo,NOP,PG,26.2,8.3,8.2,4.0,65,0.782
2018,Terry Rozier,BOS,PG,25.9,11.3,2.9,4.7,80,0.73
2018,Ricky Rubio,UTA,PG,29.3,13.1,5.3,4.6,77,0.785
2018,D'Angelo Russell,BRK,PG,25.7,15.5,5.2,3.9,48,0.957
2018,Domantas Sabonis,IND,C,24.5,11.6,2.0,7.7,74,0.869
2018,Dario Šarić,PHI,PF,29.6,14.6,2.6,6.7,78,0.807
2018,Tomáš Satoranský,WAS,SG,22.5,7.2,3.9,3.2,73,0.636
2018,Dennis Schröder,ATL,PG,31.0,19.4,6.2,3.1,67,0.926
2018,Pascal Siakam,TOR,PF,20.7,7.3,2.0,4.5,81,0.667
2018,Ben Simmons,PHI,PG,33.7,15.8,8.2,8.1,81,0.953
2018,Jonathon Simmons,ORL,SG,29.4,13.9,2.5,3.5,69,0.677
2018,Marcus Smart,BOS,SG,29.9,10.2,4.8,3.5,54,0.619
2018,Dennis Smith Jr.,DAL,PG,29.7,15.2,5.2,3.8,69,0.815
2018,Ish Smith,DET,PG,24.9,10.9,4.4,2.7,82,0.723
2018,J.R. Smith,CLE,SG,28.1,8.3,1.8,2.9,80,0.463
2018,Tony Snell,MIL,SG,27.4,6.9,1.3,1.9,75,0.369
2018,Lance Stephenson,IND,SG,22.6,9.2,2.9,5.2,82,0.765
2018,Jayson Tatum,BOS,SF,30.5,13.9,1.6,5.0,80,0.672
2018,Jeff Teague,MIN,PG,33.0,14.2,7.0,3.0,70,0.733
2018,Garrett Temple,SAC,SG,24.8,8.4,1.9,2.3,65,0.508
2018,Miloš Teodosić,LAC,PG,25.2,9.5,4.6,2.8,45,0.671
2018,Klay Thompson,GSW,SG,34.3,20.0,2.5,3.8,73,0.767
2018,Tristan Thompson,CLE,C,20.2,5.8,0.6,6.6,53,0.644
2018,Anthony Tolliver,DET,PF,22.2,8.9,1.1,3.1,79,0.59
2018,Karl-Anthony Towns,MIN,C,35.6,21.3,2.4,12.3,82,1.011
2018,P.J. Tucker,HOU,PF,27.8,6.1,0.9,5.6,82,0.453
2018,Evan Turner,POR,SF,25.7,8.2,2.2,3.1,79,0.525
2018,Myles Turner,IND,C,28.2,12.7,1.3,6.4,65,0.723
2018,Tyler Ulis,PHO,PG,23.4,7.8,4.4,1.8,71,0.598
2018,Jonas Valančiūnas,TOR,C,22.4,12.7,1.1,8.6,77,1.0
2018,Denzel Valentine,CHI,SG,27.2,10.2,3.2,5.1,77,0.68
2018,Fred VanVleet,TOR,PG,20.0,8.6,3.2,2.4,76,0.71
2018,Nikola Vučević,ORL,C,29.5,16.5,3.4,9.2,57,0.986
2018,Dwyane Wade,2TM,SG,22.9,11.4,3.4,3.8,67,0.812
2018,Dwyane Wade,CLE,SG,23.2,11.2,3.5,3.9,46,0.802
2018,Kemba Walker,CHO,PG,34.2,22.1,5.6,3.1,80,0.901
2018,John Wall,WAS,PG,34.4,19.4,9.6,3.7,41,0.951
2018,T.J. Warren,PHO,SF,33.0,19.6,1.3,5.1,65,0.788
2018,Russell Westbrook,OKC,PG,36.4,25.4,10.3,10.1,80,1.258
2018,Hassan Whiteside,MIA,C,25.3,14.0,1.0,11.4,54,1.043
2018,Andrew Wiggins,MIN,SF,36.3,17.7,2.0,4.4,82,0.664
2018,Lou Williams,LAC,SG,32.8,22.6,5.3,2.5,79,0.927
2018,Marvin Williams,CHO,PF,25.7,9.5,1.2,4.7,78,0.599
2018,Justise Winslow,MIA,PF,24.7,7.8,2.2,5.4,68,0.623
2018,Delon Wright,TOR,PG,20.8,8.0,2.9,2.9,69,0.663
2018,Thaddeus Young,IND,PF,32.2,11.8,1.9,6.3,81,0.621
2017,Steven Adams,OKC,C,29.9,11.3,1.1,7.7,80,0.672
2017,Arron Afflalo,SAC,SG,25.9,8.4,1.3,2.0,61,0.452
2017,LaMarcus Aldridge,SAS,PF,32.4,17.3,1.9,7.3,72,0.818
2017,Tony Allen,MEM,SG,27.0,9.1,1.4,5.5,71,0.593
2017,Al-Farouq Aminu,POR,PF,29.1,8.7,1.6,7.4,61,0.608
2017,Ryan Anderson,HOU,PF,29.4,13.6,0.9,4.6,72,0.65
2017,Giannis Antetokounmpo,MIL,SF,35.6,22.9,5.4,8.8,80,1.042
2017,Carmelo Anthony,NYK,SF,34.3,22.4,2.9,5.9,74,0.91
2017,Trevor Ariza,HOU,SF,34.7,11.7,2.2,5.7,80,0.565
2017,Harrison Barnes,DAL,PF,35.5,19.2,1.5,5.0,79,0.724
2017,Matt Barnes,2TM,SF,24.0,7.1,2.6,5.2,74,0.621
2017,Matt Barnes,SAC,SF,25.3,7.6,2.8,5.4,54,0.625
2017,Will Barton,DEN,SG,28.4,13.7,3.4,4.3,60,0.754
2017,Nicolas Batum,CHO,SG,34.0,15.1,5.9,6.2,77,0.8
2017,Kent Bazemore,ATL,SF,26.9,11.0,2.4,3.2,73,0.617
2017,Bradley Beal,WAS,SG,34.9,23.1,3.5,3.1,77,0.851
2017,Marco Belinelli,CHO,SG,24.0,10.5,2.0,2.4,74,0.621
2017,Patrick Beverley,HOU,SG,30.7,9.5,4.2,5.9,67,0.638
2017,Bismack Biyombo,ORL,C,22.1,6.0,0.9,7.0,81,0.629
2017,Eric Bledsoe,PHO,PG,33.0,21.1,6.3,4.8,66,0.976
2017,Bojan Bogdanović,2TM,SF,25.7,13.7,1.4,3.4,81,0.72
2017,Bojan Bogdanović,BRK,SF,26.9,14.2,1.6,3.6,55,0.721
2017,Devin Booker,PHO,SG,35.0,22.1,3.4,3.2,78,0.82
2017,Trevor Booker,BRK,PF,24.7,10.0,1.9,8.0,71,0.806
2017,Avery Bradley,BOS,SG,33.4,16.3,2.2,6.1,55,0.737
2017,Malcolm Brogdon,MIL,SG,26.4,10.2,4.2,2.8,75,0.652
2017,Jimmy Butler,CHI,SF,37.0,23.9,5.5,6.2,76,0.962
2017,Kentavious Caldwell-Pope,DET,SG,33.3,13.8,2.5,3.3,76,0.589
2017,Clint Capela,HOU,C,23.9,12.6,1.0,8.1,65,0.908
2017,DeMarre Carroll,TOR,SF,26.1,8.9,1.0,3.8,72,0.525
2017,Vince Carter,MEM,SF,24.6,8.0,1.8,3.1,73,0.524
2017,Tyson Chandler,PHO,C,27.6,8.4,0.6,11.5,47,0.743
2017,Wilson Chandler,DEN,SF,30.9,15.7,2.0,6.5,71,0.783
2017,Marquese Chriss,PHO,PF,21.3,9.2,0.7,4.2,82,0.662
2017,Jordan Clarkson,LAL,SG,29.2,14.7,2.6,3.0,82,0.695
2017,Darren Collison,SAC,PG,30.3,13.2,4.6,2.2,68,0.66
2017,Mike Conley,MEM,PG,33.2,20.5,6.3,3.5,69,0.913
2017,DeMarcus Cousins,2TM,C,34.2,27.0,4.6,11.0,72,1.246
2017,DeMarcus Cousins,SAC,C,34.4,27.8,4.8,10.6,55,1.256
2017,Robert Covington,PHI,SF,31.6,12.9,1.5,6.5,67,0.661
2017,Allen Crabbe,POR,SG,28.5,10.7,1.2,2.9,79,0.519
2017,Jamal Crawford,LAC,SG,26.3,12.3,2.6,1.6,82,0.627
2017,Jae Crowder,BOS,SF,32.4,13.9,2.2,5.8,72,0.676
2017,Dante Cunningham,NOP,PF,25.0,6.6,0.6,4.2,66,0.456
2017,Seth Curry,DAL,PG,29.0,12.8,2.7,2.6,70,0.624
2017,Stephen Curry,GSW,PG,33.4,25.3,6.6,4.5,79,1.09
2017,Anthony Davis,NOP,C,36.1,28.0,2.1,11.8,75,1.161
2017,Matthew Dellavedova,MIL,PG,26.1,7.6,4.7,1.9,76,0.544
2017,Luol Deng,LAL,SF,26.5,7.6,1.3,5.3,56,0.536
2017,DeMar DeRozan,TOR,SG,35.4,27.3,3.9,5.2,74,1.028
2017,Gorgui Dieng,MIN,PF,32.4,10.0,1.9,7.9,82,0.611
2017,Spencer Dinwiddie,BRK,PG,22.6,7.3,3.1,2.8,59,0.584
2017,Goran Dragić,MIA,PG,33.7,20.3,5.8,3.8,73,0.887
2017,Andre Drummond,DET,C,29.7,13.6,1.1,13.8,81,0.96
2017,Jared Dudley,PHO,PF,21.3,6.8,1.9,3.5,64,0.573
2017,Kevin Durant,GSW,PF,33.4,25.1,4.8,8.3,62,1.144
2017,Wayne Ellington,MIA,SG,24.2,10.5,1.1,2.1,62,0.566
2017,Monta Ellis,IND,SG,27.0,8.5,3.2,2.8,74,0.537
2017,James Ennis III,MEM,SF,23.5,6.7,1.0,4.0,64,0.498
2017,Kenneth Faried,DEN,PF,21.2,9.6,0.9,7.6,61,0.854
2017,Derrick Favors,UTA,PF,23.7,9.5,1.1,6.1,50,0.705
2017,Raymond Felton,LAC,PG,21.3,6.7,2.4,2.7,80,0.554
2017,Yogi Ferrell,2TM,PG,26.0,10.0,3.7,2.4,46,0.619
2017,Dorian Finney-Smith,DAL,PF,20.3,4.3,0.8,2.7,81,0.384
2017,Evan Fournier,ORL,SG,32.9,17.2,3.0,3.1,68,0.708
2017,Tim Frazier,NOP,PG,23.5,7.1,5.2,2.7,65,0.638
2017,Danilo Gallinari,DEN,SF,33.9,18.2,2.1,5.2,63,0.752
2017,Langston Galloway,2TM,PG,20.2,7.9,1.3,2.1,74,0.559
2017,Langston Galloway,NOP,PG,20.4,8.6,1.2,2.2,55,0.588
2017,Marc Gasol,MEM,C,34.2,19.5,4.6,6.3,74,0.889
2017,Pau Gasol,SAS,C,25.4,12.4,2.3,7.8,64,0.886
2017,Paul George,IND,SF,35.9,23.7,3.3,6.6,75,0.936
2017,Taj Gibson,2TM,PF,25.5,10.8,0.9,6.2,78,0.702
2017,Taj Gibson,CHI,PF,27.3,11.6,1.1,6.9,55,0.718
2017,Rudy Gobert,UTA,C,33.9,14.0,1.2,12.8,81,0.826
2017,Aaron Gordon,ORL,SF,28.7,12.7,1.9,5.1,80,0.686
2017,Eric Gordon,HOU,SG,31.0,16.2,2.5,2.7,75,0.69
2017,Marcin Gortat,WAS,C,31.2,10.8,1.5,10.4,82,0.728
2017,Danny Green,SAS,SG,26.6,7.3,1.8,3.3,68,0.466
2017,Draymond Green,GSW,PF,32.5,10.2,7.0,7.9,76,0.772
2017,JaMychal Green,MEM,PF,27.3,8.9,1.1,7.1,77,0.626
2017,Jeff Green,ORL,PF,22.2,9.2,1.2,3.1,69,0.608
2017,Blake Griffin,LAC,PF,34.0,21.6,4.9,8.1,61,1.018
2017,Tim Hardaway Jr.,ATL,SG,27.3,14.5,2.3,2.8,79,0.718
2017,James Harden,HOU,PG,36.4,29.1,11.2,8.1,81,1.33
2017,Maurice Harkless,POR,SF,28.9,10.0,1.1,4.4,77,0.536
2017,Andrew Harrison,MEM,PG,20.5,5.9,2.8,1.9,72,0.517
2017,Gary Harris,DEN,SG,31.3,14.9,2.9,3.1,57,0.668
2017,Joe Harris,BRK,SG,21.9,8.2,1.0,2.8,52,0.548
2017,Tobias Harris,DET,PF,31.3,16.1,1.7,5.1,82,0.732
2017,Gordon Hayward,UTA,SF,34.5,21.9,3.5,5.4,73,0.893
2017,Gerald Henderson,PHI,SG,23.2,9.2,1.6,2.6,72,0.578
2017,Buddy Hield,2TM,SG,23.0,10.6,1.5,3.3,82,0.67
2017,Buddy Hield,NOP,SG,20.4,8.6,1.4,2.9,57,0.632
2017,George Hill,UTA,PG,31.5,16.9,4.2,3.4,49,0.778
2017,Solomon Hill,NOP,SF,29.7,7.0,1.8,3.8,80,0.424
2017,Jrue Holiday,NOP,PG,32.7,15.4,7.3,3.9,67,0.813
2017,Justin Holiday,NYK,SG,20.0,7.7,1.2,2.7,82,0.58
2017,Rondae Hollis-Jefferson,BRK,SF,22.6,8.7,2.0,5.8,78,0.73
2017,Richaun Holmes,PHI,C,20.9,9.8,1.0,5.5,57,0.78
2017,Rodney Hood,UTA,SG,27.0,12.7,1.6,3.4,59,0.656
2017,Al Horford,BOS,C,32.3,14.0,5.0,6.8,68,0.799
2017,Dwight Howard,ATL,C,29.7,13.5,1.4,12.7,74,0.929
2017,Serge Ibaka,2TM,PF,30.7,14.8,0.9,6.8,79,0.733
2017,Serge Ibaka,ORL,PF,30.5,15.1,1.1,6.8,56,0.754
2017,Andre Iguodala,GSW,SF,26.3,7.6,3.4,4.0,76,0.57
2017,Ersan İlyasova,3TM,PF,26.1,13.1,1.7,5.9,82,0.793
2017,Ersan İlyasova,PHI,PF,27.3,14.8,1.8,5.9,53,0.824
2017,Joe Ingles,UTA,SF,24.0,7.1,2.7,3.2,82,0.542
2017,Brandon Ingram,LAL,SF,28.8,9.4,2.1,4.0,79,0.538
2017,Kyrie Irving,CLE,PG,35.1,25.2,5.8,3.2,72,0.974
2017,Reggie Jackson,DET,PG,27.4,14.5,5.2,2.2,52,0.799
2017,LeBron James,CLE,SF,37.8,26.4,8.7,8.6,74,1.156
2017,Richard Jefferson,CLE,SF,20.4,5.7,1.0,2.6,79,0.456
2017,Brandon Jennings,2TM,PG,22.2,7.1,4.9,2.4,81,0.649
2017,Brandon Jennings,NYK,PG,24.6,8.6,4.9,2.6,58,0.654
2017,Amir Johnson,BOS,PF,20.1,6.5,1.8,4.6,80,0.642
2017,James Johnson,MIA,PF,27.4,12.8,3.6,4.9,76,0.777
2017,Joe Johnson,UTA,SF,23.6,9.2,1.8,3.1,78,0.597
2017,Tyler Johnson,MIA,PG,29.8,13.7,3.2,4.0,73,0.701
2017,Nikola Jokić,DEN,C,27.9,16.7,4.9,9.8,73,1.125
2017,Terrence Jones,2TM,PF,23.5,10.8,1.1,5.7,54,0.749
2017,Terrence Jones,NOP,PF,24.8,11.5,1.2,5.9,51,0.75
2017,DeAndre Jordan,LAC,C,31.7,12.7,1.2,13.8,81,0.874
2017,Cory Joseph,TOR,PG,25.0,9.3,3.3,2.9,80,0.62
2017,Frank Kaminsky,CHO,C,26.1,11.7,2.2,4.5,75,0.705
2017,Enes Freedom,OKC,C,21.3,14.3,0.9,6.7,72,1.028
2017,Michael Kidd-Gilchrist,CHO,SF,29.0,9.2,1.4,7.0,81,0.607
2017,Sean Kilpatrick,BRK,SG,25.1,13.1,2.2,4.0,70,0.769
2017,Brandon Knight,PHO,SG,21.1,11.0,2.4,2.2,54,0.739
2017,Kyle Korver,2TM,SG,26.2,10.1,1.6,2.8,67,0.553
2017,Kosta Koufos,SAC,C,20.0,6.6,0.7,5.7,71,0.65
2017,Zach LaVine,MIN,SG,37.2,18.9,3.0,3.4,47,0.68
2017,Ty Lawson,SAC,PG,25.1,9.9,4.8,2.6,69,0.689
2017,Courtney Lee,NYK,SG,31.9,10.8,2.3,3.4,77,0.517
2017,Alex Len,PHO,C,20.3,8.0,0.6,6.6,77,0.749
2017,Kawhi Leonard,SAS,SF,33.4,25.5,3.5,5.8,74,1.042
2017,Jon Leuer,DET,PF,25.9,10.2,1.5,5.4,75,0.66
2017,Caris LeVert,BRK,SF,21.7,8.2,1.9,3.3,57,0.618
2017,Damian Lillard,POR,PG,35.9,27.0,5.9,4.9,75,1.053
2017,Brook Lopez,BRK,C,29.6,20.5,2.3,5.4,75,0.953
2017,Robin Lopez,CHI,C,28.0,10.4,1.0,6.4,81,0.636
2017,Kevin Love,CLE,PF,31.4,19.0,1.9,11.1,60,1.019
2017,Kyle Lowry,TOR,PG,37.4,22.4,7.0,4.8,60,0.914
2017,Shelvin Mack,UTA,PG,21.9,7.8,2.8,2.3,55,0.589
2017,Wesley Matthews,DAL,SG,34.2,13.5,2.9,3.5,73,0.582
2017,Luc Mbah a Moute,LAC,SF,22.3,6.1,0.5,2.1,80,0.39
2017,CJ McCollum,POR,SG,35.0,23.0,3.6,3.6,80,0.863
2017,T.J. McConnell,PHI,PG,26.3,6.9,6.6,3.1,81,0.631
2017,Doug McDermott,2TM,SF,22.8,9.0,0.9,2.7,66,0.553
2017,Doug McDermott,CHI,SF,24.5,10.2,1.0,3.0,44,0.58
2017,Rodney McGruder,MIA,SG,25.2,6.4,1.6,3.3,78,0.448
2017,C.J. Miles,IND,SF,23.4,10.7,0.6,3.0,76,0.611
2017,Paul Millsap,ATL,PF,34.0,18.1,3.7,7.7,69,0.868
2017,Patty Mills,SAS,PG,21.9,9.5,3.5,1.8,80,0.676
2017,Nikola Mirotić,CHI,PF,24.0,10.6,1.1,5.5,70,0.717
2017,Greg Monroe,MIL,C,22.5,11.7,2.3,6.6,81,0.916
2017,E'Twaun Moore,NOP,SG,24.9,9.6,2.2,2.1,73,0.558
2017,Markieff Morris,WAS,PF,31.2,14.0,1.7,6.5,76,0.712
2017,Marcus Morris,DET,SF,32.5,14.0,2.0,4.6,79,0.634
2017,Timofey Mozgov,LAL,C,20.4,7.4,0.8,4.9,54,0.642
2017,Emmanuel Mudiay,DEN,PG,25.6,11.0,3.9,3.2,55,0.707
2017,Jamal Murray,DEN,SG,21.5,9.9,2.1,2.6,82,0.679
2017,Larry Nance Jr.,LAL,PF,22.9,7.1,1.5,5.9,63,0.633
2017,Jameer Nelson,DEN,PG,27.3,9.2,5.1,2.6,75,0.619
2017,Joakim Noah,NYK,C,22.1,5.0,2.2,8.8,46,0.724
2017,Nerlens Noel,2TM,C,20.5,8.7,1.0,5.8,51,0.756
2017,Dirk Nowitzki,DAL,PF,26.4,14.2,1.5,6.5,54,0.841
2017,Jusuf Nurkić,2TM,C,21.4,10.2,1.9,7.2,65,0.902
2017,Jahlil Okafor,PHI,C,22.7,11.8,1.2,4.8,50,0.784
2017,Victor Oladipo,OKC,SG,33.2,15.9,2.6,4.3,67,0.687
2017,Kelly Olynyk,BOS,C,20.5,9.0,2.0,4.8,75,0.771
2017,Kelly Oubre Jr.,WAS,SF,20.3,6.3,0.6,3.3,79,0.502
2017,Jabari Parker,MIL,PF,33.9,20.1,2.8,6.2,51,0.858
2017,Tony Parker,SAS,PG,25.2,10.1,4.5,1.8,63,0.651
2017,Patrick Patterson,TOR,PF,24.6,6.8,1.2,4.5,65,0.508
2017,Chris Paul,LAC,PG,31.5,18.1,9.2,5.0,61,1.025
2017,Elfrid Payton,ORL,PG,29.4,12.8,6.5,4.7,82,0.816
2017,Mason Plumlee,2TM,C,26.5,10.4,3.5,7.5,81,0.808
2017,Mason Plumlee,POR,C,28.1,11.1,4.0,8.0,54,0.822
2017,Otto Porter Jr.,WAS,SF,32.6,13.4,1.5,6.4,80,0.653
2017,Kristaps Porziņģis,NYK,PF,32.8,18.1,1.5,7.2,66,0.817
2017,Julius Randle,LAL,PF,28.8,13.2,3.6,8.6,74,0.882
2017,Zach Randolph,MEM,PF,24.5,14.1,1.7,8.2,73,0.98
2017,JJ Redick,LAC,SG,28.2,15.0,1.4,2.2,78,0.66
2017,Josh Richardson,MIA,SG,30.5,10.2,2.6,3.2,53,0.525
2017,Austin Rivers,LAC,SG,27.8,12.0,2.8,2.2,74,0.612
2017,Andre Roberson,OKC,SF,30.1,6.6,1.0,5.1,79,0.422
2017,Glenn Robinson III,IND,SF,20.7,6.1,0.7,3.6,69,0.502
2017,Sergio Rodríguez,PHI,PG,22.3,7.8,5.1,2.3,68,0.682
2017,Rajon Rondo,CHI,PG,26.7,7.8,6.7,5.1,69,0.734
2017,Derrick Rose,NYK,PG,32.5,18.0,4.4,3.8,64,0.806
2017,Terrence Ross,2TM,SF,25.1,11.0,1.1,2.6,78,0.586
2017,Terrence Ross,TOR,SF,22.4,10.4,0.8,2.6,54,0.616
2017,Ricky Rubio,MIN,PG,32.9,11.1,9.1,4.1,75,0.739
2017,Brandon Rush,MIN,SG,21.9,4.2,1.0,2.1,47,0.333
2017,D'Angelo Russell,LAL,PG,28.7,15.6,4.8,3.5,63,0.833
2017,Domantas Sabonis,OKC,PF,20.1,5.9,1.0,3.6,81,0.522
2017,Dario Šarić,PHI,PF,26.3,12.8,2.2,6.3,81,0.81
2017,Dennis Schröder,ATL,PG,31.5,17.9,6.3,3.1,79,0.867
2017,Thabo Sefolosha,ATL,SF,25.7,7.2,1.7,4.4,62,0.518
2017,Iman Shumpert,CLE,SG,25.5,7.5,1.4,2.9,76,0.463
2017,Marcus Smart,BOS,SG,30.4,10.6,4.6,3.9,79,0.628
2017,Ish Smith,DET,PG,24.1,9.4,5.2,2.9,81,0.726
2017,J.R. Smith,CLE,SG,29.0,8.6,1.5,2.8,41,0.445
2017,Tony Snell,MIL,SG,29.2,8.5,1.2,3.1,80,0.438
2017,Nik Stauskas,PHI,SG,27.4,9.5,2.4,2.8,80,0.536
2017,Jeff Teague,IND,PG,32.4,15.3,7.8,4.0,82,0.836
2017,Garrett Temple,SAC,SG,26.6,7.8,2.6,2.8,65,0.496
2017,Isaiah Thomas,BOS,PG,33.8,28.9,5.9,2.7,76,1.109
2017,Lance Thomas,NYK,PF,21.0,6.0,0.8,3.1,46,0.471
2017,Klay Thompson,GSW,SG,34.0,22.3,2.1,3.7,78,0.826
2017,Tristan Thompson,CLE,C,29.9,8.1,1.0,9.2,78,0.612
2017,Anthony Tolliver,SAC,PF,22.7,7.1,1.2,3.6,65,0.524
2017,Karl-Anthony Towns,MIN,C,37.0,25.1,2.7,12.3,82,1.084
2017,P.J. Tucker,2TM,SF,27.6,6.7,1.2,5.8,81,0.496
2017,P.J. Tucker,PHO,SF,28.5,7.0,1.3,6.0,57,0.502
2017,Evan Turner,POR,SF,25.5,9.0,3.2,3.8,65,0.627
2017,Myles Turner,IND,C,31.4,14.5,1.3,7.3,81,0.736
2017,Jonas Valančiūnas,TOR,C,25.8,12.0,0.7,9.5,80,0.86
2017,Nikola Vučević,ORL,C,28.8,14.6,2.8,10.4,75,0.965
2017,Dwyane Wade,CHI,SG,29.9,18.3,3.8,4.5,60,0.89
2017,Dion Waiters,MIA,SG,30.1,15.8,4.3,3.3,46,0.777
2017,Kemba Walker,CHO,PG,34.7,23.2,5.5,3.9,79,0.939
2017,John Wall,WAS,PG,36.4,23.1,10.7,4.2,78,1.044
2017,T.J. Warren,PHO,SF,31.0,14.4,1.1,5.1,66,0.665
2017,Russell Westbrook,OKC,PG,34.6,31.6,10.4,10.7,81,1.523
2017,Hassan Whiteside,MIA,C,32.6,17.0,0.7,14.1,77,0.975
2017,Isaiah Whitehead,BRK,PG,22.5,7.4,2.6,2.5,73,0.556
2017,Andrew Wiggins,MIN,SF,37.2,23.6,2.3,4.0,82,0.804
2017,Deron Williams,2TM,PG,25.9,11.0,5.6,2.3,64,0.73
2017,Deron Williams,DAL,PG,29.3,13.1,6.9,2.6,40,0.771
2017,Lou Williams,2TM,SG,24.6,17.5,3.0,2.5,81,0.935
2017,Lou Williams,LAL,SG,24.2,18.6,3.2,2.3,58,0.996
2017,Marvin Williams,CHO,PF,30.2,11.2,1.4,6.6,76,0.636
2017,Nick Young,LAL,SG,25.9,13.2,1.0,2.3,60,0.637
2017,Thaddeus Young,IND,PF,30.2,11.0,1.6,6.1,74,0.619
2017,Cody Zeller,CHO,C,27.8,10.3,1.6,6.5,62,0.662
2016,Steven Adams,OKC,C,25.2,8.0,0.8,6.7,80,0.615
2016,Arron Afflalo,NYK,SG,33.4,12.8,2.0,3.7,71,0.554
2016,LaMarcus Aldridge,SAS,PF,30.6,18.0,1.5,8.5,74,0.915
2016,Lavoy Allen,IND,PF,20.2,5.4,1.0,5.4,79,0.584
2016,Tony Allen,MEM,SG,25.3,8.4,1.1,4.6,64,0.557
2016,Al-Farouq Aminu,POR,SF,28.5,10.2,1.7,6.1,82,0.632
2016,Ryan Anderson,NOP,PF,30.4,17.0,1.1,6.0,66,0.793
2016,Giannis Antetokounmpo,MIL,PG,35.3,16.9,4.3,7.7,80,0.819
2016,Carmelo Anthony,NYK,SF,35.1,21.8,4.2,7.7,72,0.96
2016,Trevor Ariza,HOU,SF,35.3,12.7,2.3,4.5,81,0.552
2016,Darrell Arthur,DEN,PF,21.7,7.5,1.4,4.2,70,0.604
2016,J.J. Barea,DAL,PG,22.5,10.9,4.1,2.1,74,0.76
2016,Harrison Barnes,GSW,SF,30.9,11.7,1.8,4.9,66,0.595
2016,Matt Barnes,MEM,SF,28.8,10.0,2.1,5.5,76,0.611
2016,Will Barton,DEN,SG,28.7,14.4,2.5,5.8,82,0.791
2016,Brandon Bass,LAL,PF,20.3,7.2,1.1,4.3,66,0.621
2016,Nicolas Batum,CHO,SF,35.0,14.9,5.8,6.1,70,0.766
2016,Jerryd Bayless,MIL,SG,28.9,10.4,3.1,2.7,52,0.561
2016,Kent Bazemore,ATL,SF,27.8,11.6,2.3,5.1,75,0.683
2016,Bradley Beal,WAS,SG,31.1,17.4,2.9,3.4,55,0.762
2016,Marco Belinelli,SAC,SG,24.6,10.2,1.9,1.7,68,0.561
2016,Patrick Beverley,HOU,PG,28.7,9.9,3.4,3.5,71,0.585
2016,Bismack Biyombo,TOR,C,22.0,5.5,0.4,8.0,82,0.632
2016,Bojan Bogdanović,BRK,SF,26.8,11.2,1.3,3.2,79,0.586
2016,Andrew Bogut,GSW,C,20.7,5.4,2.3,7.0,70,0.71
2016,Devin Booker,PHO,SG,27.7,13.8,2.6,2.5,76,0.682
2016,Trevor Booker,UTA,PF,20.7,5.9,1.1,5.7,79,0.614
2016,Chris Bosh,MIA,PF,33.5,19.1,2.4,7.4,53,0.863
2016,Avery Bradley,BOS,SG,33.4,15.2,2.1,2.9,76,0.605
2016,Corey Brewer,HOU,SF,20.4,7.2,1.3,2.4,82,0.534
2016,Kobe Bryant,LAL,SF,28.2,17.6,2.8,3.7,66,0.855
2016,Trey Burke,UTA,PG,21.3,10.6,2.3,1.8,64,0.69
2016,Jimmy Butler,CHI,SG,36.9,20.9,4.8,5.3,67,0.84
2016,José Calderón,NYK,PG,28.1,7.6,4.1,3.2,72,0.53
2016,Kentavious Caldwell-Pope,DET,SG,36.7,14.5,1.8,3.7,76,0.545
2016,Isaiah Canaan,PHI,SG,25.5,11.0,1.8,2.3,77,0.592
2016,Michael Carter-Williams,MIL,PG,30.5,11.5,5.2,5.1,54,0.715
2016,Omri Casspi,SAC,PF,27.2,11.8,1.4,5.9,69,0.702
2016,Willie Cauley-Stein,SAC,C,21.4,7.0,0.6,5.3,66,0.603
2016,Mario Chalmers,2TM,PG,22.5,10.3,3.8,2.6,61,0.742
2016,Mario Chalmers,MEM,PG,22.8,10.8,3.8,2.6,55,0.754
2016,Tyson Chandler,PHO,C,24.5,7.2,1.0,8.7,66,0.69
2016,Jordan Clarkson,LAL,SG,32.3,15.5,2.4,4.0,79,0.678
2016,Norris Cole,NOP,PG,26.6,10.6,3.7,3.4,45,0.665
2016,Darren Collison,SAC,PG,30.0,14.0,4.3,2.3,74,0.687
2016,Mike Conley,MEM,PG,31.4,15.3,6.1,2.9,56,0.774
2016,DeMarcus Cousins,SAC,C,34.6,26.9,3.3,11.5,65,1.205
2016,Robert Covington,PHI,SF,28.4,12.8,1.4,6.3,67,0.722
2016,Allen Crabbe,POR,SG,26.0,10.3,1.2,2.7,81,0.546
2016,Jamal Crawford,LAC,SG,26.9,14.2,2.3,1.8,79,0.68
2016,Jae Crowder,BOS,SF,31.6,14.2,1.8,5.1,73,0.668
2016,Dante Cunningham,NOP,SF,24.6,6.1,1.0,3.0,80,0.411
2016,Stephen Curry,GSW,PG,34.2,30.1,6.7,5.4,79,1.234
2016,Anthony Davis,NOP,C,35.5,24.3,1.9,10.3,61,1.028
2016,Ed Davis,POR,PF,20.8,6.5,1.1,7.4,81,0.721
2016,Matthew Dellavedova,CLE,PG,24.6,7.5,4.4,2.1,76,0.569
2016,Luol Deng,MIA,PF,32.4,12.3,1.9,6.0,74,0.623
2016,DeMar DeRozan,TOR,SG,35.9,23.5,4.0,4.5,78,0.891
2016,Gorgui Dieng,MIN,C,27.1,10.1,1.7,7.1,82,0.697
2016,Toney Douglas,NOP,PG,20.7,8.7,2.6,2.3,61,0.657
2016,Goran Dragić,MIA,PG,32.8,14.1,5.8,3.8,72,0.723
2016,Andre Drummond,DET,C,32.9,16.2,0.8,14.8,81,0.967
2016,Jared Dudley,WAS,PF,25.9,7.9,2.1,3.5,81,0.521
2016,Tim Duncan,SAS,C,25.2,8.6,2.7,7.3,61,0.738
2016,Kevin Durant,OKC,SF,35.8,28.2,5.0,8.2,72,1.156
2016,Wayne Ellington,BRK,SG,21.3,7.7,1.1,2.3,76,0.521
2016,Monta Ellis,IND,SG,33.8,13.8,4.7,3.3,81,0.645
2016,Kenneth Faried,DEN,PF,25.3,12.5,1.2,8.7,67,0.885
2016,Derrick Favors,UTA,PF,32.0,16.4,1.5,8.1,62,0.812
2016,Raymond Felton,DAL,PG,27.4,9.5,3.6,3.2,80,0.595
2016,Evan Fournier,ORL,SF,32.5,15.4,2.7,2.8,79,0.643
2016,Randy Foye,2TM,SG,20.3,5.9,2.0,1.9,81,0.483
2016,Danilo Gallinari,DEN,SF,34.7,19.5,2.5,5.3,53,0.787
2016,Langston Galloway,NYK,PG,24.8,7.6,2.5,3.5,82,0.548
2016,Marc Gasol,MEM,C,34.4,16.6,3.8,7.0,52,0.797
2016,Pau Gasol,CHI,C,31.8,16.5,4.1,11.0,72,0.994
2016,Rudy Gay,SAC,SF,34.0,17.2,1.7,6.5,70,0.747
2016,Alonzo Gee,NOP,SF,22.4,4.5,1.0,3.4,73,0.397
2016,Paul George,IND,SF,34.8,23.1,4.1,7.0,81,0.983
2016,Taj Gibson,CHI,PF,26.5,8.6,1.5,6.9,73,0.642
2016,Rudy Gobert,UTA,C,31.7,9.1,1.5,11.0,61,0.681
2016,Aaron Gordon,ORL,PF,23.9,9.2,1.6,6.5,78,0.724
2016,Eric Gordon,NOP,SG,32.9,15.2,2.7,2.2,45,0.611
2016,Marcin Gortat,WAS,C,30.1,13.5,1.4,9.9,75,0.824
2016,Jerami Grant,PHI,PF,26.8,9.7,1.8,4.7,77,0.604
2016,Danny Green,SAS,SG,26.1,7.2,1.8,3.8,79,0.49
2016,Draymond Green,GSW,PF,34.7,14.0,7.4,9.5,81,0.89
2016,Gerald Green,MIA,SG,22.6,8.9,0.8,2.4,69,0.535
2016,Jeff Green,2TM,SF,28.2,11.7,1.7,4.2,80,0.624
2016,Jeff Green,MEM,SF,29.1,12.2,1.8,4.5,53,0.636
2016,James Harden,HOU,SG,38.1,29.0,7.5,6.1,82,1.118
2016,Devin Harris,DAL,PG,20.0,7.6,1.8,2.2,64,0.58
2016,Gary Harris,DEN,SG,32.1,12.3,1.9,2.9,76,0.533
2016,Tobias Harris,2TM,PF,33.1,14.7,2.2,6.7,76,0.713
2016,Tobias Harris,ORL,PF,32.9,13.7,2.0,7.0,49,0.69
2016,Gordon Hayward,UTA,SF,36.2,19.7,3.7,5.0,80,0.785
2016,Roy Hibbert,LAL,C,23.2,5.9,1.2,4.9,81,0.517
2016,George Hill,IND,PG,34.1,12.1,3.5,4.0,74,0.575
2016,Jordan Hill,IND,C,20.7,8.8,1.2,6.2,73,0.783
2016,Jrue Holiday,NOP,PG,28.2,16.8,6.0,3.0,65,0.915
2016,Rodney Hood,UTA,SG,32.2,14.5,2.7,3.4,79,0.64
2016,Al Horford,ATL,C,32.1,15.2,3.2,7.3,82,0.801
2016,Dwight Howard,HOU,C,32.1,13.7,1.4,11.8,71,0.838
2016,Serge Ibaka,OKC,PF,32.1,12.6,0.8,6.8,78,0.629
2016,Andre Iguodala,GSW,SF,26.6,7.0,3.4,4.0,65,0.541
2016,Ersan İlyasova,2TM,PF,25.4,10.4,0.9,5.4,74,0.657
2016,Ersan İlyasova,DET,PF,27.6,11.3,1.1,5.4,52,0.645
2016,Kyrie Irving,CLE,PG,31.5,19.6,4.7,3.0,53,0.867
2016,Reggie Jackson,DET,PG,30.7,18.8,6.2,3.2,79,0.919
2016,LeBron James,CLE,SF,35.6,25.3,6.8,7.4,76,1.11
2016,Al Jefferson,CHO,C,23.3,12.0,1.5,6.4,47,0.854
2016,Amir Johnson,BOS,PF,22.8,7.3,1.7,6.4,79,0.675
2016,Joe Johnson,2TM,SF,33.4,12.2,3.9,3.6,81,0.59
2016,Joe Johnson,BRK,SF,33.9,11.8,4.1,3.9,57,0.584
2016,Stanley Johnson,DET,SF,23.1,8.1,1.6,4.2,73,0.602
2016,Wesley Johnson,LAC,SF,20.8,6.9,0.6,3.1,80,0.51
2016,Nikola Jokić,DEN,C,21.7,10.0,2.4,7.0,80,0.894
2016,Terrence Jones,HOU,PF,20.9,8.7,0.8,4.2,50,0.656
2016,DeAndre Jordan,LAC,C,33.7,12.7,1.2,13.8,77,0.822
2016,Cory Joseph,TOR,SG,25.6,8.5,3.1,2.6,80,0.555
2016,Frank Kaminsky,CHO,C,21.1,7.5,1.2,4.1,81,0.607
2016,Enes Freedom,OKC,C,21.0,12.7,0.4,8.1,82,1.01
2016,Brandon Knight,PHO,SG,36.0,19.6,5.1,3.9,52,0.794
2016,Kyle Korver,ATL,SG,30.0,9.2,2.1,3.3,80,0.487
2016,Shane Larkin,BRK,PG,22.4,7.3,4.4,2.3,78,0.625
2016,Zach LaVine,MIN,SG,28.0,14.0,3.1,2.8,82,0.711
2016,Ty Lawson,2TM,PG,21.4,5.7,3.6,1.8,66,0.519
2016,Ty Lawson,HOU,PG,22.2,5.8,3.4,1.7,53,0.491
2016,Courtney Lee,2TM,SG,29.5,9.6,1.7,2.6,79,0.471
2016,Courtney Lee,MEM,SG,29.2,10.0,1.5,2.3,51,0.473
2016,Alex Len,PHO,C,23.3,9.0,1.2,7.6,78,0.764
2016,Kawhi Leonard,SAS,SF,33.1,21.2,2.6,6.8,72,0.924
2016,Meyers Leonard,POR,PF,21.9,8.4,1.5,5.1,61,0.685
2016,Damian Lillard,POR,PG,35.7,25.1,6.8,4.0,75,1.006
2016,Jeremy Lin,CHO,SG,26.3,11.7,3.0,3.2,78,0.681
2016,Brook Lopez,BRK,C,33.7,20.6,2.0,7.8,73,0.902
2016,Robin Lopez,NYK,C,27.1,10.3,1.4,7.3,82,0.701
2016,Kevin Love,CLE,PF,31.5,16.0,2.4,9.9,77,0.898
2016,Kyle Lowry,TOR,PG,37.0,21.2,6.4,4.7,77,0.873
2016,Shelvin Mack,2TM,PG,20.3,8.6,3.6,2.5,52,0.724
2016,Ian Mahinmi,IND,C,25.6,9.3,1.5,7.1,71,0.699
2016,Wesley Matthews,DAL,SF,33.9,12.5,1.9,3.1,78,0.516
2016,O.J. Mayo,MIL,SG,26.6,7.8,2.9,2.6,41,0.5
2016,CJ McCollum,POR,SG,34.8,20.8,4.3,3.2,80,0.813
2016,Doug McDermott,CHI,SF,23.0,9.4,0.7,2.4,81,0.543
2016,Ben McLemore,SAC,SG,21.2,7.8,1.2,2.2,68,0.528
2016,Khris Middleton,MIL,SG,36.1,18.2,4.2,3.8,79,0.726
2016,C.J. Miles,IND,SF,22.9,11.8,1.0,2.7,64,0.677
2016,Paul Millsap,ATL,PF,32.7,17.1,3.3,9.0,81,0.899
2016,Patty Mills,SAS,PG,20.5,8.5,2.8,2.0,81,0.649
2016,Nikola Mirotić,CHI,PF,24.9,11.8,1.5,5.5,66,0.755
2016,Greg Monroe,MIL,C,29.3,15.3,2.3,8.8,79,0.901
2016,E'Twaun Moore,CHI,SG,21.4,7.5,1.7,2.3,59,0.537
2016,Markieff Morris,2TM,PF,25.5,12.0,1.9,5.5,64,0.761
2016,Marcus Morris,DET,SF,35.7,14.1,2.5,5.1,80,0.608
2016,Emmanuel Mudiay,DEN,PG,30.4,12.8,5.5,3.4,68,0.714
2016,Shabazz Muhammad,MIN,SF,20.5,10.5,0.6,3.3,82,0.702
2016,Larry Nance Jr.,LAL,PF,20.1,5.5,0.7,5.0,63,0.557
2016,Gary Neal,WAS,SG,20.2,9.8,1.2,2.1,40,0.649
2016,Nerlens Noel,PHI,C,29.3,11.1,1.8,8.1,67,0.717
2016,Dirk Nowitzki,DAL,PF,31.5,18.3,1.8,6.5,75,0.844
2016,Jahlil Okafor,PHI,C,30.0,17.5,1.2,7.0,53,0.857
2016,Victor Oladipo,ORL,SG,33.0,16.0,3.9,4.8,72,0.748
2016,Kelly Olynyk,BOS,C,20.2,10.0,1.5,4.1,69,0.772
2016,Zaza Pachulia,DAL,C,26.4,8.6,1.7,9.4,76,0.746
2016,Jabari Parker,MIL,PF,31.7,14.1,1.7,5.2,76,0.662
2016,Tony Parker,SAS,PG,27.5,11.9,5.3,2.4,72,0.713
2016,Chandler Parsons,DAL,SF,29.5,13.7,2.8,4.7,61,0.719
2016,Patrick Patterson,TOR,PF,25.6,6.9,1.2,4.3,79,0.484
2016,Chris Paul,LAC,PG,32.7,19.5,10.0,4.2,74,1.031
2016,Elfrid Payton,ORL,PG,29.4,10.7,6.4,3.6,73,0.704
2016,Mason Plumlee,POR,C,25.4,9.1,2.8,7.7,82,0.772
2016,Otto Porter Jr.,WAS,SF,30.3,11.6,1.6,5.2,75,0.607
2016,Kristaps Porziņģis,NYK,PF,28.4,14.3,1.3,7.3,72,0.806
2016,Julius Randle,LAL,PF,28.2,11.3,1.8,10.2,81,0.826
2016,Zach Randolph,MEM,PF,29.6,15.3,2.1,7.8,68,0.851
2016,JJ Redick,LAC,SG,28.0,16.3,1.4,1.9,75,0.7
2016,Josh Richardson,MIA,SG,21.3,6.6,1.4,2.1,52,0.474
2016,Austin Rivers,LAC,SG,21.9,8.9,1.5,1.9,67,0.562
2016,Andre Roberson,OKC,SG,22.2,4.8,0.7,3.6,70,0.41
2016,Rajon Rondo,SAC,PG,35.2,11.9,11.7,6.0,72,0.841
2016,Derrick Rose,CHI,PG,31.8,16.4,4.7,3.4,66,0.77
2016,Terrence Ross,TOR,SF,23.9,9.9,0.8,2.5,73,0.552
2016,Ricky Rubio,MIN,PG,30.6,10.1,8.7,4.3,76,0.755
2016,D'Angelo Russell,LAL,PG,28.2,13.2,3.3,3.4,80,0.706
2016,Dennis Schröder,ATL,PG,20.3,11.0,4.4,2.6,80,0.887
2016,Luis Scola,TOR,PF,21.5,8.7,0.9,4.7,76,0.665
2016,Thabo Sefolosha,ATL,SF,23.4,6.4,1.4,4.5,75,0.526
2016,Ramon Sessions,WAS,PG,20.3,9.9,2.9,2.5,82,0.754
2016,Iman Shumpert,CLE,SG,24.4,5.8,1.7,3.8,54,0.463
2016,Donald Sloan,BRK,PG,21.6,7.0,4.4,2.8,61,0.657
2016,Marcus Smart,BOS,PG,27.3,9.1,3.0,4.2,61,0.597
2016,Ish Smith,2TM,PG,29.1,12.6,6.5,4.0,77,0.794
2016,Ish Smith,PHI,PG,32.4,14.7,7.0,4.3,50,0.802
2016,J.R. Smith,CLE,SG,30.7,12.4,1.7,2.8,77,0.55
2016,Tony Snell,CHI,SF,20.3,5.3,1.0,3.1,64,0.463
2016,Nik Stauskas,PHI,SG,24.8,8.5,1.9,2.5,73,0.52
2016,Rodney Stuckey,IND,PG,22.0,8.9,2.4,2.7,58,0.636
2016,Jared Sullinger,BOS,PF,23.6,10.3,2.3,8.3,81,0.886
2016,Jeff Teague,ATL,PG,28.5,15.7,5.9,2.7,79,0.853
2016,Mirza Teletović,PHO,PF,21.3,12.2,1.1,3.8,79,0.803
2016,Garrett Temple,WAS,SF,24.4,7.3,1.8,2.7,80,0.484
2016,Isaiah Thomas,BOS,PG,32.2,22.2,6.2,3.0,82,0.975
2016,Lance Thomas,NYK,PF,22.3,8.2,0.9,2.2,59,0.507
2016,Hollis Thompson,PHI,SG,28.0,9.8,1.3,3.5,77,0.521
2016,Klay Thompson,GSW,SG,33.3,22.1,2.1,3.8,80,0.841
2016,Tristan Thompson,CLE,PF,27.7,7.8,0.8,9.0,82,0.635
2016,Karl-Anthony Towns,MIN,C,32.0,18.3,2.0,10.5,82,0.962
2016,P.J. Tucker,PHO,SF,31.0,8.0,2.2,6.2,82,0.529
2016,Evan Turner,BOS,SG,28.0,10.5,4.4,4.9,81,0.707
2016,Myles Turner,IND,C,22.8,10.3,0.7,5.5,60,0.724
2016,Jonas Valančiūnas,TOR,C,26.0,12.8,0.7,9.1,60,0.869
2016,Nikola Vučević,ORL,C,31.3,18.2,2.8,8.9,65,0.955
2016,Dwyane Wade,MIA,SG,30.5,19.0,4.6,4.1,74,0.908
2016,Dion Waiters,OKC,SG,27.6,9.8,2.0,2.6,78,0.522
2016,Kemba Walker,CHO,PG,35.6,20.9,5.2,4.4,81,0.857
2016,John Wall,WAS,PG,36.2,19.9,10.2,4.9,77,0.967
2016,T.J. Warren,PHO,SF,22.8,11.0,0.9,3.1,47,0.658
2016,Russell Westbrook,OKC,PG,34.4,23.5,10.4,7.8,80,1.212
2016,Hassan Whiteside,MIA,C,29.1,14.2,0.4,11.8,73,0.907
2016,Andrew Wiggins,MIN,SF,35.1,20.7,2.0,3.6,81,0.749
2016,Deron Williams,DAL,PG,32.4,14.1,5.8,2.9,65,0.704
2016,Lou Williams,LAL,SG,28.5,15.3,2.5,2.5,67,0.712
2016,Marvin Williams,CHO,PF,28.9,11.7,1.4,6.4,81,0.675
2016,Justise Winslow,MIA,SF,28.6,6.4,1.5,5.2,78,0.458
2016,Thaddeus Young,BRK,PF,33.0,15.1,1.9,9.0,73,0.788
2016,Cody Zeller,CHO,C,24.3,8.7,1.0,6.2,73,0.654
2015,Steven Adams,OKC,C,25.3,7.7,0.9,7.5,70,0.636
2015,Arron Afflalo,2TM,SG,32.1,13.3,1.7,3.2,78,0.567
2015,Arron Afflalo,DEN,SG,33.0,14.5,1.9,3.4,53,0.6
2015,LaMarcus Aldridge,POR,PF,35.4,23.4,1.7,10.2,71,0.997
2015,Tony Allen,MEM,SG,26.2,8.6,1.4,4.4,63,0.55
2015,Lou Amundson,NYK,PF,20.9,6.0,1.6,6.0,41,0.651
2015,Alan Anderson,BRK,SG,23.6,7.4,1.1,2.8,74,0.479
2015,Ryan Anderson,NOP,PF,27.5,13.7,0.9,4.8,61,0.705
2015,Giannis Antetokounmpo,MIL,SG,31.4,12.7,2.6,6.7,81,0.701
2015,Carmelo Anthony,NYK,SF,35.7,24.2,3.1,6.6,40,0.95
2015,Trevor Ariza,HOU,SF,35.7,12.8,2.5,5.6,82,0.585
2015,Ömer Aşık,NOP,C,26.1,7.3,0.9,9.8,76,0.69
2015,D.J. Augustin,2TM,PG,24.0,9.5,4.3,2.0,82,0.658
2015,D.J. Augustin,DET,PG,23.8,10.6,4.9,1.9,54,0.731
2015,Harrison Barnes,GSW,SF,28.3,10.1,1.4,5.5,82,0.601
2015,Matt Barnes,LAC,SF,29.9,10.1,1.5,4.0,76,0.522
2015,Brandon Bass,BOS,PF,23.5,10.6,1.3,4.9,82,0.715
2015,Nicolas Batum,POR,SF,33.5,9.4,4.8,5.9,71,0.6
2015,Jerryd Bayless,MIL,PG,22.3,7.8,3.0,2.7,77,0.605
2015,Bradley Beal,WAS,SG,33.4,15.3,3.1,3.8,63,0.665
2015,Marco Belinelli,SAS,SG,22.4,9.2,1.5,2.5,62,0.589
2015,Patrick Beverley,HOU,PG,30.8,10.1,3.4,4.2,56,0.575
2015,Eric Bledsoe,PHO,PG,34.6,17.0,6.1,5.2,81,0.818
2015,Bojan Bogdanović,BRK,SF,23.8,9.0,0.9,2.7,78,0.529
2015,Andrew Bogut,GSW,C,23.6,6.3,2.7,8.1,67,0.725
2015,Carlos Boozer,LAL,PF,23.8,11.8,1.3,6.8,71,0.836
2015,Chris Bosh,MIA,C,35.4,21.1,2.2,7.0,44,0.856
2015,Avery Bradley,BOS,SG,31.5,13.9,1.8,3.1,77,0.597
2015,Corey Brewer,2TM,SF,26.1,11.5,2.2,3.7,80,0.667
2015,Corey Brewer,HOU,SF,25.1,11.9,1.7,3.6,56,0.685
2015,Aaron Brooks,CHI,PG,23.0,11.6,3.2,2.0,82,0.73
2015,Trey Burke,UTA,PG,30.1,12.8,4.3,2.7,76,0.658
2015,Caron Butler,DET,SF,20.8,5.9,1.0,2.5,78,0.452
2015,Jimmy Butler,CHI,SG,38.7,20.0,3.3,5.8,65,0.752
2015,Rasual Butler,WAS,SF,20.1,7.7,0.8,2.6,75,0.552
2015,José Calderón,NYK,PG,30.2,9.1,4.7,3.0,42,0.556
2015,Kentavious Caldwell-Pope,DET,SG,31.5,12.7,1.3,3.1,82,0.543
2015,Isaiah Canaan,2TM,PG,20.0,9.2,2.1,1.9,47,0.66
2015,DeMarre Carroll,ATL,SF,31.3,12.6,1.7,5.3,70,0.626
2015,Michael Carter-Williams,2TM,PG,32.6,14.6,6.7,5.3,66,0.816
2015,Michael Carter-Williams,PHI,PG,33.9,15.0,7.4,6.2,41,0.844
2015,Omri Casspi,SAC,SF,21.1,8.9,1.5,3.9,67,0.678
2015,Mario Chalmers,MIA,PG,29.6,10.2,3.8,2.6,80,0.561
2015,Tyson Chandler,DAL,C,30.5,10.3,1.1,11.5,75,0.751
2015,Wilson Chandler,DEN,SF,31.7,13.9,1.7,6.1,78,0.685
2015,Jordan Clarkson,LAL,PG,25.0,11.9,3.5,3.2,59,0.744
2015,Norris Cole,2TM,PG,24.4,7.6,3.4,2.1,75,0.537
2015,Norris Cole,MIA,PG,24.4,6.3,3.5,2.3,47,0.496
2015,Darren Collison,SAC,PG,34.8,16.1,5.6,3.2,45,0.716
2015,Mike Conley,MEM,PG,31.8,15.8,5.4,3.0,70,0.761
2015,DeMarcus Cousins,SAC,C,34.1,24.1,3.6,12.7,59,1.185
2015,Robert Covington,PHI,SF,27.9,13.5,1.5,4.5,70,0.699
2015,Jamal Crawford,LAC,SG,26.6,15.8,2.5,1.9,64,0.759
2015,Jae Crowder,2TM,SF,20.1,7.7,1.1,3.6,82,0.617
2015,Jae Crowder,BOS,SF,24.2,9.5,1.4,4.6,57,0.64
2015,Dante Cunningham,NOP,PF,25.0,5.2,0.8,3.9,66,0.396
2015,Stephen Curry,GSW,PG,32.7,23.8,7.7,4.3,80,1.095
2015,Anthony Davis,NOP,PF,36.1,24.4,2.2,10.2,68,1.019
2015,Ed Davis,LAL,PF,23.3,8.3,1.2,7.6,79,0.734
2015,Matthew Dellavedova,CLE,SG,20.6,4.8,3.0,1.9,67,0.471
2015,Luol Deng,MIA,SF,33.6,14.0,1.9,5.2,72,0.628
2015,DeMar DeRozan,TOR,SG,35.0,20.1,3.5,4.6,60,0.806
2015,Boris Diaw,SAS,PF,24.5,8.7,2.9,4.3,81,0.649
2015,Gorgui Dieng,MIN,C,30.0,9.7,2.0,8.3,73,0.667
2015,Goran Dragić,2TM,PG,33.8,16.3,4.5,3.5,78,0.719
2015,Goran Dragić,PHO,SG,33.4,16.2,4.1,3.6,52,0.716
2015,Andre Drummond,DET,C,30.5,13.8,0.7,13.5,82,0.918
2015,Jared Dudley,MIL,SG,23.8,7.2,1.8,3.1,72,0.508
2015,Tim Duncan,SAS,C,28.9,13.9,3.0,9.1,77,0.9
2015,Mike Dunleavy,CHI,SF,29.2,9.4,1.8,3.9,63,0.517
2015,Wayne Ellington,LAL,SG,25.8,10.0,1.6,3.2,65,0.574
2015,Monta Ellis,DAL,SG,33.7,18.9,4.1,2.4,80,0.754
2015,Tyreke Evans,NOP,SG,34.1,16.6,6.6,5.3,79,0.836
2015,Dante Exum,UTA,PG,22.2,4.8,2.4,1.6,82,0.396
2015,Kenneth Faried,DEN,PF,27.8,12.6,1.2,8.9,75,0.817
2015,Derrick Favors,UTA,PF,30.8,16.0,1.5,8.2,74,0.834
2015,Evan Fournier,ORL,SG,28.6,12.0,2.1,2.6,58,0.584
2015,Randy Foye,DEN,SG,21.7,8.7,2.4,1.7,50,0.59
2015,Channing Frye,ORL,PF,24.9,7.3,1.3,3.9,75,0.502
2015,Danilo Gallinari,DEN,SF,24.2,12.4,1.4,3.7,59,0.723
2015,Langston Galloway,NYK,PG,32.4,11.8,3.3,4.2,45,0.596
2015,Kevin Garnett,2TM,PF,20.3,6.9,1.6,6.6,47,0.744
2015,Kevin Garnett,BRK,PF,20.3,6.8,1.6,6.8,42,0.749
2015,Marc Gasol,MEM,C,33.2,17.4,3.8,7.8,81,0.873
2015,Pau Gasol,CHI,PF,34.4,18.5,2.7,11.8,78,0.959
2015,Rudy Gay,SAC,SF,35.4,21.1,3.7,5.9,68,0.867
2015,Taj Gibson,CHI,PF,27.3,10.3,1.1,6.4,62,0.652
2015,Manu Ginóbili,SAS,SG,22.7,10.5,4.2,3.0,70,0.78
2015,Rudy Gobert,UTA,C,26.3,8.4,1.3,9.5,82,0.73
2015,Eric Gordon,NOP,SG,33.1,13.4,3.8,2.6,61,0.598
2015,Marcin Gortat,WAS,C,29.9,12.2,1.2,8.7,82,0.739
2015,Jerami Grant,PHI,SF,21.2,6.3,1.2,3.0,65,0.495
2015,Danny Green,SAS,SG,28.5,11.7,2.0,4.2,81,0.628
2015,Draymond Green,GSW,PF,31.5,11.7,3.7,8.2,79,0.749
2015,Jeff Green,2TM,SF,31.5,15.0,1.7,4.2,78,0.663
2015,Jeff Green,MEM,SF,30.2,13.1,1.8,4.2,45,0.632
2015,Blake Griffin,LAC,PF,35.2,21.9,5.3,7.6,67,0.989
2015,Tim Hardaway Jr.,NYK,SG,24.0,11.5,1.8,2.2,70,0.646
2015,James Harden,HOU,SG,36.8,27.4,7.0,5.7,81,1.09
2015,Devin Harris,DAL,PG,22.2,8.8,3.1,1.8,76,0.617
2015,Tobias Harris,ORL,SF,34.8,17.1,1.8,6.3,68,0.724
2015,Gordon Hayward,UTA,SF,34.4,19.3,4.1,4.9,76,0.823
2015,Gerald Henderson,CHO,SG,28.9,12.1,2.6,3.4,80,0.626
2015,Roy Hibbert,IND,C,25.3,10.6,1.1,7.1,76,0.743
2015,Nenê,WAS,PF,25.3,11.0,1.8,5.1,67,0.708
2015,George Hill,IND,PG,29.5,16.1,5.1,4.2,43,0.861
2015,Jordan Hill,LAL,C,26.8,12.0,1.5,7.9,70,0.799
2015,Solomon Hill,IND,SF,29.0,8.9,2.2,3.8,82,0.514
2015,Kirk Hinrich,CHI,SG,24.4,5.7,2.2,1.8,66,0.398
2015,Jrue Holiday,NOP,PG,32.6,14.8,6.9,3.4,40,0.77
2015,Rodney Hood,UTA,SG,21.3,8.7,1.7,2.3,50,0.596
2015,Al Horford,ATL,C,30.5,15.2,3.2,7.2,76,0.839
2015,Dwight Howard,HOU,C,29.8,15.8,1.2,10.5,41,0.923
2015,Kris Humphries,WAS,PF,21.0,8.0,0.9,6.5,64,0.733
2015,Serge Ibaka,OKC,PF,33.1,14.3,0.9,7.8,64,0.695
2015,Andre Iguodala,GSW,SF,26.9,7.8,3.0,3.3,77,0.524
2015,Ersan İlyasova,MIL,PF,22.7,11.5,1.0,4.8,58,0.762
2015,Joe Ingles,UTA,SF,21.2,5.0,2.3,2.2,79,0.448
2015,Kyrie Irving,CLE,PG,36.4,21.7,5.2,3.2,75,0.827
2015,Jarrett Jack,BRK,PG,28.0,12.0,4.7,3.1,80,0.707
2015,Reggie Jackson,2TM,PG,29.5,14.5,6.0,4.2,77,0.837
2015,Reggie Jackson,OKC,PG,28.0,12.8,4.3,4.0,50,0.754
2015,LeBron James,CLE,SF,36.1,25.3,7.4,6.0,69,1.072
2015,Al Jefferson,CHO,C,30.6,16.6,1.7,8.4,65,0.873
2015,Brandon Jennings,DET,PG,28.6,15.4,6.6,2.5,41,0.857
2015,Amir Johnson,TOR,PF,26.4,9.3,1.6,6.1,75,0.644
2015,Joe Johnson,BRK,SG,34.9,14.4,3.7,4.8,80,0.656
2015,Wesley Johnson,LAL,SF,29.5,9.9,1.6,4.2,76,0.532
2015,DeAndre Jordan,LAC,C,34.4,11.5,0.7,15.0,82,0.791
2015,Enes Freedom,2TM,C,28.5,15.5,0.7,8.9,75,0.881
2015,Enes Freedom,UTA,C,27.1,13.8,0.5,7.8,49,0.815
2015,Ryan Kelly,LAL,PF,23.7,6.4,1.8,2.8,52,0.464
2015,Michael Kidd-Gilchrist,CHO,SF,28.9,10.9,1.4,7.6,55,0.689
2015,Brandon Knight,2TM,PG,32.3,17.0,5.2,3.9,63,0.808
2015,Brandon Knight,MIL,PG,32.5,17.8,5.4,4.3,52,0.846
2015,Kyle Korver,ATL,SG,32.2,12.1,2.6,4.1,75,0.584
2015,Shane Larkin,NYK,PG,24.5,6.2,3.0,2.3,76,0.469
2015,Zach LaVine,MIN,PG,24.7,10.1,3.6,2.8,77,0.668
2015,Ty Lawson,DEN,PG,35.5,15.2,9.6,3.1,75,0.786
2015,Courtney Lee,MEM,SG,30.6,10.1,2.0,2.3,77,0.471
2015,Alex Len,PHO,C,22.0,6.3,0.5,6.6,69,0.609
2015,Kawhi Leonard,SAS,SF,31.8,16.5,2.5,7.2,64,0.824
2015,Damian Lillard,POR,PG,35.7,21.0,6.2,4.6,82,0.891
2015,Jeremy Lin,LAL,PG,25.8,11.2,4.6,2.6,74,0.713
2015,Brook Lopez,BRK,C,29.2,17.2,0.7,7.4,72,0.866
2015,Robin Lopez,POR,C,27.8,9.6,0.9,6.7,59,0.619
2015,Kevin Love,CLE,PF,33.8,16.4,2.2,9.7,75,0.837
2015,Kyle Lowry,TOR,PG,34.5,17.8,6.8,4.7,70,0.849
2015,Wesley Matthews,POR,SG,33.7,15.9,2.3,3.7,60,0.65
2015,O.J. Mayo,MIL,SG,23.9,11.4,2.8,2.6,71,0.703
2015,Luc Mbah a Moute,PHI,PF,28.6,9.9,1.6,4.9,67,0.573
2015,Ray McCallum,SAC,PG,21.1,7.4,2.8,2.6,68,0.607
2015,K.J. McDaniels,2TM,SG,21.8,7.9,1.2,3.2,62,0.564
2015,K.J. McDaniels,PHI,SG,25.4,9.2,1.3,3.8,52,0.563
2015,Ben McLemore,SAC,SG,32.6,12.1,1.7,2.9,82,0.512
2015,Jodie Meeks,DET,SG,24.4,11.1,1.3,1.7,60,0.578
2015,Khris Middleton,MIL,SF,30.1,13.4,2.3,4.4,79,0.668
2015,C.J. Miles,IND,SG,26.3,13.5,1.1,3.1,70,0.673
2015,Paul Millsap,ATL,PF,32.7,16.7,3.1,7.8,73,0.844
2015,Nikola Mirotić,CHI,PF,20.2,10.2,1.2,4.9,82,0.807
2015,Greg Monroe,DET,PF,31.0,15.9,2.1,10.2,69,0.91
2015,Markieff Morris,PHO,PF,31.5,15.3,2.3,6.2,82,0.756
2015,Marcus Morris,PHO,PF,25.2,10.4,1.6,4.8,81,0.667
2015,Anthony Morrow,OKC,SG,24.4,10.7,0.8,2.6,74,0.578
2015,Donatas Motiejūnas,HOU,PF,28.7,12.0,1.8,5.9,71,0.686
2015,Timofey Mozgov,2TM,C,25.2,9.7,0.7,7.3,81,0.702
2015,Timofey Mozgov,CLE,C,25.0,10.6,0.8,6.9,46,0.732
2015,Gary Neal,2TM,SG,22.1,10.1,1.9,2.4,54,0.652
2015,Gary Neal,CHO,SG,21.7,9.6,1.9,2.2,43,0.631
2015,Jameer Nelson,3TM,PG,22.3,8.3,4.0,2.3,63,0.655
2015,Joakim Noah,CHI,C,30.6,7.2,4.7,9.6,67,0.703
2015,Nerlens Noel,PHI,C,30.8,9.9,1.7,8.1,75,0.64
2015,Dirk Nowitzki,DAL,PF,29.6,17.3,1.9,5.9,77,0.848
2015,Victor Oladipo,ORL,SG,35.7,17.9,4.1,4.2,72,0.734
2015,Kelly Olynyk,BOS,C,22.2,10.3,1.7,4.7,64,0.752
2015,Zaza Pachulia,MIL,C,23.7,8.3,2.4,6.8,73,0.738
2015,Tony Parker,SAS,PG,28.7,14.4,4.9,1.9,68,0.739
2015,Chandler Parsons,DAL,SF,33.1,15.7,2.4,4.9,66,0.695
2015,Patrick Patterson,TOR,PF,26.6,8.0,1.9,5.3,81,0.571
2015,Chris Paul,LAC,PG,34.8,19.1,10.2,4.6,82,0.974
2015,Elfrid Payton,ORL,PG,30.4,8.9,6.5,4.3,82,0.648
2015,Paul Pierce,WAS,SF,26.2,11.9,2.0,4.0,73,0.683
2015,Mason Plumlee,BRK,C,21.3,8.7,0.9,6.2,82,0.742
2015,Quincy Pondexter,2TM,SG,23.9,7.2,1.3,2.6,75,0.464
2015,Quincy Pondexter,NOP,SF,27.8,9.0,1.5,3.1,45,0.489
2015,Ronnie Price,LAL,PG,22.8,5.1,3.8,1.6,43,0.461
2015,Tayshaun Prince,3TM,SF,24.1,7.5,1.6,3.6,58,0.527
2015,Zach Randolph,MEM,PF,32.5,16.1,2.2,10.5,71,0.886
2015,JJ Redick,LAC,SG,30.9,16.4,1.8,2.1,78,0.657
2015,Austin Rivers,2TM,SG,20.6,7.0,2.0,2.0,76,0.534
2015,Rajon Rondo,2TM,PG,29.7,8.9,7.9,5.5,68,0.751
2015,Rajon Rondo,DAL,PG,28.7,9.3,6.5,4.5,46,0.707
2015,Derrick Rose,CHI,PG,30.0,17.7,4.9,3.2,51,0.86
2015,Terrence Ross,TOR,SF,25.5,9.8,1.0,2.8,82,0.533
2015,Luis Scola,IND,PF,20.5,9.4,1.3,6.5,81,0.839
2015,Iman Shumpert,2TM,SG,24.9,8.0,2.2,3.6,62,0.554
2015,Kyle Singler,2TM,SF,21.8,6.0,1.1,2.4,80,0.436
2015,Kyle Singler,DET,SF,23.8,7.1,1.2,2.6,54,0.458
2015,Donald Sloan,IND,PG,20.9,7.4,3.6,2.7,53,0.656
2015,Marcus Smart,BOS,PG,27.0,7.8,3.1,3.3,67,0.526
2015,Jason Smith,NYK,C,21.8,8.0,1.7,4.0,82,0.628
2015,Josh Smith,2TM,PF,27.7,12.4,3.3,6.4,83,0.798
2015,Josh Smith,HOU,PF,25.5,12.0,2.6,6.0,55,0.808
2015,J.R. Smith,2TM,SG,29.7,12.1,2.8,3.1,70,0.606
2015,J.R. Smith,CLE,SG,31.8,12.7,2.5,3.5,46,0.588
2015,Lance Stephenson,CHO,SG,25.8,8.2,3.9,4.5,61,0.643
2015,Amar'e Stoudemire,2TM,PF,21.1,11.5,0.8,5.6,59,0.848
2015,Rodney Stuckey,IND,PG,26.4,12.6,3.1,3.5,71,0.727
2015,Jared Sullinger,BOS,PF,27.0,13.3,2.3,7.6,58,0.859
2015,Jeff Teague,ATL,PG,30.5,15.9,7.0,2.5,73,0.833
2015,Mirza Teletović,BRK,PF,22.3,8.5,1.2,4.9,40,0.655
2015,Jason Terry,HOU,SG,21.3,7.0,1.9,1.6,77,0.493
2015,Isaiah Thomas,2TM,PG,25.8,16.4,4.2,2.3,67,0.888
2015,Isaiah Thomas,PHO,PG,25.7,15.2,3.7,2.4,46,0.829
2015,Lance Thomas,2TM,PF,24.0,7.1,1.1,3.1,62,0.471
2015,Lance Thomas,NYK,PF,26.0,8.3,1.2,3.0,40,0.481
2015,Hollis Thompson,PHI,SG,25.0,8.8,1.2,2.8,71,0.512
2015,Jason Thompson,SAC,PF,24.6,6.1,1.0,6.5,81,0.553
2015,Klay Thompson,GSW,SG,31.9,21.7,2.9,3.2,77,0.871
2015,Tristan Thompson,CLE,PF,26.8,8.5,0.5,8.0,82,0.634
2015,Anthony Tolliver,DET,PF,22.3,7.7,0.9,3.7,52,0.552
2015,P.J. Tucker,PHO,SF,30.6,9.1,1.6,6.4,78,0.559
2015,Evan Turner,BOS,SG,27.6,9.5,5.5,5.1,82,0.728
2015,Jonas Valančiūnas,TOR,C,26.2,12.0,0.5,8.7,80,0.809
2015,Greivis Vásquez,TOR,PG,24.3,9.5,3.7,2.6,82,0.65
2015,Nikola Vučević,ORL,C,34.2,19.3,2.0,10.9,74,0.942
2015,Dwyane Wade,MIA,SG,31.8,21.5,4.8,3.5,62,0.937
2015,Dion Waiters,2TM,SG,27.6,11.8,2.0,2.4,80,0.587
2015,Dion Waiters,OKC,SG,30.3,12.7,1.9,2.9,47,0.578
2015,Kemba Walker,CHO,PG,34.2,17.3,5.1,3.5,62,0.757
2015,John Wall,WAS,PG,35.9,17.6,10.0,4.6,79,0.897
2015,C.J. Watson,IND,PG,24.9,10.0,3.6,2.9,57,0.663
2015,Russell Westbrook,OKC,PG,34.4,28.1,8.6,7.3,67,1.279
2015,David West,IND,PF,28.7,11.7,3.4,6.8,66,0.763
2015,Hassan Whiteside,MIA,C,23.8,11.8,0.1,10.0,48,0.92
2015,Andrew Wiggins,MIN,SF,36.2,16.9,2.1,4.6,82,0.652
2015,Deron Williams,BRK,PG,31.1,13.0,6.6,3.5,68,0.743
2015,Lou Williams,TOR,SG,25.2,15.5,2.1,1.9,80,0.774
2015,Mo Williams,2TM,PG,29.1,14.2,6.2,2.6,68,0.79
2015,Mo Williams,MIN,PG,28.0,12.2,6.4,2.4,41,0.75
2015,Marvin Williams,CHO,PF,26.1,7.4,1.3,4.9,78,0.521
2015,Shawne Williams,MIA,SF,21.0,6.6,0.8,3.2,44,0.505
2015,Brandan Wright,PHO,PF,21.5,7.0,0.6,4.9,40,0.581
2015,Nick Young,LAL,SG,23.8,13.4,1.0,2.3,42,0.702
2015,Thaddeus Young,2TM,PF,32.0,14.1,2.3,5.4,76,0.681
2015,Thaddeus Young,MIN,PF,33.4,14.3,2.8,5.1,48,0.665
2015,Cody Zeller,CHO,C,24.0,7.6,1.6,5.8,62,0.625
2015,Tyler Zeller,BOS,C,21.1,10.2,1.4,5.7,82,0.82
2014,Arron Afflalo,ORL,SG,35.0,18.2,3.4,3.6,73,0.72
2014,LaMarcus Aldridge,POR,PF,36.2,23.2,2.6,11.1,69,1.019
2014,Ray Allen,MIA,SG,26.5,9.6,2.0,2.8,73,0.543
2014,Tony Allen,MEM,SG,23.2,9.0,1.7,3.8,55,0.625
2014,Al-Farouq Aminu,NOP,SF,25.6,7.2,1.4,6.2,80,0.578
2014,Alan Anderson,BRK,SF,22.7,7.2,1.0,2.2,78,0.458
2014,James Anderson,PHI,SG,28.9,10.1,1.9,3.8,80,0.547
2014,Giannis Antetokounmpo,MIL,SF,24.6,6.8,1.9,4.4,77,0.533
2014,Carmelo Anthony,NYK,PF,38.7,27.4,3.1,8.1,77,0.997
2014,Trevor Ariza,WAS,SF,35.4,14.4,2.5,6.2,77,0.653
2014,Ömer Aşık,HOU,C,20.2,5.8,0.5,7.9,48,0.703
2014,D.J. Augustin,2TM,PG,27.3,13.1,4.4,1.8,71,0.707
2014,D.J. Augustin,CHI,PG,30.4,14.9,5.0,2.1,61,0.724
2014,Andrea Bargnani,NYK,C,29.9,13.3,1.1,5.3,42,0.659
2014,Harrison Barnes,GSW,SF,28.3,9.5,1.5,4.0,78,0.53
2014,Matt Barnes,LAC,SF,27.5,9.9,2.0,4.6,63,0.6
2014,Brandon Bass,BOS,PF,27.6,11.1,1.1,5.7,82,0.649
2014,Shane Battier,MIA,SF,20.1,4.1,0.9,1.9,73,0.343
2014,Nicolas Batum,POR,SF,36.0,13.0,5.1,7.5,82,0.711
2014,Jerryd Bayless,2TM,PG,23.4,9.3,2.7,2.0,72,0.598
2014,Jerryd Bayless,BOS,PG,25.3,10.1,3.1,2.1,41,0.605
2014,Bradley Beal,WAS,SG,34.7,17.1,3.3,3.7,73,0.695
2014,Marco Belinelli,SAS,SF,25.2,11.4,2.2,2.8,80,0.651
2014,Patrick Beverley,HOU,PG,31.3,10.2,2.7,3.5,56,0.524
2014,Steve Blake,2TM,PG,27.2,6.9,5.6,2.9,55,0.566
2014,Andray Blatche,BRK,PF,22.2,11.2,1.5,5.3,73,0.811
2014,Eric Bledsoe,PHO,PG,32.9,17.7,5.5,4.7,43,0.848
2014,Andrew Bogut,GSW,C,26.4,7.3,1.7,10.0,67,0.72
2014,Trevor Booker,WAS,PF,21.6,6.8,0.9,5.3,72,0.602
2014,Carlos Boozer,CHI,PF,28.2,13.7,1.6,8.3,76,0.837
2014,Chris Bosh,MIA,C,32.0,16.2,1.1,6.6,79,0.747
2014,Avery Bradley,BOS,SG,30.9,14.9,1.4,3.8,60,0.65
2014,Corey Brewer,MIN,SF,32.2,12.3,1.7,2.6,81,0.516
2014,Aaron Brooks,2TM,PG,21.6,9.0,3.2,1.9,72,0.653
2014,Trey Burke,UTA,PG,32.3,12.8,5.7,3.0,70,0.666
2014,Alec Burks,UTA,SG,28.1,14.0,2.7,3.3,78,0.712
2014,Caron Butler,2TM,SF,25.3,10.5,1.5,4.1,56,0.636
2014,Jimmy Butler,CHI,SG,38.7,13.1,2.6,4.9,67,0.532
2014,José Calderón,DAL,PG,30.5,11.4,4.7,2.4,81,0.607
2014,DeMarre Carroll,ATL,SF,32.1,11.1,1.8,5.5,73,0.573
2014,Michael Carter-Williams,PHI,PG,34.5,16.7,6.3,6.2,70,0.846
2014,Vince Carter,DAL,SG,24.4,11.9,2.6,3.5,81,0.738
2014,Mario Chalmers,MIA,PG,29.8,9.8,4.9,2.9,73,0.591
2014,Tyson Chandler,NYK,C,30.2,8.7,1.1,9.6,55,0.642
2014,Wilson Chandler,DEN,SF,31.1,13.6,1.8,4.7,62,0.646
2014,Norris Cole,MIA,PG,24.6,6.4,3.0,2.0,82,0.463
2014,Darren Collison,LAC,PG,25.9,11.4,3.7,2.4,80,0.676
2014,Mike Conley,MEM,PG,33.5,17.2,6.0,2.9,73,0.779
2014,DeMarcus Cousins,SAC,C,32.4,22.7,2.9,11.7,71,1.151
2014,Jamal Crawford,LAC,SG,30.3,18.6,3.2,2.3,69,0.795
2014,Jordan Crawford,2TM,PG,23.0,11.0,3.5,2.3,81,0.73
2014,Dante Cunningham,MIN,PF,20.2,6.3,1.0,4.1,81,0.564
2014,Stephen Curry,GSW,PG,36.5,24.0,8.5,4.3,78,1.008
2014,Samuel Dalembert,DAL,C,20.2,6.6,0.5,6.8,80,0.688
2014,Anthony Davis,NOP,PF,35.2,20.8,1.6,10.0,67,0.92
2014,Glen Davis,2TM,PF,24.4,9.4,1.1,5.2,68,0.643
2014,Glen Davis,ORL,PF,30.1,12.1,1.6,6.3,45,0.664
2014,Luol Deng,2TM,SF,35.1,16.0,2.9,5.7,63,0.701
2014,Luol Deng,CLE,SF,33.8,14.3,2.5,5.1,40,0.648
2014,DeMar DeRozan,TOR,SG,38.2,22.7,4.0,4.3,79,0.812
2014,Boris Diaw,SAS,PF,25.0,9.1,2.8,4.1,79,0.64
2014,Chris Douglas-Roberts,CHA,SF,20.7,6.9,1.0,2.4,49,0.498
2014,Goran Dragić,PHO,SG,35.1,20.3,5.9,3.2,76,0.838
2014,Andre Drummond,DET,C,32.3,13.5,0.4,13.2,81,0.839
2014,Jared Dudley,LAC,SF,23.4,6.9,1.4,2.2,74,0.449
2014,Tim Duncan,SAS,C,29.2,15.1,3.0,9.7,74,0.952
2014,Mike Dunleavy,CHI,SF,31.5,11.3,2.3,4.2,82,0.565
2014,Kevin Durant,OKC,SF,38.5,32.0,5.5,7.4,81,1.166
2014,Monta Ellis,DAL,SG,36.9,19.0,5.7,3.6,82,0.767
2014,Tyreke Evans,NOP,SF,28.2,14.5,5.0,4.7,72,0.858
2014,Kenneth Faried,DEN,PF,27.2,13.7,1.2,8.6,80,0.864
2014,Jordan Farmar,LAL,PG,22.2,10.1,4.9,2.5,41,0.788
2014,Derrick Favors,UTA,PF,30.2,13.3,1.2,8.7,73,0.768
2014,Raymond Felton,NYK,PG,31.0,9.7,5.6,3.0,65,0.59
2014,Randy Foye,DEN,SG,30.7,13.2,3.5,2.9,81,0.638
2014,Channing Frye,PHO,PF,28.2,11.1,1.2,5.1,82,0.617
2014,Kevin Garnett,BRK,C,20.5,6.5,1.5,6.6,54,0.712
2014,Marc Gasol,MEM,C,33.4,14.6,3.6,7.2,59,0.76
2014,Pau Gasol,LAL,C,31.4,17.4,3.4,9.7,60,0.971
2014,Rudy Gay,2TM,SF,34.7,20.0,2.9,6.0,73,0.833
2014,Rudy Gay,SAC,SF,34.4,20.1,3.1,5.5,55,0.834
2014,Paul George,IND,SF,36.2,21.7,3.5,6.8,80,0.884
2014,Taj Gibson,CHI,PF,28.7,13.0,1.1,6.8,82,0.728
2014,Manu Ginóbili,SAS,SG,22.8,12.3,4.3,3.0,68,0.86
2014,Eric Gordon,NOP,SG,32.1,15.4,3.3,2.6,64,0.664
2014,Marcin Gortat,WAS,C,32.8,13.2,1.7,9.5,81,0.744
2014,Danny Granger,2TM,SF,20.7,8.2,1.0,3.2,41,0.599
2014,Danny Green,SAS,SG,24.3,9.1,1.5,3.4,68,0.576
2014,Draymond Green,GSW,SF,21.9,6.2,1.9,5.0,82,0.598
2014,Gerald Green,PHO,SG,28.4,15.8,1.5,3.4,82,0.729
2014,Jeff Green,BOS,SF,34.2,16.9,1.7,4.6,82,0.678
2014,Blake Griffin,LAC,PF,35.8,24.1,3.9,9.5,80,1.047
2014,Tim Hardaway Jr.,NYK,SG,23.1,10.2,0.8,1.5,81,0.541
2014,James Harden,HOU,SG,38.0,25.4,6.1,4.7,73,0.953
2014,Maurice Harkless,ORL,SF,24.4,7.4,1.0,3.3,80,0.48
2014,Devin Harris,DAL,PG,20.5,7.9,4.5,2.1,40,0.707
2014,Tobias Harris,ORL,PF,30.3,14.6,1.3,7.0,61,0.756
2014,Spencer Hawes,2TM,C,30.9,13.2,3.0,8.3,80,0.793
2014,Spencer Hawes,PHI,C,31.4,13.0,3.3,8.5,53,0.79
2014,Gordon Hayward,UTA,SF,36.4,16.2,5.2,5.1,77,0.728
2014,Gerald Henderson,CHA,SG,32.0,14.0,2.6,4.0,77,0.644
2014,Xavier Henry,LAL,SF,21.1,10.0,1.2,2.7,43,0.659
2014,John Henson,MIL,PF,26.5,11.1,1.6,7.1,70,0.747
2014,Roy Hibbert,IND,C,29.7,10.8,1.1,6.6,81,0.623
2014,J.J. Hickson,DEN,PF,26.9,11.8,1.4,9.2,69,0.833
2014,Nenê,WAS,PF,29.4,14.2,2.9,5.5,53,0.769
2014,George Hill,IND,PG,32.0,10.3,3.5,3.7,76,0.547
2014,Jordan Hill,LAL,PF,20.8,9.7,0.8,7.4,72,0.861
2014,Kirk Hinrich,CHI,PG,29.0,9.1,3.9,2.6,73,0.538
2014,Dwight Howard,HOU,C,33.7,18.3,1.8,12.2,71,0.958
2014,Serge Ibaka,OKC,PF,32.9,15.1,1.0,8.8,81,0.757
2014,Andre Iguodala,GSW,SF,32.4,9.3,4.2,4.7,63,0.562
2014,Ersan İlyasova,MIL,PF,26.9,11.2,1.3,6.2,55,0.695
2014,Kyrie Irving,CLE,PG,35.2,20.8,6.1,3.6,71,0.866
2014,Jarrett Jack,CLE,PG,28.2,9.5,4.1,2.8,80,0.582
2014,Reggie Jackson,OKC,PG,28.5,13.1,4.1,3.9,80,0.74
2014,LeBron James,MIA,PF,37.7,27.1,6.3,6.9,77,1.069
2014,Al Jefferson,CHA,C,35.0,21.8,2.1,10.8,73,0.991
2014,Richard Jefferson,UTA,SF,27.0,10.1,1.6,2.7,82,0.533
2014,Brandon Jennings,DET,PG,34.1,15.5,7.6,3.1,80,0.768
2014,Amir Johnson,TOR,PF,28.8,10.4,1.5,6.6,77,0.642
2014,Joe Johnson,BRK,SG,32.6,15.8,2.7,3.4,79,0.672
2014,Wesley Johnson,LAL,SF,28.4,9.1,1.6,4.4,79,0.532
2014,Terrence Jones,HOU,PF,27.3,12.1,1.1,6.9,76,0.736
2014,DeAndre Jordan,LAC,C,35.0,10.4,0.9,13.6,82,0.711
2014,Enes Freedom,UTA,C,26.7,12.3,0.9,7.5,80,0.775
2014,Ryan Kelly,LAL,PF,22.2,8.0,1.6,3.7,59,0.599
2014,Michael Kidd-Gilchrist,CHA,SF,24.2,7.2,0.8,5.2,62,0.545
2014,Brandon Knight,MIL,PG,33.3,17.9,4.9,3.5,72,0.79
2014,Kyle Korver,ATL,SG,33.9,12.0,2.9,4.0,71,0.558
2014,Ty Lawson,DEN,PG,35.8,17.6,8.8,3.5,62,0.835
2014,Courtney Lee,2TM,SG,25.0,9.6,1.5,2.4,79,0.54
2014,Courtney Lee,MEM,SG,30.0,11.0,1.7,2.8,49,0.517
2014,David Lee,GSW,PF,33.2,18.2,2.1,9.3,69,0.892
2014,Kawhi Leonard,SAS,SF,29.1,12.8,2.0,6.2,66,0.722
2014,Damian Lillard,POR,PG,35.8,20.7,5.6,3.5,82,0.832
2014,Jeremy Lin,HOU,PG,28.9,12.5,4.1,2.6,71,0.664
2014,Shaun Livingston,BRK,PG,26.0,8.3,3.2,3.2,76,0.565
2014,Robin Lopez,POR,C,31.7,11.1,0.9,8.5,82,0.647
2014,Kevin Love,MIN,PF,36.3,26.1,4.4,12.5,77,1.185
2014,Kyle Lowry,TOR,PG,36.2,17.9,7.4,4.7,79,0.829
2014,Shelvin Mack,ATL,PG,20.4,7.5,3.7,2.2,73,0.657
2014,Shawn Marion,DAL,SF,31.7,10.4,1.6,6.5,76,0.584
2014,Kendall Marshall,LAL,PG,29.0,8.0,8.8,2.9,54,0.679
2014,Kevin Martin,MIN,SG,32.0,19.1,1.8,3.0,68,0.747
2014,Wesley Matthews,POR,SG,33.9,16.4,2.4,3.5,82,0.658
2014,O.J. Mayo,MIL,SG,25.9,11.7,2.2,2.4,52,0.629
2014,Ben McLemore,SAC,SG,26.7,8.8,1.0,2.9,82,0.476
2014,Josh McRoberts,CHA,PF,30.3,8.5,4.3,4.8,78,0.581
2014,Jodie Meeks,LAL,SG,33.2,15.7,1.8,2.5,77,0.602
2014,Khris Middleton,MIL,SF,30.0,12.1,2.1,3.8,82,0.6
2014,Mike Miller,MEM,SF,20.8,7.1,1.6,2.5,82,0.538
2014,Paul Millsap,ATL,PF,33.5,17.9,3.1,8.5,74,0.881
2014,Greg Monroe,DET,PF,32.8,15.2,2.1,9.3,82,0.811
2014,Markieff Morris,PHO,PF,26.6,13.8,1.8,6.0,81,0.812
2014,Marcus Morris,PHO,SF,22.0,9.7,1.1,3.9,82,0.668
2014,Timofey Mozgov,DEN,C,21.6,9.4,0.8,6.4,82,0.769
2014,Gary Neal,2TM,SG,21.4,10.5,1.6,1.7,52,0.645
2014,Jameer Nelson,ORL,PG,32.0,12.1,7.0,3.4,68,0.703
2014,Joakim Noah,CHI,C,35.3,12.6,5.4,11.3,80,0.83
2014,Dirk Nowitzki,DAL,PF,32.9,21.7,2.7,6.2,80,0.93
2014,Victor Oladipo,ORL,PG,31.1,13.8,4.1,4.1,80,0.707
2014,Kelly Olynyk,BOS,C,20.0,8.7,1.6,5.2,70,0.775
2014,Jermaine O'Neal,GSW,PF,20.1,7.9,0.6,5.5,44,0.697
2014,Zaza Pachulia,MIL,C,25.0,7.7,2.6,6.3,53,0.664
2014,Tony Parker,SAS,PG,29.4,16.7,5.7,2.3,68,0.84
2014,Chandler Parsons,HOU,SF,37.6,16.6,4.0,5.5,74,0.694
2014,Patrick Patterson,2TM,PF,23.6,8.5,1.2,5.3,65,0.636
2014,Patrick Patterson,TOR,PF,23.3,9.1,1.3,5.1,48,0.665
2014,Chris Paul,LAC,PG,35.0,19.1,10.7,4.3,62,0.974
2014,Nikola Peković,MIN,C,30.8,17.5,0.9,8.7,54,0.88
2014,Paul Pierce,BRK,SF,28.0,13.5,2.4,4.6,75,0.732
2014,Miles Plumlee,PHO,C,24.6,8.1,0.5,7.8,80,0.667
2014,Tayshaun Prince,MEM,SF,25.6,6.0,1.6,3.1,76,0.418
2014,Zach Randolph,MEM,PF,34.2,17.4,2.5,10.1,79,0.877
2014,Brian Roberts,NOP,PG,23.2,9.4,3.3,1.9,72,0.629
2014,Terrence Ross,TOR,SG,26.7,10.9,1.0,3.1,81,0.562
2014,Ricky Rubio,MIN,PG,32.2,9.5,8.6,4.2,82,0.693
2014,John Salmons,2TM,SF,22.1,5.2,1.9,2.1,78,0.416
2014,John Salmons,TOR,SG,21.4,5.0,1.7,2.0,60,0.407
2014,Thabo Sefolosha,OKC,SG,26.0,6.3,1.5,3.6,61,0.438
2014,Ramon Sessions,2TM,PG,26.7,12.3,4.1,2.4,83,0.704
2014,Ramon Sessions,CHA,PG,23.7,10.5,3.7,2.1,55,0.688
2014,Iman Shumpert,NYK,SG,26.5,6.7,1.7,4.2,74,0.475
2014,Kyle Singler,DET,SF,28.5,9.6,0.9,3.7,82,0.498
2014,Josh Smith,DET,SF,35.5,16.4,3.3,6.8,77,0.746
2014,J.R. Smith,NYK,SF,32.7,14.5,3.0,4.0,74,0.657
2014,Tiago Splitter,SAS,C,21.5,8.2,1.5,6.2,59,0.74
2014,Lance Stephenson,IND,SG,35.3,13.8,4.6,7.2,78,0.725
2014,Amar'e Stoudemire,NYK,C,22.6,11.9,0.5,4.9,65,0.765
2014,Rodney Stuckey,DET,SG,26.7,13.9,2.1,2.3,73,0.685
2014,Jared Sullinger,BOS,PF,27.6,13.3,1.6,8.1,74,0.833
2014,Jeff Teague,ATL,PG,32.2,16.5,6.7,2.6,79,0.801
2014,Isaiah Thomas,SAC,PG,34.7,20.3,6.3,2.9,72,0.85
2014,Hollis Thompson,PHI,SF,22.6,6.0,0.9,3.2,77,0.447
2014,Jason Thompson,SAC,PF,24.5,7.1,0.6,6.4,82,0.576
2014,Klay Thompson,GSW,SG,35.4,18.4,2.2,3.1,81,0.669
2014,Tristan Thompson,CLE,PF,31.6,11.7,0.9,9.2,82,0.69
2014,Marcus Thornton,2TM,SG,24.2,9.8,1.1,2.8,72,0.566
2014,Marcus Thornton,SAC,SG,24.4,8.3,1.0,2.7,46,0.492
2014,Anthony Tolliver,CHA,PF,20.3,6.1,0.7,2.6,64,0.463
2014,P.J. Tucker,PHO,SF,30.7,9.4,1.7,6.5,81,0.573
2014,Evan Turner,2TM,SF,30.3,14.0,3.2,5.0,81,0.733
2014,Evan Turner,PHI,SF,34.9,17.4,3.7,6.0,54,0.777
2014,Jonas Valančiūnas,TOR,C,28.2,11.3,0.7,8.8,81,0.738
2014,Anderson Varejão,CLE,C,27.7,8.4,2.2,9.7,65,0.733
2014,Greivis Vásquez,2TM,PG,22.5,9.6,4.1,2.2,79,0.707
2014,Greivis Vásquez,TOR,PG,21.5,9.5,3.7,2.3,61,0.721
2014,Nikola Vučević,ORL,C,31.8,14.2,1.8,11.0,57,0.849
2014,Dwyane Wade,MIA,SG,32.9,19.0,4.7,4.5,54,0.857
2014,Dion Waiters,CLE,SG,29.6,15.9,3.0,2.8,70,0.733
2014,Kemba Walker,CHA,PG,35.8,17.7,6.1,4.2,73,0.782
2014,Gerald Wallace,BOS,SF,24.4,5.1,2.5,3.7,58,0.463
2014,John Wall,WAS,PG,36.3,19.3,8.8,4.1,82,0.887
2014,Martell Webster,WAS,SF,27.7,9.7,1.2,2.8,78,0.495
2014,Russell Westbrook,OKC,PG,30.7,21.8,6.9,5.7,46,1.121
2014,David West,IND,PF,30.9,14.0,2.8,6.8,80,0.764
2014,Deron Williams,BRK,PG,32.2,14.3,6.1,2.6,64,0.714
2014,Derrick Williams,2TM,PF,23.3,8.0,0.7,4.1,78,0.549
2014,Derrick Williams,SAC,SF,24.7,8.5,0.8,4.4,67,0.555
2014,Lou Williams,ATL,PG,24.1,10.4,3.5,2.1,60,0.664
2014,Mo Williams,POR,PG,24.8,9.7,4.3,2.1,74,0.649
2014,Marvin Williams,UTA,PF,25.4,9.1,1.2,5.1,66,0.606
2014,Nate Wolters,MIL,PG,22.6,7.2,3.2,2.6,58,0.575
2014,Tony Wroten,PHI,PG,24.5,13.0,3.0,3.2,72,0.784
2014,Nick Young,LAL,SG,28.3,17.9,1.5,2.6,64,0.777
2014,Thaddeus Young,PHI,PF,34.4,17.9,2.3,6.0,79,0.762
2013,Arron Afflalo,ORL,SF,36.0,16.5,3.2,3.7,64,0.65
2013,LaMarcus Aldridge,POR,PF,37.7,21.1,2.6,9.1,74,0.87
2013,Lavoy Allen,PHI,C,21.1,5.8,0.9,5.0,79,0.555
2013,Ray Allen,MIA,SG,25.8,10.9,1.7,2.7,79,0.593
2013,Tony Allen,MEM,SG,26.7,8.9,1.2,4.6,79,0.551
2013,Al-Farouq Aminu,NOH,SF,27.2,7.3,1.4,7.7,76,0.603
2013,Alan Anderson,TOR,SF,23.0,10.7,1.6,2.3,65,0.635
2013,Ryan Anderson,NOH,PF,30.9,16.2,1.2,6.4,81,0.77
2013,Carmelo Anthony,NYK,PF,37.0,28.7,2.6,6.9,67,1.032
2013,Trevor Ariza,WAS,SF,26.3,9.5,2.0,4.8,56,0.62
2013,Metta World Peace,LAL,SF,33.7,12.4,1.5,5.0,75,0.561
2013,Ömer Aşık,HOU,C,30.0,10.1,0.9,11.7,82,0.757
2013,J.J. Barea,MIN,PG,23.1,11.3,4.0,2.8,74,0.784
2013,Harrison Barnes,GSW,SF,25.4,9.2,1.2,4.1,81,0.571
2013,Matt Barnes,LAC,SF,25.7,10.3,1.5,4.6,80,0.638
2013,Brandon Bass,BOS,PF,27.6,8.7,1.0,5.2,81,0.54
2013,Shane Battier,MIA,SF,24.8,6.6,1.0,2.3,72,0.399
2013,Nicolas Batum,POR,SF,38.5,14.3,4.9,5.6,73,0.644
2013,Jerryd Bayless,MEM,PG,22.1,8.7,3.3,2.2,80,0.643
2013,Bradley Beal,WAS,SG,31.2,13.9,2.4,3.8,56,0.644
2013,Michael Beasley,PHO,SF,20.7,10.1,1.5,3.8,75,0.744
2013,Marco Belinelli,CHI,SG,25.8,9.6,2.0,1.9,73,0.523
2013,Bismack Biyombo,CHA,C,27.3,4.8,0.4,7.3,80,0.458
2013,Steve Blake,LAL,PG,26.1,7.3,3.8,2.9,45,0.536
2013,Eric Bledsoe,LAC,PG,20.4,8.5,3.1,3.0,76,0.716
2013,Carlos Boozer,CHI,PF,32.2,16.2,2.3,9.8,79,0.879
2013,Chris Bosh,MIA,C,33.2,16.6,1.7,6.8,74,0.756
2013,Avery Bradley,BOS,PG,28.7,9.2,2.1,2.2,50,0.47
2013,Elton Brand,DAL,C,21.2,7.2,1.0,6.0,72,0.67
2013,Corey Brewer,DEN,SF,24.4,12.1,1.5,2.9,82,0.676
2013,Aaron Brooks,SAC,PG,20.8,8.0,2.3,1.7,46,0.577
2013,Shannon Brown,PHO,SG,23.8,10.5,1.8,2.5,59,0.622
2013,Kobe Bryant,LAL,SG,38.6,27.3,6.0,5.6,78,1.008
2013,Caron Butler,LAC,SF,24.1,10.4,1.0,2.9,78,0.593
2013,Jimmy Butler,CHI,SF,26.0,8.6,1.4,4.0,82,0.538
2013,José Calderón,2TM,PG,29.6,11.3,7.1,2.4,73,0.703
2013,José Calderón,TOR,PG,28.3,11.1,7.4,2.4,45,0.739
2013,Vince Carter,DAL,SF,25.8,13.4,2.4,4.1,81,0.771
2013,Mario Chalmers,MIA,PG,26.9,8.6,3.5,2.2,77,0.532
2013,Tyson Chandler,NYK,C,32.8,10.4,0.9,10.7,66,0.671
2013,Wilson Chandler,DEN,PF,25.1,13.0,1.3,5.1,43,0.773
2013,Earl Clark,LAL,PF,23.1,7.3,1.1,5.5,59,0.602
2013,Darren Collison,DAL,PG,29.3,12.0,5.1,2.7,81,0.676
2013,Mike Conley,MEM,PG,34.5,14.6,6.1,2.8,80,0.681
2013,DeMarcus Cousins,SAC,C,30.5,17.1,2.7,9.9,75,0.974
2013,Jamal Crawford,LAC,SG,29.3,16.5,2.5,1.7,76,0.706
2013,Jordan Crawford,2TM,SG,24.4,11.6,3.2,3.0,70,0.73
2013,Jordan Crawford,WAS,SG,26.2,13.2,3.7,3.1,43,0.763
2013,Dante Cunningham,MIN,PF,25.1,8.7,0.8,5.1,80,0.582
2013,Stephen Curry,GSW,PG,38.2,22.9,6.9,4.0,78,0.885
2013,Anthony Davis,NOH,PF,28.8,13.5,1.0,8.2,64,0.788
2013,Ed Davis,2TM,PF,20.1,7.7,0.8,5.7,81,0.706
2013,Ed Davis,TOR,C,24.2,9.7,1.2,6.7,45,0.727
2013,Carlos Delfino,HOU,SF,25.2,10.6,2.0,3.3,67,0.631
2013,Luol Deng,CHI,SF,38.7,16.5,3.0,6.3,75,0.667
2013,DeMar DeRozan,TOR,SG,36.7,18.1,2.5,3.9,82,0.668
2013,Boris Diaw,SAS,PF,22.8,5.8,2.4,3.4,75,0.509
2013,Goran Dragić,PHO,PG,33.5,14.7,7.4,3.1,77,0.752
2013,Andre Drummond,DET,C,20.7,7.9,0.5,7.6,60,0.773
2013,Jared Dudley,PHO,SF,27.5,10.9,2.6,3.1,79,0.604
2013,Tim Duncan,SAS,C,30.1,17.8,2.7,9.9,69,1.01
2013,Mike Dunleavy,MIL,SF,25.9,10.5,1.9,3.9,75,0.629
2013,Kevin Durant,OKC,SF,38.5,28.1,4.6,7.9,81,1.055
2013,Wayne Ellington,2TM,SG,21.3,7.9,1.3,2.1,78,0.531
2013,Monta Ellis,MIL,SG,37.5,19.2,6.0,3.9,82,0.776
2013,Reggie Evans,BRK,PF,24.6,4.5,0.5,11.1,80,0.654
2013,Tyreke Evans,SAC,SG,31.0,15.2,3.5,4.4,65,0.745
2013,Kenneth Faried,DEN,PF,28.1,11.5,1.0,9.2,80,0.772
2013,Derrick Favors,UTA,PF,23.2,9.4,1.0,7.1,77,0.754
2013,Raymond Felton,NYK,PG,34.0,13.9,5.5,2.9,68,0.656
2013,Landry Fields,TOR,SF,20.3,4.7,1.2,4.1,51,0.493
2013,Randy Foye,UTA,SG,27.4,10.8,2.0,1.5,82,0.522
2013,Danilo Gallinari,DEN,SF,32.5,16.2,2.5,5.2,71,0.735
2013,Kevin Garnett,BOS,C,29.7,14.8,2.3,7.8,68,0.838
2013,Marc Gasol,MEM,C,35.0,14.1,4.0,7.8,80,0.74
2013,Pau Gasol,LAL,PF,33.8,13.7,4.1,8.6,49,0.781
2013,Rudy Gay,2TM,SF,35.8,18.2,2.7,6.1,75,0.754
2013,Rudy Gay,MEM,SF,36.7,17.2,2.6,5.9,42,0.7
2013,Alonzo Gee,CLE,SF,31.0,10.3,1.6,3.9,82,0.51
2013,Paul George,IND,SF,37.6,17.4,4.1,7.6,79,0.774
2013,Daniel Gibson,CLE,PG,20.0,5.4,1.8,1.3,46,0.425
2013,Taj Gibson,CHI,PF,22.4,8.0,0.9,5.3,65,0.634
2013,Manu Ginóbili,SAS,SG,23.2,11.8,4.6,3.4,60,0.853
2013,Ben Gordon,CHA,SG,20.8,11.2,1.9,1.7,75,0.712
2013,Eric Gordon,NOH,SG,30.1,17.0,3.3,1.8,42,0.734
2013,Marcin Gortat,PHO,C,30.8,11.1,1.2,8.5,61,0.675
2013,Danny Green,SAS,SG,27.5,10.5,1.8,3.1,80,0.56
2013,Jeff Green,BOS,PF,27.8,12.8,1.6,3.9,81,0.658
2013,Blake Griffin,LAC,PF,32.5,18.0,3.7,8.3,80,0.923
2013,Richard Hamilton,CHI,SG,21.8,9.8,2.4,1.7,50,0.638
2013,James Harden,HOU,SG,38.3,25.9,5.8,4.9,78,0.956
2013,Maurice Harkless,ORL,SF,26.0,8.2,0.7,4.4,76,0.512
2013,Devin Harris,ATL,SG,24.5,9.9,3.4,2.0,58,0.624
2013,Tobias Harris,2TM,SF,23.6,11.0,1.3,5.2,55,0.742
2013,Spencer Hawes,PHI,C,27.2,11.0,2.2,7.2,82,0.75
2013,Gordon Hayward,UTA,SF,29.2,14.1,3.0,3.1,72,0.692
2013,Gerald Henderson,CHA,SG,31.4,15.5,2.6,3.7,68,0.694
2013,Roy Hibbert,IND,C,28.7,11.9,1.4,8.3,79,0.753
2013,J.J. Hickson,POR,C,29.0,12.7,1.1,10.4,80,0.834
2013,Nenê,WAS,PF,27.2,12.6,2.9,6.7,61,0.816
2013,George Hill,IND,PG,34.5,14.2,4.7,3.7,76,0.655
2013,Kirk Hinrich,CHI,PG,29.4,7.7,5.2,2.6,60,0.527
2013,Jrue Holiday,PHI,PG,37.5,17.7,8.0,4.2,78,0.797
2013,Al Horford,ATL,C,37.2,17.4,3.2,10.2,74,0.828
2013,Dwight Howard,LAL,C,35.8,17.1,1.4,12.4,76,0.863
2013,Serge Ibaka,OKC,PF,31.1,13.2,0.5,7.7,80,0.688
2013,Andre Iguodala,DEN,SG,34.7,13.0,5.4,5.3,80,0.683
2013,Ersan İlyasova,MIL,PF,27.6,13.2,1.6,7.1,73,0.793
2013,Kyrie Irving,CLE,PG,34.7,22.5,5.9,3.7,59,0.925
2013,Jarrett Jack,GSW,SG,29.7,12.9,5.6,3.1,79,0.727
2013,LeBron James,MIA,PF,37.9,26.8,7.3,8.0,76,1.111
2013,Antawn Jamison,LAL,PF,21.5,9.4,0.7,4.8,76,0.693
2013,Al Jefferson,UTA,C,33.1,17.8,2.1,9.2,78,0.879
2013,Brandon Jennings,MIL,PG,36.2,17.5,6.5,3.1,80,0.749
2013,Amir Johnson,TOR,PF,28.7,10.0,1.5,7.5,81,0.662
2013,Joe Johnson,BRK,SG,36.7,16.3,3.5,3.0,72,0.621
2013,DeAndre Jordan,LAC,C,24.5,8.8,0.3,7.2,82,0.665
2013,Chris Kaman,DAL,C,20.7,10.5,0.8,5.6,66,0.816
2013,Michael Kidd-Gilchrist,CHA,SF,26.0,9.0,1.5,5.8,78,0.627
2013,Jason Kidd,NYK,SG,26.9,6.0,3.3,4.3,76,0.506
2013,Andrei Kirilenko,MIN,SF,31.8,12.4,2.8,5.7,64,0.657
2013,Brandon Knight,DET,PG,31.5,13.3,4.0,3.3,75,0.654
2013,Kyle Korver,ATL,SF,30.5,10.9,2.0,4.0,74,0.554
2013,Kosta Koufos,DEN,C,22.4,8.0,0.4,6.9,81,0.683
2013,Carl Landry,GSW,PF,23.2,10.8,0.8,6.0,81,0.759
2013,Ty Lawson,DEN,PG,34.4,16.7,6.9,2.7,73,0.765
2013,Courtney Lee,BOS,SG,24.9,7.8,1.8,2.4,78,0.482
2013,David Lee,GSW,PF,36.8,18.5,3.5,11.2,79,0.902
2013,Kawhi Leonard,SAS,SF,31.2,11.9,1.6,6.0,58,0.625
2013,Damian Lillard,POR,PG,38.6,19.0,6.5,3.1,82,0.741
2013,Jeremy Lin,HOU,PG,32.2,13.4,6.1,3.0,82,0.699
2013,Shaun Livingston,2TM,PG,22.0,6.3,3.3,2.4,66,0.545
2013,Shaun Livingston,CLE,PG,23.2,7.2,3.6,2.5,49,0.573
2013,Brook Lopez,BRK,C,30.4,19.4,0.9,6.9,74,0.895
2013,Robin Lopez,NOH,C,26.0,11.3,0.8,5.6,82,0.681
2013,Kyle Lowry,TOR,PG,29.7,11.6,6.4,4.7,68,0.764
2013,Shawn Marion,DAL,PF,30.0,12.1,2.4,7.8,67,0.743
2013,Kevin Martin,OKC,SG,27.7,14.0,1.4,2.3,77,0.639
2013,Wesley Matthews,POR,SG,34.8,14.8,2.5,2.8,69,0.578
2013,Jason Maxiell,DET,PF,24.8,6.9,0.8,5.7,72,0.54
2013,O.J. Mayo,DAL,SG,35.5,15.3,4.4,3.5,82,0.654
2013,Luc Mbah a Moute,MIL,SF,22.9,6.7,0.9,4.4,58,0.524
2013,Josh McRoberts,2TM,PF,22.2,6.0,2.1,4.9,67,0.586
2013,Jodie Meeks,LAL,SG,21.3,7.9,0.9,2.2,78,0.516
2013,C.J. Miles,CLE,SF,21.0,11.2,1.0,2.7,65,0.71
2013,Andre Miller,DEN,PG,26.2,9.6,5.9,2.9,82,0.702
2013,Paul Millsap,UTA,PF,30.4,14.6,2.6,7.1,78,0.799
2013,Greg Monroe,DET,C,33.2,16.0,3.5,9.6,81,0.877
2013,E'Twaun Moore,ORL,SG,22.4,7.8,2.7,2.2,75,0.567
2013,Markieff Morris,PHO,PF,22.4,8.2,1.3,4.8,82,0.638
2013,Marcus Morris,HOU,PF,21.4,8.6,0.9,4.1,54,0.636
2013,Byron Mullens,CHA,PF,26.9,10.6,1.5,6.4,53,0.688
2013,Steve Nash,LAL,PG,32.5,12.7,6.7,2.8,50,0.683
2013,Gary Neal,SAS,SG,21.8,9.5,1.9,2.1,68,0.619
2013,Jameer Nelson,ORL,PG,35.3,14.7,7.4,3.7,56,0.731
2013,Joakim Noah,CHI,C,36.8,11.9,4.0,11.1,66,0.734
2013,Steve Novak,NYK,SF,20.3,6.6,0.4,1.9,81,0.438
2013,Dirk Nowitzki,DAL,PF,31.3,17.3,2.5,6.8,53,0.85
2013,Emeka Okafor,WAS,C,26.0,9.7,1.2,8.8,79,0.758
2013,Zaza Pachulia,ATL,C,21.8,5.9,1.5,6.5,52,0.638
2013,Tony Parker,SAS,PG,32.9,20.3,7.6,3.0,66,0.939
2013,Chandler Parsons,HOU,SF,36.3,15.5,3.5,5.3,76,0.669
2013,Patrick Patterson,2TM,PF,25.0,10.4,1.1,4.7,71,0.648
2013,Patrick Patterson,HOU,PF,25.9,11.6,1.1,4.7,47,0.672
2013,Chris Paul,LAC,PG,33.4,16.9,9.7,3.7,70,0.907
2013,Nikola Peković,MIN,C,31.6,16.3,0.9,8.8,62,0.823
2013,Kendrick Perkins,OKC,C,25.1,4.2,1.4,6.0,78,0.462
2013,Paul Pierce,BOS,SF,33.4,18.6,4.8,6.3,77,0.889
2013,Quincy Pondexter,MEM,SF,21.1,6.4,1.0,2.2,59,0.455
2013,A.J. Price,WAS,PG,22.4,7.7,3.6,2.0,57,0.594
2013,Tayshaun Prince,2TM,SF,32.1,10.4,2.4,4.4,82,0.536
2013,Tayshaun Prince,DET,SF,32.4,11.7,2.5,4.6,45,0.58
2013,Zach Randolph,MEM,PF,34.3,15.4,1.4,11.2,76,0.816
2013,JJ Redick,2TM,SG,30.5,14.1,3.8,2.2,78,0.659
2013,JJ Redick,ORL,SG,31.5,15.1,4.4,2.4,50,0.695
2013,Luke Ridnour,MIN,SG,30.2,11.5,3.8,2.5,82,0.589
2013,Austin Rivers,NOH,SG,23.2,6.2,2.1,1.8,61,0.435
2013,Nate Robinson,CHI,PG,25.4,13.1,4.4,2.2,82,0.776
2013,Ricky Rubio,MIN,PG,29.7,10.7,7.3,4.0,57,0.741
2013,John Salmons,SAC,SF,30.0,8.8,3.0,2.7,76,0.483
2013,Larry Sanders,MIL,C,27.3,9.8,1.2,9.5,71,0.751
2013,Luis Scola,PHO,PF,26.6,12.8,2.2,6.6,82,0.812
2013,Thabo Sefolosha,OKC,SG,27.5,7.6,1.5,3.9,81,0.473
2013,Kevin Séraphin,WAS,C,21.8,9.1,0.7,4.4,79,0.651
2013,Ramon Sessions,CHA,SG,27.1,14.4,3.8,2.8,61,0.775
2013,Iman Shumpert,NYK,SG,22.1,6.8,1.7,3.0,45,0.52
2013,Alexey Shved,MIN,SG,23.9,8.6,3.7,2.3,77,0.611
2013,Kyle Singler,DET,SF,28.0,8.8,0.9,4.0,82,0.489
2013,Josh Smith,ATL,PF,35.3,17.5,4.2,8.4,76,0.853
2013,J.R. Smith,NYK,SG,33.5,18.1,2.7,5.3,80,0.779
2013,Tiago Splitter,SAS,PF,24.7,10.3,1.6,6.4,81,0.741
2013,Lance Stephenson,IND,SG,29.2,8.8,2.9,3.9,78,0.534
2013,DeShawn Stevenson,ATL,SG,20.7,5.1,0.9,2.2,56,0.396
2013,Rodney Stuckey,DET,SG,28.6,11.5,3.6,2.8,76,0.626
2013,Jeff Teague,ATL,PG,32.9,14.6,7.2,2.3,80,0.733
2013,Garrett Temple,WAS,SG,22.7,5.1,2.3,2.4,51,0.432
2013,Jason Terry,BOS,SG,26.9,10.1,2.5,2.0,79,0.543
2013,Isaiah Thomas,SAC,PG,26.9,13.9,4.0,2.0,79,0.74
2013,Jason Thompson,SAC,PF,27.9,10.9,1.0,6.7,82,0.667
2013,Klay Thompson,GSW,SG,35.8,16.6,2.2,3.7,82,0.628
2013,Tristan Thompson,CLE,PF,31.3,11.7,1.3,9.4,82,0.716
2013,Marcus Thornton,SAC,SG,24.0,12.7,1.3,2.5,72,0.688
2013,P.J. Tucker,PHO,SG,24.2,6.4,1.4,4.4,79,0.504
2013,Evan Turner,PHI,SF,35.3,13.3,4.3,6.3,82,0.677
2013,Beno Udrih,2TM,SG,22.1,8.2,4.6,2.1,66,0.674
2013,Jonas Valančiūnas,TOR,C,23.9,8.9,0.7,6.0,62,0.653
2013,Greivis Vásquez,NOH,PG,34.4,13.9,9.0,4.3,78,0.791
2013,Nikola Vučević,ORL,C,33.2,13.1,1.9,11.9,77,0.81
2013,Dwyane Wade,MIA,SG,34.7,21.2,5.1,5.0,69,0.902
2013,Dion Waiters,CLE,SG,28.8,14.7,3.0,2.4,61,0.698
2013,Kemba Walker,CHA,PG,34.9,17.7,5.7,3.5,82,0.771
2013,Gerald Wallace,BRK,SF,30.1,7.7,2.6,4.6,69,0.495
2013,John Wall,WAS,PG,32.7,18.5,7.6,4.0,49,0.92
2013,Martell Webster,WAS,SF,28.9,11.4,1.9,3.9,76,0.595
2013,Russell Westbrook,OKC,PG,34.9,23.2,7.4,5.2,82,1.026
2013,David West,IND,PF,33.4,17.1,2.9,7.7,73,0.829
2013,Deron Williams,BRK,PG,36.4,18.9,7.7,3.0,78,0.813
2013,Derrick Williams,MIN,PF,24.6,12.0,0.6,5.5,78,0.736
2013,Mo Williams,UTA,PG,30.8,12.9,6.2,2.4,46,0.698
2013,Marvin Williams,UTA,SF,23.7,7.2,1.1,3.6,73,0.502
2013,Dorell Wright,PHI,SF,22.6,9.2,1.9,3.8,79,0.659
2013,Nick Young,PHI,SG,23.9,10.6,1.4,2.2,59,0.594
2013,Thaddeus Young,PHI,PF,34.6,14.8,1.6,7.5,76,0.691
2013,Tyler Zeller,CLE,C,26.4,7.9,1.2,5.7,77,0.561
2012,Arron Afflalo,DEN,SG,33.6,15.2,2.4,3.2,62,0.619
2012,LaMarcus Aldridge,POR,PF,36.3,21.7,2.4,8.0,55,0.884
2012,Ray Allen,BOS,SG,34.0,14.2,2.4,3.1,46,0.579
2012,Tony Allen,MEM,SG,26.3,9.8,1.4,4.0,58,0.578
2012,Al-Farouq Aminu,NOH,SF,22.4,6.0,1.0,4.7,66,0.522
2012,Ryan Anderson,ORL,PF,32.2,16.1,0.9,7.7,61,0.767
2012,Carmelo Anthony,NYK,SF,34.1,22.6,3.6,6.3,55,0.953
2012,Joel Anthony,MIA,C,21.1,3.4,0.1,3.9,64,0.351
2012,Trevor Ariza,NOH,SF,32.9,10.8,3.3,5.2,41,0.587
2012,Metta World Peace,LAL,SF,26.9,7.7,2.2,3.4,64,0.494
2012,D.J. Augustin,CHA,PG,29.3,11.1,6.4,2.3,48,0.676
2012,Gustavo Ayón,NOH,PF,20.1,5.9,1.4,4.9,54,0.607
2012,Leandro Barbosa,2TM,SG,21.6,11.1,1.5,2.0,64,0.676
2012,Leandro Barbosa,TOR,SG,22.5,12.2,1.5,1.9,42,0.693
2012,J.J. Barea,MIN,PG,25.2,11.3,5.7,2.8,41,0.786
2012,Matt Barnes,LAL,SF,22.9,7.8,2.0,5.5,63,0.668
2012,Brandon Bass,BOS,PF,31.7,12.5,0.9,6.2,59,0.618
2012,Shane Battier,MIA,SF,23.1,4.8,1.3,2.4,65,0.368
2012,Nicolas Batum,POR,SF,30.4,13.9,1.4,4.6,59,0.655
2012,Michael Beasley,MIN,SF,23.1,11.5,1.0,4.4,47,0.732
2012,Rodrigue Beaubois,DAL,PG,21.7,8.9,2.9,2.8,53,0.673
2012,Marco Belinelli,NOH,SG,29.8,11.8,1.5,2.6,66,0.534
2012,Bismack Biyombo,CHA,C,23.1,5.2,0.4,5.8,63,0.494
2012,DeJuan Blair,SAS,PF,21.3,9.5,1.2,5.5,64,0.761
2012,Steve Blake,LAL,PG,23.3,5.2,3.3,1.6,53,0.433
2012,Matt Bonner,SAS,PF,20.4,6.6,0.9,3.3,65,0.529
2012,Trevor Booker,WAS,PF,25.2,8.4,0.8,6.5,50,0.623
2012,Carlos Boozer,CHI,PF,29.5,15.0,1.9,8.5,66,0.861
2012,Chris Bosh,MIA,PF,35.2,18.0,1.8,7.9,57,0.787
2012,Avery Bradley,BOS,PG,21.4,7.6,1.4,1.8,64,0.505
2012,Elton Brand,PHI,C,28.9,11.0,1.6,7.2,60,0.685
2012,Corey Brewer,DEN,SF,21.8,8.9,1.5,2.5,59,0.592
2012,Ronnie Brewer,CHI,SG,24.8,6.9,2.1,3.5,66,0.504
2012,MarShon Brooks,NJN,SG,29.4,12.6,2.3,3.6,56,0.629
2012,Derrick Brown,CHA,SF,22.2,8.1,1.0,3.6,65,0.572
2012,Shannon Brown,PHO,SG,23.7,11.0,1.2,2.7,59,0.629
2012,Kobe Bryant,LAL,SG,38.5,27.9,4.6,5.4,58,0.984
2012,Chase Budinger,HOU,SF,22.4,9.6,1.3,3.7,58,0.652
2012,Caron Butler,LAC,SF,29.7,12.0,1.2,3.7,63,0.569
2012,Andrew Bynum,LAL,C,35.2,18.7,1.4,11.8,60,0.906
2012,José Calderón,TOR,PG,33.9,10.5,8.8,3.0,53,0.658
2012,Marcus Camby,2TM,C,22.9,4.9,1.8,9.0,59,0.686
2012,Marcus Camby,POR,C,22.4,3.8,1.9,8.9,40,0.652
2012,Vince Carter,DAL,SG,25.3,10.1,2.3,3.4,61,0.625
2012,Omri Casspi,CLE,SF,20.6,7.1,1.0,3.5,65,0.563
2012,Mario Chalmers,MIA,PG,28.5,9.8,3.5,2.7,64,0.561
2012,Tyson Chandler,NYK,C,33.2,11.3,0.9,9.9,62,0.666
2012,Darren Collison,IND,PG,31.3,10.4,4.8,3.1,60,0.585
2012,Nick Collison,OKC,PF,20.7,4.5,1.3,4.3,63,0.488
2012,Mike Conley,MEM,PG,35.1,12.7,6.5,2.5,62,0.618
2012,DeMarcus Cousins,SAC,C,30.5,18.1,1.6,11.0,64,1.007
2012,Jamal Crawford,POR,PG,26.9,14.0,3.2,2.0,60,0.714
2012,Jordan Crawford,WAS,SG,27.4,14.7,3.0,2.6,64,0.741
2012,Samuel Dalembert,HOU,C,22.2,7.5,0.5,7.0,65,0.676
2012,Ed Davis,TOR,PF,23.2,6.3,0.9,6.6,66,0.595
2012,Glen Davis,ORL,PF,23.4,9.3,0.8,5.4,61,0.662
2012,Carlos Delfino,MIL,SF,28.5,9.0,2.3,3.9,54,0.533
2012,Luol Deng,CHI,SF,39.4,15.3,2.9,6.5,54,0.627
2012,DeMar DeRozan,TOR,SG,35.0,16.7,2.0,3.3,63,0.629
2012,Boris Diaw,2TM,PF,25.0,6.4,3.6,4.9,57,0.596
2012,Goran Dragić,HOU,PG,26.5,11.7,5.3,2.5,66,0.736
2012,Jared Dudley,PHO,SG,31.1,12.7,1.7,4.6,65,0.611
2012,Tim Duncan,SAS,C,28.2,15.4,2.3,9.0,58,0.947
2012,Mike Dunleavy,MIL,SF,26.3,12.3,2.1,3.7,55,0.688
2012,Kevin Durant,OKC,SF,38.6,28.0,3.5,8.0,66,1.023
2012,Monta Ellis,2TM,SG,36.6,20.4,6.0,3.4,58,0.814
2012,Tyreke Evans,SAC,SG,34.3,16.5,4.5,4.6,63,0.746
2012,Kenneth Faried,DEN,PF,22.5,10.2,0.8,7.7,46,0.831
2012,Derrick Favors,UTA,PF,21.2,8.8,0.7,6.5,65,0.755
2012,Raymond Felton,POR,PG,31.8,11.4,6.5,2.5,60,0.642
2012,Landry Fields,NYK,SG,28.7,8.8,2.6,4.2,66,0.544
2012,Derek Fisher,2TM,PG,23.9,5.6,2.7,1.9,63,0.427
2012,Derek Fisher,LAL,PG,25.6,5.9,3.3,2.1,43,0.441
2012,Randy Foye,LAC,SG,25.9,11.0,2.2,2.1,65,0.591
2012,Channing Frye,PHO,PF,26.1,10.5,1.4,5.9,64,0.682
2012,Danilo Gallinari,DEN,SF,31.4,14.6,2.7,4.7,43,0.701
2012,Kevin Garnett,BOS,C,31.1,15.8,2.9,8.2,60,0.865
2012,Marc Gasol,MEM,C,36.5,14.6,3.1,8.9,65,0.729
2012,Pau Gasol,LAL,PF,37.4,17.4,3.6,10.4,65,0.84
2012,Rudy Gay,MEM,SF,37.3,19.0,2.3,6.4,65,0.743
2012,Alonzo Gee,CLE,SG,29.0,10.6,1.8,5.1,63,0.603
2012,Paul George,IND,SG,29.7,12.1,2.4,5.6,66,0.677
2012,Taj Gibson,CHI,PF,20.4,7.7,0.7,5.3,63,0.672
2012,Drew Gooden,MIL,C,26.2,13.7,2.6,6.5,56,0.87
2012,Ben Gordon,DET,SG,26.9,12.5,2.4,2.3,52,0.639
2012,Marcin Gortat,PHO,C,32.0,15.4,0.9,10.0,66,0.822
2012,Danny Granger,IND,SF,33.3,18.7,1.8,5.0,62,0.766
2012,Danny Green,SAS,SG,23.1,9.1,1.3,3.5,66,0.602
2012,Blake Griffin,LAC,PF,36.2,20.7,3.2,10.9,66,0.961
2012,Tyler Hansbrough,IND,PF,21.8,9.3,0.5,4.4,66,0.651
2012,James Harden,OKC,SG,31.4,16.8,3.7,4.1,62,0.783
2012,Al Harrington,DEN,PF,27.5,14.2,1.4,6.1,64,0.789
2012,Devin Harris,UTA,PG,27.6,11.3,5.0,1.8,63,0.656
2012,Udonis Haslem,MIA,PF,24.8,6.0,0.7,7.3,64,0.565
2012,Gordon Hayward,UTA,SF,30.5,11.8,3.1,3.5,66,0.603
2012,Brendan Haywood,DAL,C,21.2,5.2,0.4,6.0,54,0.547
2012,Gerald Henderson,CHA,SG,33.3,15.1,2.3,4.1,55,0.646
2012,Roy Hibbert,IND,C,29.8,12.8,1.7,8.8,65,0.782
2012,J.J. Hickson,2TM,PF,23.0,8.4,0.8,6.2,54,0.67
2012,George Hill,IND,PG,25.5,9.6,2.9,3.0,50,0.608
2012,Grant Hill,PHO,SF,28.1,10.2,2.2,3.5,49,0.566
2012,Kirk Hinrich,ATL,SG,25.8,6.6,2.8,2.1,48,0.446
2012,Jrue Holiday,PHI,PG,33.8,13.5,4.5,3.3,65,0.63
2012,Dwight Howard,ORL,C,38.3,20.6,1.9,14.5,54,0.966
2012,Josh Howard,UTA,SF,23.0,8.7,1.2,3.7,43,0.591
2012,Kris Humphries,NJN,PF,34.9,13.8,1.5,11.0,62,0.754
2012,Serge Ibaka,OKC,PF,27.2,9.1,0.4,7.5,66,0.625
2012,Andre Iguodala,PHI,SF,35.6,12.4,5.5,6.1,62,0.674
2012,Ersan İlyasova,MIL,PF,27.6,13.0,1.2,8.8,60,0.833
2012,Kyrie Irving,CLE,PG,30.5,18.5,5.4,3.7,51,0.905
2012,Jarrett Jack,NOH,PG,34.0,15.6,6.3,3.9,45,0.759
2012,Stephen Jackson,2TM,SF,25.8,9.8,2.5,3.5,47,0.612
2012,LeBron James,MIA,SF,37.5,27.1,6.2,7.9,62,1.099
2012,Antawn Jamison,CLE,PF,33.1,17.2,2.0,6.3,65,0.77
2012,Al Jefferson,UTA,C,34.0,19.2,2.2,9.6,61,0.912
2012,Richard Jefferson,2TM,SF,27.7,9.2,1.4,3.5,63,0.509
2012,Richard Jefferson,SAS,SF,28.5,9.2,1.3,3.5,41,0.491
2012,Brandon Jennings,MIL,PG,35.3,19.1,5.5,3.4,66,0.793
2012,Jonas Jerebko,DET,PF,22.9,8.7,0.7,4.8,64,0.62
2012,Amir Johnson,TOR,PF,24.3,7.1,1.2,6.4,64,0.605
2012,James Johnson,TOR,SF,25.2,9.1,2.0,4.7,62,0.627
2012,Joe Johnson,ATL,SG,35.5,18.8,3.9,3.7,60,0.744
2012,Wesley Johnson,MIN,SF,22.6,6.0,0.9,2.7,65,0.425
2012,DeAndre Jordan,LAC,C,27.2,7.4,0.3,8.3,66,0.588
2012,Chris Kaman,NOH,C,29.2,13.1,2.1,7.7,47,0.784
2012,Jason Kidd,DAL,PG,28.7,6.2,5.5,4.1,48,0.551
2012,Linas Kleiza,TOR,SF,21.6,9.7,0.9,4.1,49,0.681
2012,Brandon Knight,DET,PG,32.3,12.8,3.8,3.2,66,0.613
2012,Kyle Korver,CHI,SG,22.6,8.1,1.7,2.4,65,0.54
2012,Carl Landry,NOH,PF,24.4,12.5,0.9,5.2,41,0.762
2012,Ty Lawson,DEN,PG,34.8,16.4,6.6,3.7,61,0.767
2012,Courtney Lee,HOU,SG,30.3,11.4,1.5,2.7,58,0.515
2012,David Lee,GSW,PF,37.2,20.1,2.8,9.6,57,0.874
2012,Kawhi Leonard,SAS,SF,24.0,7.9,1.1,5.1,64,0.588
2012,Kevin Love,MIN,PF,39.0,26.0,2.0,13.3,55,1.059
2012,Kyle Lowry,HOU,PG,32.1,14.3,6.6,4.5,47,0.791
2012,Shawn Marion,DAL,SF,30.5,10.6,2.1,7.4,63,0.659
2012,Kenyon Martin,LAC,PF,22.4,5.2,0.4,4.3,42,0.442
2012,Kevin Martin,HOU,SG,31.6,17.1,2.8,2.7,40,0.715
2012,Wesley Matthews,POR,SG,33.8,13.7,1.7,3.4,66,0.556
2012,Jason Maxiell,DET,PF,22.6,6.5,0.6,5.1,65,0.54
2012,O.J. Mayo,MEM,SG,26.8,12.6,2.6,3.2,66,0.687
2012,Luc Mbah a Moute,MIL,PF,23.5,7.7,0.7,5.3,43,0.583
2012,JaVale McGee,2TM,C,25.2,11.3,0.5,7.8,61,0.778
2012,JaVale McGee,WAS,C,27.4,11.9,0.6,8.8,41,0.777
2012,Jodie Meeks,PHI,SG,24.9,8.4,0.8,2.4,66,0.466
2012,C.J. Miles,UTA,SG,20.4,9.1,1.2,2.1,56,0.608
2012,Andre Miller,DEN,SG,27.4,9.7,6.7,3.3,66,0.719
2012,Paul Millsap,UTA,PF,32.8,16.6,2.3,8.8,64,0.845
2012,Greg Monroe,DET,C,31.5,15.4,2.3,9.7,66,0.87
2012,Anthony Morrow,NJN,SG,26.4,12.0,1.0,2.0,62,0.568
2012,Byron Mullens,CHA,C,22.5,9.3,0.9,5.0,65,0.676
2012,Steve Nash,PHO,PG,31.6,12.5,10.7,3.0,62,0.829
2012,Gary Neal,SAS,SG,21.5,9.9,2.1,2.1,56,0.656
2012,Jameer Nelson,ORL,PG,29.9,11.9,5.7,3.2,57,0.696
2012,Joakim Noah,CHI,C,30.4,10.2,2.5,9.8,64,0.74
2012,Dirk Nowitzki,DAL,PF,33.5,21.6,2.2,6.7,62,0.91
2012,Lamar Odom,DAL,SF,20.5,6.6,1.7,4.2,50,0.61
2012,Zaza Pachulia,ATL,C,28.3,7.8,1.4,7.9,58,0.604
2012,Anthony Parker,CLE,SF,25.1,7.2,2.4,2.7,51,0.49
2012,Tony Parker,SAS,PG,32.1,18.3,7.7,2.9,60,0.9
2012,Chandler Parsons,HOU,SF,28.6,9.5,2.1,4.8,63,0.573
2012,Patrick Patterson,HOU,PF,23.2,7.7,0.8,4.5,64,0.56
2012,Chris Paul,LAC,PG,36.4,19.8,9.1,3.6,60,0.893
2012,Nikola Peković,MIN,C,26.9,13.9,0.7,7.4,47,0.818
2012,Kendrick Perkins,OKC,C,26.8,5.1,1.2,6.6,65,0.481
2012,Paul Pierce,BOS,SF,34.0,19.4,4.5,5.2,61,0.856
2012,Mickaël Piétrus,BOS,SG,21.9,6.9,0.6,3.1,42,0.484
2012,Tayshaun Prince,DET,SF,33.1,12.7,2.4,4.5,63,0.592
2012,JJ Redick,ORL,SG,27.2,11.6,2.5,2.3,65,0.603
2012,Jason Richardson,ORL,SG,29.5,11.6,2.0,3.6,54,0.583
2012,Luke Ridnour,MIN,SG,33.0,12.1,4.8,2.7,53,0.594
2012,Nate Robinson,GSW,PG,23.4,11.2,4.5,2.0,51,0.756
2012,Rajon Rondo,BOS,PG,36.9,11.9,11.7,4.8,53,0.77
2012,Ricky Rubio,MIN,PG,34.2,10.6,8.2,4.2,41,0.673
2012,Brandon Rush,GSW,SF,26.4,9.8,1.4,3.9,65,0.572
2012,John Salmons,SAC,SF,27.2,7.5,2.0,2.9,46,0.456
2012,Luis Scola,HOU,PF,31.3,15.5,2.1,6.5,66,0.77
2012,Thabo Sefolosha,OKC,SG,21.8,4.8,1.1,3.0,42,0.408
2012,Kevin Séraphin,WAS,C,20.6,7.9,0.6,4.9,57,0.65
2012,Ramon Sessions,2TM,PG,26.7,11.3,5.5,3.3,64,0.753
2012,Ramon Sessions,CLE,PG,24.5,10.5,5.2,3.1,41,0.767
2012,Iman Shumpert,NYK,PG,28.9,9.5,2.8,3.2,59,0.536
2012,Chris Singleton,WAS,SF,21.7,4.6,0.7,3.5,66,0.406
2012,Jason Smith,NOH,PF,23.7,9.9,0.9,4.9,40,0.662
2012,Josh Smith,ATL,PF,35.3,18.8,3.9,9.6,66,0.915
2012,Marreese Speights,MEM,PF,22.4,8.8,0.8,6.2,60,0.705
2012,Amar'e Stoudemire,NYK,PF,32.8,17.5,1.1,7.8,47,0.805
2012,Rodney Stuckey,DET,SG,29.9,14.8,3.8,2.6,55,0.709
2012,Jeff Teague,ATL,PG,33.1,12.6,4.9,2.4,66,0.601
2012,Jason Terry,DAL,SG,31.7,15.1,3.6,2.4,63,0.666
2012,Isaiah Thomas,SAC,PG,25.5,11.5,4.1,2.6,65,0.714
2012,Jason Thompson,SAC,PF,25.9,9.1,1.2,6.9,64,0.664
2012,Klay Thompson,GSW,SG,24.4,12.5,2.0,2.4,66,0.693
2012,Tristan Thompson,CLE,PF,23.7,8.2,0.5,6.5,60,0.641
2012,Marcus Thornton,SAC,SG,34.9,18.7,1.9,3.7,51,0.696
2012,Hedo Türkoğlu,ORL,SF,31.2,10.9,4.4,3.8,53,0.612
2012,Evan Turner,PHI,SF,26.4,9.4,2.8,5.8,65,0.682
2012,Ekpe Udoh,2TM,C,21.1,5.6,0.9,4.2,61,0.507
2012,Greivis Vásquez,NOH,PG,25.8,8.9,5.4,2.6,66,0.655
2012,Dwyane Wade,MIA,SG,33.2,22.1,4.6,4.8,49,0.949
2012,Kemba Walker,CHA,PG,27.2,12.1,4.4,3.5,66,0.735
2012,Gerald Wallace,2TM,SF,35.8,13.8,2.8,6.7,58,0.651
2012,Gerald Wallace,POR,SF,35.8,13.3,2.7,6.6,42,0.631
2012,John Wall,WAS,PG,36.2,16.3,8.0,4.5,66,0.796
2012,C.J. Watson,CHI,PG,23.7,9.7,4.1,2.1,49,0.671
2012,Earl Watson,UTA,PG,20.7,3.0,4.3,2.4,50,0.469
2012,Martell Webster,MIN,SF,24.3,6.9,0.9,3.6,47,0.469
2012,Russell Westbrook,OKC,PG,35.3,23.6,5.5,4.6,66,0.955
2012,David West,IND,PF,29.2,12.8,2.1,6.6,66,0.736
2012,Delonte West,DAL,PG,24.1,9.6,3.2,2.3,44,0.627
2012,Deron Williams,NJN,PG,36.3,21.0,8.7,3.3,55,0.909
2012,Derrick Williams,MIN,PF,21.5,8.8,0.6,4.7,66,0.656
2012,Lou Williams,PHI,PG,26.3,14.9,3.5,2.4,64,0.791
2012,Mo Williams,LAC,SG,28.3,13.2,3.1,1.9,52,0.643
2012,Marvin Williams,ATL,SF,26.3,10.2,1.2,5.2,57,0.631
2012,Shelden Williams,NJN,C,22.0,4.6,0.6,6.0,58,0.509
2012,Dorell Wright,GSW,SF,27.0,10.3,1.5,4.6,61,0.607
2012,Nick Young,2TM,SG,27.9,14.2,0.9,2.1,62,0.616
2012,Nick Young,WAS,SG,30.3,16.6,1.2,2.4,40,0.667
2012,Thaddeus Young,PHI,PF,27.9,12.8,1.2,5.2,63,0.688
2011,Arron Afflalo,DEN,SG,33.7,12.6,2.4,3.6,69,0.552
2011,LaMarcus Aldridge,POR,PF,39.6,21.8,2.1,8.8,81,0.826
2011,Ray Allen,BOS,SG,36.1,16.5,2.7,3.4,80,0.626
2011,Tony Allen,MEM,SG,20.8,8.9,1.4,2.7,72,0.625
2011,Ryan Anderson,ORL,PF,22.3,10.6,0.8,5.5,64,0.758
2011,Carmelo Anthony,2TM,SF,35.7,25.6,2.9,7.3,77,1.003
2011,Carmelo Anthony,DEN,SF,35.5,25.2,2.8,7.6,50,1.003
2011,Gilbert Arenas,2TM,PG,25.7,10.8,3.9,2.7,70,0.677
2011,Gilbert Arenas,ORL,PG,21.8,8.0,3.2,2.4,49,0.624
2011,Trevor Ariza,NOH,SF,34.7,11.0,2.2,5.4,75,0.536
2011,Carlos Arroyo,MIA,PG,20.3,5.6,2.0,1.6,49,0.453
2011,Metta World Peace,LAL,SF,29.4,8.5,2.1,3.3,82,0.473
2011,Darrell Arthur,MEM,PF,20.1,9.1,0.7,4.3,80,0.701
2011,D.J. Augustin,CHA,PG,33.6,14.4,6.1,2.7,82,0.69
2011,Leandro Barbosa,TOR,SG,24.1,13.3,2.1,1.7,58,0.71
2011,J.J. Barea,DAL,PG,20.6,9.5,3.9,2.0,81,0.748
2011,Andrea Bargnani,TOR,C,35.7,21.4,1.8,5.2,66,0.796
2011,Brandon Bass,ORL,PF,26.1,11.2,0.8,5.6,76,0.674
2011,Shane Battier,2TM,SF,29.0,7.6,2.3,4.5,82,0.497
2011,Shane Battier,HOU,SF,30.8,8.6,2.6,4.8,59,0.519
2011,Nicolas Batum,POR,SF,31.5,12.4,1.5,4.5,80,0.584
2011,Jerryd Bayless,2TM,PG,21.1,9.2,3.7,2.3,71,0.72
2011,Jerryd Bayless,TOR,PG,22.5,10.0,4.0,2.5,60,0.733
2011,Michael Beasley,MIN,SF,32.3,19.2,2.2,5.6,73,0.836
2011,Marco Belinelli,NOH,SG,24.5,10.5,1.2,1.9,80,0.555
2011,Raja Bell,UTA,SG,30.8,8.0,1.7,2.6,68,0.399
2011,Mike Bibby,3TM,PG,28.6,8.6,3.3,2.4,80,0.5
2011,Mike Bibby,ATL,PG,29.9,9.4,3.6,2.6,56,0.522
2011,Andris Biedriņš,GSW,C,23.7,5.0,1.0,7.2,59,0.557
2011,Chauncey Billups,2TM,PG,32.1,16.8,5.4,2.6,72,0.773
2011,Chauncey Billups,DEN,PG,32.3,16.5,5.3,2.5,51,0.752
2011,DeJuan Blair,SAS,PF,21.4,8.3,1.0,7.0,81,0.762
2011,Steve Blake,LAL,PG,20.0,4.0,2.2,2.0,79,0.41
2011,Andray Blatche,WAS,PF,33.9,16.8,2.3,8.2,64,0.805
2011,Eric Bledsoe,LAC,PG,22.7,6.7,3.6,2.8,81,0.577
2011,Andrew Bogut,MIL,C,35.3,12.8,2.0,11.1,65,0.734
2011,Matt Bonner,SAS,PF,21.7,7.3,0.9,3.6,66,0.544
2011,Carlos Boozer,CHI,C,31.9,17.5,2.5,9.6,59,0.928
2011,Chris Bosh,MIA,PF,36.3,18.7,1.9,8.3,77,0.796
2011,Elton Brand,PHI,PF,34.7,15.0,1.5,8.3,81,0.715
2011,Corey Brewer,2TM,SG,21.9,8.0,1.3,2.5,69,0.539
2011,Corey Brewer,MIN,SF,24.3,8.6,1.4,2.7,56,0.523
2011,Ronnie Brewer,CHI,SG,22.0,6.2,1.7,3.2,81,0.505
2011,Aaron Brooks,2TM,PG,21.8,10.7,3.9,1.3,59,0.729
2011,Kwame Brown,CHA,C,26.0,7.9,0.7,6.8,66,0.592
2011,Kobe Bryant,LAL,SG,33.9,25.3,4.7,5.1,82,1.035
2011,Chase Budinger,HOU,SF,22.3,9.8,1.6,3.6,78,0.673
2011,Andrew Bynum,LAL,C,27.8,11.3,1.4,9.4,54,0.795
2011,José Calderón,TOR,PG,30.9,9.8,8.9,3.0,68,0.702
2011,Marcus Camby,POR,C,26.1,4.7,2.1,10.3,59,0.655
2011,Vince Carter,2TM,SG,28.1,14.0,2.0,3.8,73,0.705
2011,Vince Carter,PHO,SG,27.2,13.5,1.6,3.6,51,0.688
2011,Omri Casspi,SAC,SF,24.0,8.6,1.0,4.3,71,0.579
2011,Mario Chalmers,MIA,PG,22.6,6.4,2.5,2.1,70,0.487
2011,Tyson Chandler,DAL,C,27.8,10.1,0.4,9.4,74,0.716
2011,Wilson Chandler,2TM,SF,33.3,15.3,1.7,5.7,72,0.682
2011,Wilson Chandler,NYK,SF,34.5,16.4,1.7,5.9,51,0.696
2011,Darren Collison,IND,PG,29.9,13.2,5.1,2.8,79,0.706
2011,Nick Collison,OKC,C,21.5,4.6,1.0,4.5,71,0.47
2011,Mike Conley,MEM,PG,35.5,13.7,6.5,3.0,81,0.654
2011,DeMarcus Cousins,SAC,C,28.5,14.1,2.5,8.6,81,0.884
2011,Jamal Crawford,ATL,SG,30.2,14.2,3.2,1.7,76,0.632
2011,Jordan Crawford,2TM,SG,24.5,11.7,2.8,2.5,42,0.694
2011,Dante Cunningham,2TM,PF,21.0,6.2,0.6,3.6,78,0.495
2011,Stephen Curry,GSW,PG,33.6,18.6,5.8,3.9,74,0.842
2011,Samuel Dalembert,SAC,C,24.2,8.1,0.8,8.2,80,0.707
2011,Baron Davis,2TM,PG,28.4,13.1,6.7,2.7,58,0.792
2011,Baron Davis,LAC,PG,29.5,12.8,7.0,2.8,43,0.766
2011,Ed Davis,TOR,PF,24.6,7.7,0.6,7.1,65,0.626
2011,Glen Davis,BOS,C,29.5,11.7,1.2,5.4,78,0.62
2011,Austin Daye,DET,SF,20.1,7.5,1.1,3.8,72,0.617
2011,Carlos Delfino,MIL,SF,32.4,11.5,2.3,4.1,49,0.552
2011,Luol Deng,CHI,SF,39.1,17.4,2.8,5.8,82,0.665
2011,DeMar DeRozan,TOR,SG,34.8,17.2,1.8,3.8,82,0.655
2011,Boris Diaw,CHA,PF,33.9,11.3,4.1,5.0,82,0.602
2011,Keyon Dooling,MIL,PG,22.0,7.1,3.0,1.5,80,0.527
2011,Chris Douglas-Roberts,MIL,SF,20.1,7.3,1.1,2.0,44,0.517
2011,Toney Douglas,NYK,SG,24.3,10.6,3.0,3.0,81,0.683
2011,Jared Dudley,PHO,SF,26.1,10.6,1.3,3.9,82,0.605
2011,Tim Duncan,SAS,C,28.4,13.4,2.7,8.9,76,0.88
2011,Mike Dunleavy,IND,SG,27.6,11.2,1.7,4.5,61,0.63
2011,Kevin Durant,OKC,SF,38.9,27.7,2.7,6.8,78,0.956
2011,Monta Ellis,GSW,SG,40.3,24.1,5.6,3.5,80,0.824
2011,Maurice Evans,2TM,SF,21.2,6.3,0.6,2.1,73,0.425
2011,Tyreke Evans,SAC,SG,37.0,17.8,5.6,4.8,57,0.762
2011,Christian Eyenga,CLE,SF,21.5,6.9,0.8,2.8,44,0.488
2011,Jordan Farmar,NJN,PG,24.6,9.6,5.0,2.4,73,0.691
2011,Raymond Felton,2TM,SG,36.5,15.5,8.3,3.6,75,0.751
2011,Raymond Felton,NYK,PG,38.4,17.1,9.0,3.6,54,0.773
2011,Rudy Fernández,POR,SG,23.3,8.6,2.5,2.2,78,0.571
2011,Landry Fields,NYK,SG,31.0,9.7,1.9,6.4,82,0.581
2011,Derek Fisher,LAL,PG,28.0,6.8,2.7,1.9,82,0.407
2011,Randy Foye,LAC,SG,24.6,9.8,2.7,1.6,63,0.573
2011,Channing Frye,PHO,PF,33.0,12.7,1.2,6.7,77,0.624
2011,Danilo Gallinari,2TM,SF,33.9,15.6,1.7,4.9,62,0.655
2011,Danilo Gallinari,NYK,PF,34.8,15.9,1.7,4.8,48,0.644
2011,Francisco García,SAC,SF,23.9,9.7,1.2,2.3,58,0.552
2011,Kevin Garnett,BOS,PF,31.3,14.9,2.4,8.9,71,0.837
2011,Marc Gasol,MEM,C,31.9,11.7,2.5,7.0,81,0.665
2011,Pau Gasol,LAL,C,37.0,18.8,3.3,10.2,82,0.873
2011,Rudy Gay,MEM,SF,39.9,19.8,2.8,6.2,54,0.722
2011,Alonzo Gee,3TM,SG,20.0,5.9,0.7,3.3,56,0.495
2011,Alonzo Gee,CLE,SG,24.3,7.4,0.8,3.9,40,0.498
2011,Paul George,IND,SG,20.7,7.8,1.1,3.7,61,0.609
2011,Daniel Gibson,CLE,SG,27.8,11.6,3.0,2.6,67,0.619
2011,Taj Gibson,CHI,PF,21.8,7.1,0.7,5.7,80,0.619
2011,Manu Ginóbili,SAS,SG,30.3,17.4,4.9,3.7,80,0.858
2011,Ryan Gomes,LAC,SF,27.6,7.2,1.6,3.3,76,0.438
2011,Ben Gordon,DET,SG,26.0,11.2,2.1,2.4,82,0.604
2011,Eric Gordon,LAC,SG,37.7,22.3,4.4,2.9,56,0.785
2011,Marcin Gortat,2TM,C,25.4,10.2,0.9,7.9,80,0.748
2011,Marcin Gortat,PHO,C,29.7,13.0,1.0,9.3,55,0.785
2011,Danny Granger,IND,SF,35.0,20.5,2.6,5.4,79,0.814
2011,Jeff Green,2TM,SF,32.4,13.3,1.4,4.8,75,0.602
2011,Jeff Green,OKC,PF,37.0,15.2,1.8,5.6,49,0.611
2011,Willie Green,NOH,SG,21.7,8.7,1.0,2.1,77,0.544
2011,Blake Griffin,LAC,PF,38.0,22.5,3.8,12.1,82,1.011
2011,Richard Hamilton,DET,SG,27.2,14.1,3.1,2.3,55,0.717
2011,Tyler Hansbrough,IND,PF,21.9,11.0,0.6,5.2,70,0.767
2011,James Harden,OKC,SG,26.7,12.2,2.1,3.1,82,0.652
2011,Al Harrington,DEN,PF,22.8,10.5,1.4,4.5,73,0.719
2011,Devin Harris,2TM,PG,31.7,15.2,7.1,2.4,71,0.779
2011,Devin Harris,NJN,PG,31.9,15.0,7.6,2.4,54,0.784
2011,Spencer Hawes,PHI,C,21.2,7.2,1.5,5.7,81,0.679
2011,Chuck Hayes,HOU,C,28.1,7.9,2.7,8.1,74,0.665
2011,Gerald Henderson,CHA,SG,24.4,9.6,1.5,3.0,68,0.578
2011,Roy Hibbert,IND,C,27.7,12.7,2.0,7.5,81,0.801
2011,J.J. Hickson,CLE,C,28.2,13.8,1.1,8.7,80,0.837
2011,Nenê,DEN,C,30.5,14.5,2.0,7.6,75,0.79
2011,George Hill,SAS,PG,28.3,11.6,2.5,2.6,76,0.59
2011,Grant Hill,PHO,SF,30.1,13.2,2.5,4.2,80,0.661
2011,Kirk Hinrich,2TM,PG,30.0,10.2,4.0,2.5,72,0.557
2011,Kirk Hinrich,WAS,SG,30.6,11.1,4.4,2.7,48,0.595
2011,Jrue Holiday,PHI,PG,35.4,14.0,6.5,4.0,82,0.692
2011,Al Horford,ATL,C,35.1,15.3,3.5,9.3,77,0.801
2011,Dwight Howard,ORL,C,37.6,22.9,1.4,14.1,78,1.021
2011,Kris Humphries,NJN,PF,27.9,10.0,1.1,10.4,74,0.771
2011,Serge Ibaka,OKC,PF,27.0,9.9,0.3,7.6,82,0.659
2011,Andre Iguodala,PHI,SF,36.9,14.1,6.3,5.8,67,0.71
2011,Ersan İlyasova,MIL,PF,25.1,9.5,0.9,6.1,60,0.657
2011,Jarrett Jack,2TM,SG,20.7,8.9,2.9,2.1,83,0.671
2011,Stephen Jackson,CHA,SG,35.9,18.5,3.6,4.5,67,0.741
2011,LeBron James,MIA,SF,38.8,26.7,7.0,7.5,79,1.062
2011,Antawn Jamison,CLE,PF,32.9,18.0,1.7,6.7,56,0.802
2011,Al Jefferson,UTA,C,35.9,18.6,1.8,9.7,82,0.838
2011,Richard Jefferson,SAS,SF,30.4,11.0,1.3,3.8,81,0.53
2011,Brandon Jennings,MIL,PG,34.4,16.2,4.8,3.7,63,0.718
2011,Amir Johnson,TOR,PF,25.7,9.6,1.1,6.4,72,0.665
2011,Joe Johnson,ATL,SG,35.5,18.2,4.7,4.0,72,0.758
2011,Wesley Johnson,MIN,SG,26.2,9.0,1.9,3.0,79,0.531
2011,DeAndre Jordan,LAC,C,25.6,7.1,0.5,7.2,80,0.578
2011,Jason Kidd,DAL,PG,33.2,7.9,8.2,4.4,80,0.617
2011,Andrei Kirilenko,UTA,SF,31.2,11.7,3.0,5.1,64,0.635
2011,Kyle Korver,CHI,SG,20.1,8.3,1.5,1.8,82,0.577
2011,Nenad Krstić,2TM,C,22.1,8.1,0.4,4.7,71,0.597
2011,Nenad Krstić,OKC,C,21.7,7.6,0.4,4.4,47,0.571
2011,Carl Landry,2TM,PF,26.4,11.9,0.8,4.6,76,0.655
2011,Carl Landry,SAC,PF,26.5,11.9,0.9,4.8,53,0.664
2011,Ty Lawson,DEN,PG,26.3,11.7,4.7,2.6,80,0.722
2011,Courtney Lee,HOU,SG,21.3,8.3,1.2,2.6,81,0.568
2011,David Lee,GSW,PF,36.1,16.5,3.2,9.8,73,0.817
2011,Rashard Lewis,2TM,PF,32.0,11.7,1.6,5.1,57,0.575
2011,Brook Lopez,NJN,C,35.2,20.4,1.6,6.0,82,0.795
2011,Kevin Love,MIN,PF,35.8,20.2,2.5,15.2,73,1.059
2011,Kyle Lowry,HOU,PG,34.2,13.5,6.7,4.1,75,0.711
2011,Corey Maggette,MIL,SF,20.9,12.0,1.3,3.6,67,0.809
2011,Shawn Marion,DAL,SF,28.2,12.5,1.4,6.9,80,0.738
2011,Kenyon Martin,DEN,PF,25.7,8.6,2.3,6.2,48,0.665
2011,Kevin Martin,HOU,SG,32.5,23.5,2.5,3.2,80,0.898
2011,Wesley Matthews,POR,SG,33.6,15.9,2.0,3.1,82,0.625
2011,O.J. Mayo,MEM,SG,26.3,11.3,2.0,2.4,71,0.597
2011,Luc Mbah a Moute,MIL,PF,26.5,6.7,0.9,5.3,79,0.487
2011,JaVale McGee,WAS,C,27.8,10.1,0.5,8.0,79,0.669
2011,Tracy McGrady,DET,SG,23.4,8.0,3.5,3.5,72,0.641
2011,Josh McRoberts,IND,PF,22.2,7.4,2.1,5.3,72,0.667
2011,Jodie Meeks,PHI,SG,27.9,10.5,1.1,2.3,74,0.498
2011,C.J. Miles,UTA,SF,25.2,12.8,1.7,3.3,78,0.706
2011,Darko Miličić,MIN,C,24.4,8.8,1.5,5.2,69,0.635
2011,Andre Miller,POR,PG,32.7,12.7,7.0,3.7,81,0.716
2011,Mike Miller,MIA,SG,20.4,5.6,1.2,4.5,41,0.554
2011,Paul Millsap,UTA,PF,34.3,17.3,2.5,7.6,76,0.799
2011,Greg Monroe,DET,C,27.8,9.4,1.3,7.5,80,0.655
2011,Anthony Morrow,NJN,SG,32.0,13.2,1.2,3.0,58,0.544
2011,Steve Nash,PHO,PG,33.3,14.7,11.4,3.5,75,0.889
2011,Gary Neal,SAS,SG,21.1,9.8,1.2,2.5,80,0.64
2011,Jameer Nelson,ORL,PG,30.5,13.1,6.0,3.0,76,0.725
2011,Joakim Noah,CHI,C,32.8,11.7,2.2,10.4,48,0.741
2011,Dirk Nowitzki,DAL,PF,34.3,23.0,2.6,7.0,73,0.95
2011,Lamar Odom,LAL,PF,32.2,14.4,3.0,8.7,82,0.811
2011,Emeka Okafor,NOH,C,31.8,10.3,0.6,9.5,72,0.642
2011,Travis Outlaw,NJN,SF,28.8,9.2,1.0,4.0,82,0.493
2011,Anthony Parker,CLE,SF,29.0,8.3,3.0,3.0,72,0.493
2011,Tony Parker,SAS,PG,32.4,17.5,6.6,3.1,78,0.84
2011,Chris Paul,NOH,PG,36.0,15.9,9.8,4.1,80,0.828
2011,Paul Pierce,BOS,SF,34.7,18.9,3.3,5.4,80,0.795
2011,Tayshaun Prince,DET,SF,32.8,14.1,2.8,4.2,78,0.643
2011,Zach Randolph,MEM,PF,36.3,20.1,2.2,12.2,75,0.95
2011,JJ Redick,ORL,SG,25.6,10.1,1.7,1.9,59,0.535
2011,Jason Richardson,2TM,SG,33.9,15.6,1.8,4.1,80,0.634
2011,Jason Richardson,ORL,SG,34.9,13.9,2.0,4.0,55,0.57
2011,Luke Ridnour,MIN,PG,30.4,11.8,5.4,2.8,71,0.658
2011,Rajon Rondo,BOS,PG,37.2,10.6,11.2,4.4,68,0.704
2011,Derrick Rose,CHI,PG,37.4,25.0,7.7,4.1,81,0.984
2011,Brandon Roy,POR,SG,27.9,12.2,2.7,2.6,47,0.627
2011,Brandon Rush,IND,SG,26.2,9.1,0.9,3.2,67,0.504
2011,John Salmons,MIL,SG,35.0,14.0,3.5,3.6,73,0.603
2011,Luis Scola,HOU,PF,32.6,18.3,2.5,8.2,74,0.89
2011,Thabo Sefolosha,OKC,SG,25.9,5.1,1.4,4.4,79,0.421
2011,Ramon Sessions,CLE,PG,26.3,13.3,5.2,3.1,81,0.821
2011,Josh Smith,ATL,PF,34.4,16.5,3.3,8.5,77,0.823
2011,J.R. Smith,DEN,SF,24.9,12.3,2.2,4.1,79,0.747
2011,Amar'e Stoudemire,NYK,C,36.8,25.3,2.6,8.2,78,0.981
2011,Rodney Stuckey,DET,PG,31.2,15.5,5.2,3.1,70,0.763
2011,Jason Terry,DAL,SG,31.3,15.8,4.1,1.9,82,0.696
2011,Kurt Thomas,CHI,PF,22.7,4.1,1.2,5.8,52,0.489
2011,Tyrus Thomas,CHA,C,21.0,10.2,0.7,5.5,41,0.781
2011,Jason Thompson,SAC,PF,23.3,8.8,1.2,6.1,75,0.691
2011,Al Thornton,WAS,SF,21.8,8.0,1.0,3.2,49,0.56
2011,Marcus Thornton,2TM,SG,24.3,12.8,1.8,3.5,73,0.745
2011,Anthony Tolliver,MIN,SF,21.0,6.7,1.3,4.5,65,0.595
2011,Hedo Türkoğlu,2TM,SF,31.4,10.8,4.2,4.4,81,0.618
2011,Hedo Türkoğlu,ORL,SF,34.1,11.4,5.1,4.6,56,0.619
2011,Evan Turner,PHI,SG,23.0,7.2,2.0,3.9,78,0.57
2011,Beno Udrih,SAC,PG,34.6,13.7,4.9,3.4,79,0.636
2011,Charlie Villanueva,DET,PF,21.9,11.1,0.6,3.9,76,0.712
2011,Sasha Vujačić,2TM,SG,24.6,9.8,2.0,2.8,67,0.593
2011,Sasha Vujačić,NJN,SG,28.5,11.4,2.3,3.3,56,0.596
2011,Dwyane Wade,MIA,SG,37.1,25.5,4.6,6.4,76,0.984
2011,Ben Wallace,DET,C,22.9,2.9,1.3,6.5,54,0.467
2011,Gerald Wallace,2TM,SF,37.9,15.7,2.4,8.0,71,0.689
2011,Gerald Wallace,CHA,SF,39.0,15.6,2.4,8.2,48,0.672
2011,John Wall,WAS,PG,37.8,16.4,8.3,4.6,69,0.775
2011,Martell Webster,MIN,SF,23.8,9.8,1.2,3.2,46,0.597
2011,Sonny Weems,TOR,SF,23.9,9.2,1.8,2.6,59,0.569
2011,Russell Westbrook,OKC,PG,34.7,21.9,8.2,4.6,82,1.0
2011,David West,NOH,PF,35.0,18.9,2.3,7.6,70,0.823
2011,Deron Williams,2TM,PG,37.9,20.1,10.3,4.0,65,0.908
2011,Deron Williams,UTA,PG,37.9,21.3,9.7,3.9,53,0.921
2011,Lou Williams,PHI,SG,23.3,13.7,3.4,2.0,75,0.82
2011,Mo Williams,2TM,PG,30.8,14.0,6.6,2.6,58,0.753
2011,Marvin Williams,ATL,SF,28.7,10.4,1.4,4.8,65,0.578
2011,Reggie Williams,GSW,SF,20.3,9.2,1.5,2.7,80,0.66
2011,Shawne Williams,NYK,PF,20.7,7.1,0.7,3.7,64,0.556
2011,Dorell Wright,GSW,SF,38.4,16.4,3.0,5.3,82,0.643
2011,Nick Young,WAS,SG,31.8,17.4,1.2,2.7,64,0.67
2011,Sam Young,MEM,SF,20.2,7.3,0.9,2.4,78,0.525
2011,Thaddeus Young,PHI,PF,26.0,12.7,1.0,5.3,82,0.731
2010,Arron Afflalo,DEN,SG,27.1,8.8,1.7,3.1,82,0.502
2010,LaMarcus Aldridge,POR,PF,37.5,17.9,2.1,8.0,78,0.747
2010,Ray Allen,BOS,SG,35.2,16.3,2.6,3.2,80,0.628
2010,Rafer Alston,2TM,PG,27.3,8.2,3.4,2.5,52,0.516
2010,Chris Andersen,DEN,PF,22.3,5.9,0.4,6.4,76,0.57
2010,Carmelo Anthony,DEN,SF,38.2,28.2,3.2,6.6,69,0.995
2010,Trevor Ariza,HOU,SF,36.5,14.9,3.8,5.6,72,0.666
2010,Carlos Arroyo,MIA,PG,22.0,6.1,3.1,1.8,72,0.5
2010,Metta World Peace,LAL,SF,33.8,11.0,3.0,4.3,77,0.541
2010,Andrea Bargnani,TOR,PF,35.0,17.2,1.2,6.2,80,0.703
2010,Matt Barnes,ORL,SF,25.9,8.8,1.7,5.5,81,0.618
2010,Shane Battier,HOU,SG,32.4,8.0,2.4,4.7,67,0.466
2010,Michael Beasley,MIA,PF,29.8,14.8,1.3,6.4,78,0.755
2010,Charlie Bell,MIL,SG,22.7,6.5,1.5,1.9,71,0.436
2010,Mike Bibby,ATL,PG,27.4,9.1,3.9,2.3,80,0.558
2010,Chauncey Billups,DEN,PG,34.1,19.5,5.6,3.1,73,0.827
2010,Steve Blake,2TM,PG,27.0,7.3,4.8,2.3,80,0.533
2010,Steve Blake,POR,PG,27.4,7.6,4.0,2.3,51,0.507
2010,Andray Blatche,WAS,PF,27.9,14.1,2.1,6.3,81,0.806
2010,Andrew Bogut,MIL,C,32.3,15.9,1.8,10.2,69,0.864
2010,Carlos Boozer,UTA,PF,34.3,19.5,3.2,11.2,78,0.988
2010,Chris Bosh,TOR,C,36.1,24.0,2.4,10.8,70,1.03
2010,Elton Brand,PHI,PF,30.2,13.1,1.4,6.1,76,0.682
2010,Corey Brewer,MIN,SG,30.3,13.0,2.4,3.4,82,0.62
2010,Ronnie Brewer,2TM,SG,30.0,8.8,2.7,3.2,58,0.49
2010,Ronnie Brewer,UTA,SG,31.4,9.5,2.8,3.4,53,0.5
2010,Aaron Brooks,HOU,PG,35.6,19.6,5.3,2.6,82,0.772
2010,Devin Brown,2TM,SG,21.2,8.0,1.3,2.5,50,0.557
2010,Shannon Brown,LAL,SG,20.7,8.1,1.3,2.2,82,0.56
2010,Kobe Bryant,LAL,SG,38.8,27.0,5.0,5.4,73,0.964
2010,Chase Budinger,HOU,SF,20.1,8.9,1.2,3.0,74,0.652
2010,Caron Butler,2TM,SG,37.6,16.3,2.1,6.2,74,0.654
2010,Caron Butler,WAS,SF,39.4,16.9,2.3,6.7,47,0.657
2010,Rasual Butler,LAC,SF,33.0,11.9,1.4,2.9,82,0.491
2010,Andrew Bynum,LAL,C,30.4,15.0,1.0,8.3,65,0.799
2010,Will Bynum,DET,PG,26.5,10.0,4.5,2.3,63,0.634
2010,José Calderón,TOR,PG,26.7,10.3,5.9,2.1,68,0.685
2010,Marcus Camby,2TM,PF,31.3,7.5,2.5,11.8,74,0.696
2010,Marcus Camby,LAC,PF,31.3,7.7,3.0,12.1,51,0.728
2010,Vince Carter,ORL,SG,30.8,16.6,3.1,3.9,75,0.766
2010,Omri Casspi,SAC,SF,25.1,10.3,1.2,4.5,77,0.637
2010,Mario Chalmers,MIA,PG,24.8,7.1,3.4,1.8,73,0.496
2010,Tyson Chandler,CHA,C,22.8,6.5,0.3,6.3,51,0.575
2010,Wilson Chandler,NYK,SG,35.7,15.3,2.1,5.4,65,0.639
2010,Darren Collison,NOH,PG,27.8,12.4,5.7,2.5,76,0.741
2010,Nick Collison,OKC,C,20.8,5.9,0.5,5.1,75,0.553
2010,Mike Conley,MEM,PG,32.1,12.0,5.3,2.4,80,0.614
2010,Jamal Crawford,ATL,SG,31.1,18.0,3.0,2.5,79,0.756
2010,Stephen Curry,GSW,PG,36.2,17.5,5.9,4.5,80,0.771
2010,Samuel Dalembert,PHI,C,25.9,8.1,0.8,9.6,82,0.714
2010,Erick Dampier,DAL,C,23.3,6.0,0.6,7.3,55,0.597
2010,Baron Davis,LAC,PG,33.6,15.3,8.0,3.5,75,0.798
2010,Carlos Delfino,MIL,SF,30.4,11.0,2.7,5.3,75,0.625
2010,Luol Deng,CHI,SF,37.9,17.6,2.0,7.3,70,0.71
2010,DeMar DeRozan,TOR,SG,21.6,8.6,0.7,2.9,77,0.565
2010,Boris Diaw,CHA,PF,35.4,11.3,4.0,5.2,82,0.579
2010,Chris Douglas-Roberts,NJN,SF,25.8,9.8,1.4,3.0,67,0.55
2010,Jared Dudley,PHO,SF,24.3,8.2,1.4,3.4,82,0.535
2010,Chris Duhon,NYK,PG,30.9,7.4,5.6,2.7,67,0.508
2010,Tim Duncan,SAS,C,31.3,17.9,3.2,10.1,78,0.997
2010,Mike Dunleavy,IND,SF,22.2,9.9,1.5,3.5,67,0.671
2010,Kevin Durant,OKC,SF,39.5,30.1,2.8,7.6,82,1.025
2010,Monta Ellis,GSW,SG,41.4,25.5,5.3,4.0,64,0.841
2010,Tyreke Evans,SAC,SG,37.2,20.1,5.8,5.3,72,0.839
2010,Raymond Felton,CHA,PG,33.0,12.1,5.6,3.6,80,0.645
2010,Rudy Fernández,POR,SG,23.2,8.1,2.0,2.6,62,0.547
2010,Derek Fisher,LAL,PG,27.2,7.5,2.5,2.1,82,0.445
2010,Jonny Flynn,MIN,PG,28.9,13.5,4.4,2.4,81,0.702
2010,T.J. Ford,IND,PG,25.3,10.3,3.8,3.2,47,0.684
2010,Randy Foye,WAS,PG,23.8,10.1,3.3,1.9,70,0.643
2010,Channing Frye,PHO,C,27.0,11.2,1.4,5.3,81,0.663
2010,Danilo Gallinari,NYK,SF,33.9,15.1,1.7,4.9,81,0.64
2010,Kevin Garnett,BOS,PF,29.9,14.3,2.7,7.3,69,0.813
2010,Marc Gasol,MEM,C,35.8,14.6,2.4,9.3,69,0.735
2010,Pau Gasol,LAL,C,37.0,18.3,3.4,11.3,65,0.892
2010,Rudy Gay,MEM,SF,39.7,19.6,1.9,5.9,80,0.69
2010,Taj Gibson,CHI,PF,26.9,9.0,0.9,7.5,82,0.647
2010,Manu Ginóbili,SAS,SG,28.7,16.5,4.9,3.8,75,0.878
2010,Ryan Gomes,MIN,SF,29.1,10.9,1.6,4.6,76,0.588
2010,Drew Gooden,2TM,C,25.1,10.9,0.7,7.7,70,0.769
2010,Drew Gooden,DAL,C,22.4,8.9,0.6,6.9,46,0.732
2010,Ben Gordon,DET,SG,27.9,13.8,2.7,1.9,62,0.659
2010,Eric Gordon,LAC,SG,36.0,16.9,3.0,2.6,62,0.625
2010,Danny Granger,IND,SF,36.7,24.1,2.8,5.5,62,0.883
2010,Donté Greene,SAC,SF,21.4,8.5,0.9,3.1,76,0.584
2010,Jeff Green,OKC,PF,37.1,15.1,1.6,6.0,82,0.612
2010,Willie Green,PHI,SG,21.3,8.7,2.1,1.8,73,0.592
2010,Richard Hamilton,DET,SG,33.7,18.1,4.4,2.7,46,0.748
2010,James Harden,OKC,SG,22.9,9.9,1.8,3.2,76,0.651
2010,Al Harrington,NYK,PF,30.5,17.7,1.5,5.6,72,0.813
2010,Devin Harris,NJN,PG,34.7,16.9,6.6,3.2,64,0.769
2010,Udonis Haslem,MIA,PF,27.9,9.9,0.7,8.1,78,0.67
2010,Trenton Hassell,NJN,SF,21.3,4.5,1.0,2.9,52,0.394
2010,Spencer Hawes,SAC,C,26.4,10.0,2.2,6.1,72,0.693
2010,Chuck Hayes,HOU,C,21.6,4.4,1.7,5.7,82,0.546
2010,Jarvis Hayes,NJN,SF,23.0,7.8,0.9,2.4,45,0.483
2010,Brendan Haywood,2TM,C,30.6,9.1,0.6,9.3,77,0.621
2010,Brendan Haywood,WAS,C,32.9,9.8,0.4,10.3,49,0.623
2010,Roy Hibbert,IND,C,25.1,11.7,2.0,5.7,81,0.773
2010,J.J. Hickson,CLE,PF,20.9,8.5,0.5,4.9,81,0.665
2010,Nenê,DEN,C,33.6,13.8,2.5,7.6,82,0.711
2010,George Hill,SAS,PG,29.2,12.4,2.9,2.6,78,0.613
2010,Grant Hill,PHO,SF,30.0,11.3,2.4,5.5,81,0.64
2010,Kirk Hinrich,CHI,SG,33.5,10.9,4.5,3.5,74,0.564
2010,Jrue Holiday,PHI,PG,24.2,8.0,3.8,2.6,73,0.595
2010,Al Horford,ATL,C,35.1,14.2,2.3,9.9,81,0.752
2010,Dwight Howard,ORL,C,34.7,18.3,1.8,13.2,82,0.96
2010,Juwan Howard,POR,C,22.4,6.0,0.8,4.6,73,0.509
2010,Larry Hughes,2TM,SG,24.8,9.1,3.0,3.2,45,0.617
2010,Kris Humphries,NJN,PF,20.6,8.1,0.6,6.4,44,0.733
2010,Andre Iguodala,PHI,SF,38.9,17.1,5.8,6.5,82,0.756
2010,Zydrunas Ilgauskas,CLE,C,20.9,7.4,0.8,5.4,64,0.651
2010,Ersan İlyasova,MIL,PF,23.4,10.4,1.0,6.4,81,0.761
2010,Jarrett Jack,TOR,PG,27.4,11.4,5.0,2.7,82,0.697
2010,Stephen Jackson,2TM,SG,38.6,20.6,3.7,5.0,81,0.759
2010,Stephen Jackson,CHA,SG,39.3,21.1,3.6,5.1,72,0.758
2010,LeBron James,CLE,SF,39.0,29.7,8.6,7.3,76,1.169
2010,Antawn Jamison,2TM,PF,36.5,18.7,1.3,8.4,66,0.778
2010,Antawn Jamison,WAS,PF,38.9,20.5,1.3,8.8,41,0.787
2010,Al Jefferson,MIN,C,32.4,17.1,1.8,9.3,76,0.87
2010,Richard Jefferson,SAS,SF,31.1,12.3,2.0,4.4,81,0.601
2010,Jared Jeffries,2TM,SF,25.6,5.3,1.4,4.1,70,0.422
2010,Jared Jeffries,NYK,PF,28.1,5.5,1.6,4.3,52,0.406
2010,Brandon Jennings,MIL,PG,32.6,15.5,5.7,3.4,82,0.755
2010,Jonas Jerebko,DET,PF,27.9,9.3,0.7,6.0,80,0.573
2010,Yi Jianlian,NJN,PF,31.8,12.0,0.9,7.2,52,0.632
2010,Joe Johnson,ATL,SG,38.0,21.3,4.9,4.6,76,0.811
2010,Dahntay Jones,IND,SF,24.9,10.2,2.0,3.0,76,0.61
2010,Chris Kaman,LAC,C,34.3,18.5,1.6,9.3,76,0.857
2010,Jason Kidd,DAL,PG,36.0,10.3,9.1,5.6,80,0.694
2010,Andrei Kirilenko,UTA,SF,29.0,11.9,2.7,4.6,58,0.662
2010,Nenad Krstić,OKC,C,22.9,8.4,0.7,5.0,76,0.616
2010,Carl Landry,2TM,PF,30.9,16.8,0.8,5.9,80,0.761
2010,Carl Landry,HOU,PF,27.2,16.1,0.8,5.5,52,0.824
2010,Ty Lawson,DEN,PG,20.3,8.3,3.1,1.9,65,0.655
2010,Courtney Lee,NJN,SG,33.5,12.5,1.7,3.5,71,0.528
2010,David Lee,NYK,C,37.3,20.2,3.6,11.7,81,0.952
2010,Rashard Lewis,ORL,PF,32.9,14.1,1.5,4.4,72,0.608
2010,Brook Lopez,NJN,C,36.9,18.8,2.3,8.6,82,0.805
2010,Kevin Love,MIN,PF,28.6,14.0,2.3,11.0,60,0.955
2010,Kyle Lowry,HOU,PG,24.3,9.1,4.5,3.6,68,0.708
2010,Corey Maggette,GSW,PF,29.7,19.8,2.5,5.3,70,0.929
2010,Shawn Marion,DAL,SF,31.8,12.0,1.4,6.4,75,0.623
2010,Kenyon Martin,DEN,PF,34.2,11.5,1.9,9.4,58,0.667
2010,Kevin Martin,2TM,SG,35.5,20.6,2.4,3.6,46,0.749
2010,Wesley Matthews,UTA,SG,24.7,9.4,1.5,2.3,82,0.534
2010,Jason Maxiell,DET,C,20.4,6.8,0.5,5.3,76,0.618
2010,O.J. Mayo,MEM,SG,38.0,17.5,3.0,3.8,82,0.639
2010,Luc Mbah a Moute,MIL,PF,25.6,6.2,1.1,5.5,73,0.5
2010,Antonio McDyess,SAS,PF,21.0,5.8,1.1,5.9,77,0.61
2010,C.J. Miles,UTA,SF,23.8,9.9,1.7,2.7,63,0.601
2010,Andre Miller,POR,PG,30.5,14.0,5.4,3.2,82,0.741
2010,Brad Miller,CHI,C,23.8,8.8,1.9,4.9,82,0.655
2010,Mike Miller,WAS,SG,33.4,10.9,3.9,6.2,54,0.629
2010,Paul Millsap,UTA,PF,27.8,11.6,1.6,6.8,82,0.719
2010,Anthony Morrow,GSW,SG,29.2,13.0,1.5,3.8,69,0.627
2010,Troy Murphy,IND,PF,32.6,14.6,2.1,10.2,72,0.825
2010,Ronald Murray,2TM,SG,22.3,9.9,1.8,2.4,75,0.632
2010,Ronald Murray,CHA,SG,21.6,9.9,1.8,2.1,46,0.639
2010,Steve Nash,PHO,PG,32.8,16.5,11.0,3.3,81,0.939
2010,Jameer Nelson,ORL,PG,28.6,12.6,5.4,3.0,65,0.734
2010,Joakim Noah,CHI,C,30.1,10.7,2.1,11.0,64,0.791
2010,Dirk Nowitzki,DAL,PF,37.5,25.0,2.7,7.7,81,0.944
2010,Lamar Odom,LAL,PF,31.5,10.8,3.3,9.8,82,0.759
2010,Emeka Okafor,NOH,C,28.9,10.4,0.7,9.0,82,0.696
2010,Mehmet Okur,UTA,C,29.4,13.5,1.6,7.1,73,0.755
2010,Jermaine O'Neal,MIA,C,28.4,13.6,1.3,6.9,70,0.768
2010,Shaquille O'Neal,CLE,C,23.4,12.0,1.5,6.7,53,0.863
2010,Anthony Parker,CLE,SG,28.3,7.3,1.9,2.9,81,0.428
2010,Tony Parker,SAS,PG,30.9,16.0,5.7,2.4,56,0.78
2010,Chris Paul,NOH,PG,38.0,18.7,10.7,4.2,45,0.884
2010,Kendrick Perkins,BOS,C,27.6,10.1,1.0,7.6,78,0.678
2010,Morris Peterson,NOH,SG,21.2,7.1,0.9,2.7,46,0.505
2010,Paul Pierce,BOS,SF,34.0,18.3,3.1,4.4,71,0.759
2010,Mickaël Piétrus,ORL,SF,22.5,8.7,0.7,2.9,75,0.547
2010,James Posey,NOH,SF,22.5,5.2,1.5,4.3,77,0.489
2010,Tayshaun Prince,DET,SF,34.0,13.5,3.3,5.1,49,0.644
2010,Vladimir Radmanović,2TM,PF,21.7,6.2,1.1,4.3,41,0.535
2010,Zach Randolph,MEM,PF,37.7,20.8,1.8,11.7,81,0.91
2010,JJ Redick,ORL,SG,22.0,9.6,1.9,1.9,82,0.609
2010,Jason Richardson,PHO,SG,31.5,15.7,1.8,5.1,79,0.717
2010,Quentin Richardson,MIA,SF,27.4,8.9,1.2,4.9,76,0.547
2010,Luke Ridnour,MIL,PG,21.5,10.4,4.0,1.7,82,0.749
2010,Rajon Rondo,BOS,PG,36.6,13.7,9.8,4.4,81,0.762
2010,Derrick Rose,CHI,PG,36.8,20.8,6.0,3.8,78,0.832
2010,Brandon Roy,POR,SG,37.2,21.5,4.7,4.4,65,0.823
2010,Brandon Rush,IND,SG,30.4,9.4,1.4,4.2,82,0.493
2010,John Salmons,2TM,SG,34.9,15.4,2.8,3.3,81,0.616
2010,John Salmons,CHI,SG,33.2,12.7,2.5,3.4,51,0.56
2010,Luis Scola,HOU,PF,32.6,16.2,2.1,8.6,82,0.825
2010,Thabo Sefolosha,OKC,SG,28.6,6.0,1.8,4.7,82,0.437
2010,Ramon Sessions,MIN,PG,21.1,8.2,3.1,2.6,82,0.659
2010,Josh Smith,ATL,PF,35.4,15.7,4.2,8.7,81,0.808
2010,J.R. Smith,DEN,SG,27.8,15.4,2.4,3.1,75,0.752
2010,Jerry Stackhouse,MIL,SG,20.4,8.5,1.7,2.4,42,0.618
2010,Peja Stojaković,NOH,SF,31.4,12.6,1.5,3.7,62,0.567
2010,Amar'e Stoudemire,PHO,PF,34.6,23.1,1.0,8.9,82,0.954
2010,Rodney Stuckey,DET,PG,34.2,16.6,4.8,3.8,73,0.737
2010,Jason Terry,DAL,SG,33.0,16.6,3.8,1.8,77,0.673
2010,Tyrus Thomas,2TM,C,22.6,9.4,1.0,6.2,54,0.735
2010,Jason Thompson,SAC,C,31.4,12.5,1.7,8.5,75,0.723
2010,Al Thornton,2TM,SF,27.7,10.7,1.2,3.9,75,0.57
2010,Al Thornton,LAC,SF,27.5,10.7,1.2,3.8,51,0.571
2010,Marcus Thornton,NOH,SG,25.6,14.5,1.6,2.9,73,0.742
2010,Anthony Tolliver,2TM,PF,31.0,11.7,1.9,7.0,46,0.665
2010,Anthony Tolliver,GSW,PF,32.3,12.3,2.0,7.3,44,0.669
2010,Ronny Turiaf,GSW,C,20.8,4.9,2.1,4.5,42,0.553
2010,Hedo Türkoğlu,TOR,SF,30.7,11.3,4.1,4.6,74,0.651
2010,Beno Udrih,SAC,PG,31.4,12.9,4.7,2.8,79,0.65
2010,Anderson Varejão,CLE,PF,28.5,8.6,1.1,7.6,76,0.607
2010,Charlie Villanueva,DET,PF,23.7,11.9,0.7,4.7,78,0.73
2010,Dwyane Wade,MIA,SG,36.3,26.6,6.5,4.8,77,1.044
2010,Ben Wallace,DET,C,28.6,5.5,1.5,8.7,69,0.549
2010,Gerald Wallace,CHA,SF,41.0,18.2,2.1,10.0,76,0.739
2010,Rasheed Wallace,BOS,C,22.5,9.0,1.0,4.1,79,0.627
2010,Hakim Warrick,2TM,PF,20.5,9.6,0.7,4.1,76,0.702
2010,Hakim Warrick,MIL,PF,21.3,10.2,0.7,4.4,48,0.718
2010,C.J. Watson,GSW,PG,27.5,10.3,2.8,2.6,65,0.571
2010,Earl Watson,IND,PG,29.4,7.8,5.1,3.0,79,0.541
2010,Martell Webster,POR,SF,24.5,9.4,0.8,3.3,82,0.551
2010,Russell Westbrook,OKC,PG,34.3,16.1,8.0,4.9,82,0.845
2010,David West,NOH,PF,36.4,19.0,3.0,7.5,81,0.81
2010,Delonte West,CLE,SG,25.0,8.8,3.3,2.8,60,0.596
2010,Deron Williams,UTA,PG,36.9,18.7,10.5,4.0,76,0.9
2010,Jason Williams,ORL,PG,20.8,6.0,3.6,1.5,82,0.534
2010,Lou Williams,PHI,PG,29.9,14.0,4.2,2.9,64,0.706
2010,Mo Williams,CLE,PG,34.2,15.8,5.3,3.0,69,0.705
2010,Marvin Williams,ATL,SF,30.5,10.1,1.1,5.1,81,0.534
2010,Terrence Williams,NJN,SF,22.6,8.4,2.9,4.5,78,0.699
2010,Antoine Wright,TOR,SF,20.8,6.5,1.1,2.8,67,0.5
2010,Dorell Wright,MIA,SF,20.8,7.1,1.3,3.3,72,0.562
2010,Thaddeus Young,PHI,PF,32.0,13.8,1.4,5.2,67,0.638
2009,LaMarcus Aldridge,POR,PF,37.1,18.1,1.9,7.5,81,0.741
2009,Ray Allen,BOS,SG,36.4,18.2,2.8,3.5,79,0.673
2009,Rafer Alston,2TM,PG,31.8,11.7,5.3,2.9,77,0.626
2009,Rafer Alston,HOU,PG,33.1,11.5,5.4,3.0,48,0.601
2009,Chris Andersen,DEN,C,20.6,6.4,0.4,6.2,71,0.631
2009,Carmelo Anthony,DEN,SF,34.5,22.8,3.4,6.8,66,0.957
2009,Trevor Ariza,LAL,SF,24.4,8.9,1.8,4.3,82,0.615
2009,Metta World Peace,HOU,SF,35.5,17.1,3.3,5.2,69,0.721
2009,D.J. Augustin,CHA,PG,26.5,11.8,3.5,1.8,72,0.645
2009,Kelenna Azubuike,GSW,SF,32.1,14.4,1.6,5.0,74,0.654
2009,Leandro Barbosa,PHO,SG,24.4,14.2,2.3,2.6,70,0.783
2009,J.J. Barea,DAL,SG,20.3,7.8,3.4,2.2,79,0.66
2009,Andrea Bargnani,TOR,PF,31.4,15.4,1.2,5.3,78,0.697
2009,Matt Barnes,PHO,PF,27.0,10.2,2.8,5.5,77,0.685
2009,Shane Battier,HOU,SG,33.9,7.3,2.3,4.8,60,0.425
2009,Michael Beasley,MIA,PF,24.8,13.9,1.0,5.4,81,0.819
2009,Marco Belinelli,GSW,SG,21.0,8.9,2.1,1.7,42,0.605
2009,Charlie Bell,MIL,SG,25.5,8.4,2.2,1.9,70,0.49
2009,Raja Bell,2TM,SG,34.6,11.9,2.1,3.6,67,0.509
2009,Raja Bell,CHA,SG,35.6,13.0,2.5,4.0,45,0.548
2009,Mike Bibby,ATL,PG,34.7,14.9,5.0,3.5,79,0.674
2009,Andris Biedriņš,GSW,C,30.0,11.9,2.0,11.2,62,0.837
2009,Chauncey Billups,2TM,PG,35.3,17.7,6.4,3.0,79,0.768
2009,Chauncey Billups,DEN,PG,35.3,17.9,6.4,3.0,77,0.773
2009,Steve Blake,POR,PG,31.7,11.0,5.0,2.5,69,0.584
2009,Andray Blatche,WAS,C,24.0,10.0,1.7,5.3,71,0.708
2009,Matt Bonner,SAS,PF,23.8,8.2,1.0,4.8,81,0.588
2009,Chris Bosh,TOR,C,38.0,22.7,2.5,10.0,77,0.926
2009,Ronnie Brewer,UTA,SF,32.2,13.7,2.2,3.7,81,0.609
2009,Aaron Brooks,HOU,PG,25.0,11.2,3.0,2.0,80,0.648
2009,Kobe Bryant,LAL,SG,36.1,26.8,4.9,5.2,82,1.022
2009,Caron Butler,WAS,SG,38.6,20.8,4.3,6.2,67,0.811
2009,Rasual Butler,NOH,SF,31.9,11.2,0.9,3.3,82,0.483
2009,Andrew Bynum,LAL,C,28.9,14.3,1.4,8.0,50,0.82
2009,José Calderón,TOR,PG,34.3,12.8,8.9,2.9,68,0.717
2009,Marcus Camby,LAC,C,31.0,10.3,2.0,11.1,62,0.755
2009,Anthony Carter,DEN,PG,22.9,5.3,4.7,2.6,78,0.55
2009,Vince Carter,NJN,SG,36.8,20.8,4.7,5.1,80,0.832
2009,Mario Chalmers,MIA,PG,32.0,10.0,4.9,2.8,82,0.553
2009,Tyson Chandler,NOH,C,32.1,8.8,0.5,8.7,45,0.561
2009,Wilson Chandler,NYK,SF,33.4,14.4,2.1,5.4,82,0.656
2009,Nick Collison,OKC,C,25.8,8.2,0.9,6.9,71,0.62
2009,Mike Conley,MEM,PG,30.6,10.9,4.3,3.4,82,0.608
2009,Daequan Cook,MIA,SF,24.4,9.1,0.9,2.5,75,0.512
2009,Jamal Crawford,2TM,PG,38.1,19.7,4.4,3.0,65,0.711
2009,Jamal Crawford,GSW,PG,38.6,19.7,4.4,3.3,54,0.71
2009,Javaris Crittenton,WAS,PG,20.2,5.3,2.6,2.9,56,0.535
2009,Samuel Dalembert,PHI,C,24.8,6.4,0.2,8.5,82,0.609
2009,Erick Dampier,DAL,C,23.0,5.7,1.0,7.1,80,0.6
2009,Marquis Daniels,IND,SF,31.5,13.6,2.1,4.6,54,0.644
2009,Baron Davis,LAC,PG,34.6,14.9,7.7,3.7,65,0.76
2009,Glen Davis,BOS,C,21.5,7.0,0.9,4.0,76,0.553
2009,Luol Deng,CHI,SF,34.0,14.1,1.9,6.0,49,0.647
2009,Boris Diaw,2TM,PF,34.0,13.2,4.1,5.3,81,0.665
2009,Boris Diaw,CHA,PF,37.6,15.1,4.9,5.9,59,0.689
2009,Keyon Dooling,NJN,PG,26.9,9.7,3.5,2.0,77,0.565
2009,Chris Duhon,NYK,PG,36.8,11.1,7.2,3.1,79,0.582
2009,Tim Duncan,SAS,C,33.7,19.3,3.5,10.7,75,0.994
2009,Kevin Durant,OKC,SF,39.0,25.3,2.8,6.5,74,0.887
2009,Maurice Evans,ATL,SF,23.0,7.2,0.7,3.0,80,0.474
2009,Raymond Felton,CHA,PG,37.6,14.2,6.7,3.8,82,0.657
2009,Rudy Fernández,POR,SG,25.6,10.4,2.0,2.7,78,0.59
2009,Michael Finley,SAS,SF,28.8,9.7,1.4,3.3,81,0.5
2009,Derek Fisher,LAL,PG,29.8,9.9,3.2,2.3,82,0.517
2009,T.J. Ford,IND,PG,30.5,14.9,5.3,3.5,74,0.777
2009,Jeff Foster,IND,C,24.7,6.1,1.8,6.9,74,0.599
2009,Randy Foye,MIN,SG,35.6,16.3,4.3,3.1,70,0.666
2009,Francisco García,SAC,SF,30.4,12.7,2.3,3.4,65,0.605
2009,Kevin Garnett,BOS,PF,31.1,15.8,2.5,8.5,57,0.862
2009,Marc Gasol,MEM,C,30.7,11.9,1.7,7.4,82,0.684
2009,Pau Gasol,LAL,C,37.0,18.9,3.5,9.6,81,0.865
2009,Rudy Gay,MEM,SF,37.3,18.9,1.7,5.5,79,0.7
2009,Daniel Gibson,CLE,PG,23.9,7.8,1.8,2.1,75,0.49
2009,Manu Ginóbili,SAS,SG,26.8,15.5,3.6,4.5,44,0.881
2009,Ryan Gomes,MIN,SF,31.9,13.3,1.6,4.8,82,0.618
2009,Drew Gooden,3TM,PF,24.8,11.9,0.9,7.1,51,0.802
2009,Ben Gordon,CHI,SG,36.6,20.7,3.4,3.5,82,0.754
2009,Eric Gordon,LAC,SG,34.3,16.1,2.8,2.6,78,0.627
2009,Danny Granger,IND,SF,36.2,25.8,2.7,5.1,67,0.928
2009,Jeff Green,OKC,PF,36.8,16.5,2.0,6.7,78,0.685
2009,Willie Green,PHI,SG,22.6,8.5,2.0,1.6,81,0.535
2009,Richard Hamilton,DET,SG,34.0,18.3,4.4,3.1,67,0.759
2009,Al Harrington,2TM,PF,34.9,20.1,1.4,6.2,73,0.794
2009,Al Harrington,NYK,PF,35.0,20.7,1.4,6.3,68,0.811
2009,Devin Harris,NJN,PG,36.1,21.3,6.9,3.3,69,0.873
2009,Udonis Haslem,MIA,PF,34.1,10.6,1.1,8.2,75,0.584
2009,Trenton Hassell,NJN,SF,20.6,3.7,1.0,2.8,53,0.364
2009,Spencer Hawes,SAC,C,29.3,11.4,1.9,7.1,77,0.696
2009,Jarvis Hayes,NJN,SF,24.8,8.7,0.7,3.6,74,0.524
2009,Nenê,DEN,C,32.6,14.6,1.4,7.8,77,0.73
2009,Grant Hill,PHO,SF,29.8,12.0,2.3,4.9,82,0.644
2009,Kirk Hinrich,CHI,SG,26.3,9.9,3.9,2.4,51,0.616
2009,Al Horford,ATL,C,33.5,11.5,2.4,9.3,67,0.693
2009,Dwight Howard,ORL,C,35.7,20.6,1.4,13.8,79,1.003
2009,Josh Howard,DAL,SF,32.0,18.0,1.6,5.1,52,0.772
2009,Larry Hughes,2TM,SF,26.9,11.6,2.2,2.9,55,0.621
2009,Andre Iguodala,PHI,SF,39.9,18.8,5.3,5.7,82,0.747
2009,Zydrunas Ilgauskas,CLE,C,27.2,12.9,1.0,7.5,65,0.787
2009,Allen Iverson,2TM,SG,36.7,17.5,5.0,3.0,57,0.695
2009,Allen Iverson,DET,PG,36.5,17.4,4.9,3.1,54,0.696
2009,Jarrett Jack,IND,SG,33.1,13.1,4.1,3.4,82,0.622
2009,Bobby Jackson,SAC,PG,20.9,7.5,2.0,2.8,71,0.589
2009,Stephen Jackson,GSW,SF,39.6,20.7,6.5,5.1,59,0.816
2009,LeBron James,CLE,SF,37.7,28.4,7.2,7.6,81,1.146
2009,Mike James,2TM,PG,27.0,8.7,3.3,2.2,61,0.526
2009,Mike James,WAS,PG,29.7,9.6,3.6,2.4,53,0.525
2009,Antawn Jamison,WAS,PF,38.2,22.2,1.9,8.9,81,0.864
2009,Al Jefferson,MIN,C,36.7,23.1,1.6,11.0,50,0.973
2009,Richard Jefferson,MIL,SF,35.8,19.6,2.4,4.6,82,0.743
2009,Jared Jeffries,NYK,SF,23.4,5.3,1.4,4.1,56,0.462
2009,Yi Jianlian,NJN,PF,23.3,8.6,1.0,5.3,61,0.639
2009,Joe Johnson,ATL,SG,39.5,21.4,5.8,4.4,79,0.8
2009,Fred Jones,LAC,SF,28.8,7.3,3.6,2.4,52,0.462
2009,Jason Kapono,TOR,SG,22.9,8.2,1.3,2.0,80,0.502
2009,Jason Kidd,DAL,PG,35.6,9.0,8.7,6.2,81,0.671
2009,Andrei Kirilenko,UTA,PF,27.3,11.6,2.6,4.8,67,0.696
2009,Linas Kleiza,DEN,SF,22.2,9.9,0.8,4.0,82,0.662
2009,Kyle Korver,UTA,SF,24.0,9.0,1.8,3.3,78,0.588
2009,Nenad Krstić,OKC,C,24.8,9.7,0.6,5.5,46,0.637
2009,Carl Landry,HOU,PF,21.3,9.2,0.6,5.0,69,0.695
2009,Courtney Lee,ORL,SG,25.2,8.4,1.2,2.3,77,0.472
2009,David Lee,NYK,C,34.9,16.0,2.1,11.7,81,0.854
2009,Rashard Lewis,ORL,PF,36.2,17.7,2.6,5.7,79,0.718
2009,Brook Lopez,NJN,C,30.5,13.0,1.0,8.1,82,0.725
2009,Kevin Love,MIN,C,25.3,11.1,1.0,9.1,81,0.838
2009,Kyle Lowry,2TM,PG,21.8,7.6,3.6,2.5,77,0.628
2009,Kyle Lowry,MEM,PG,21.9,7.6,3.6,2.3,49,0.616
2009,Corey Maggette,GSW,PF,31.1,18.6,1.8,5.5,51,0.833
2009,Shawn Marion,2TM,SF,35.8,12.9,2.0,8.5,69,0.654
2009,Shawn Marion,MIA,SF,36.1,12.0,1.8,8.7,42,0.623
2009,Kenyon Martin,DEN,PF,32.0,11.7,2.0,6.0,66,0.616
2009,Kevin Martin,SAC,SG,38.2,24.6,2.7,3.6,51,0.809
2009,Roger Mason,SAS,SG,30.4,11.8,2.1,3.1,82,0.559
2009,O.J. Mayo,MEM,SG,38.0,18.5,3.2,3.8,82,0.671
2009,Luc Mbah a Moute,MIL,PF,25.8,7.2,1.1,5.9,82,0.55
2009,Antonio McDyess,DET,PF,30.1,9.6,1.3,9.8,62,0.688
2009,Dominic McGuire,WAS,SF,26.2,4.5,2.5,5.4,79,0.473
2009,C.J. Miles,UTA,SG,22.5,9.1,1.5,2.3,72,0.573
2009,Andre Miller,PHI,PG,36.3,16.3,6.5,4.5,82,0.752
2009,Brad Miller,2TM,C,30.0,11.9,3.3,7.8,70,0.767
2009,Brad Miller,SAC,C,31.5,11.9,3.4,8.0,43,0.74
2009,Mike Miller,MIN,SF,32.3,9.9,4.5,6.6,73,0.65
2009,Paul Millsap,UTA,PF,30.1,13.5,1.8,8.6,76,0.794
2009,Yao Ming,HOU,C,33.6,19.7,1.8,9.9,77,0.935
2009,Jamario Moon,2TM,SF,25.9,7.2,1.2,4.6,80,0.502
2009,Jamario Moon,TOR,SF,25.5,7.3,1.3,4.6,54,0.518
2009,Anthony Morrow,GSW,SG,22.6,10.1,1.2,3.0,67,0.633
2009,Troy Murphy,IND,PF,34.0,14.3,2.4,11.8,73,0.838
2009,Ronald Murray,ATL,SG,24.7,12.2,2.0,2.1,80,0.66
2009,Steve Nash,PHO,PG,33.6,15.7,9.7,3.0,74,0.845
2009,Jameer Nelson,ORL,PG,31.2,16.7,5.4,3.5,42,0.821
2009,Joakim Noah,CHI,C,24.2,6.7,1.3,7.6,80,0.645
2009,Andrés Nocioni,2TM,PF,26.2,11.4,1.3,4.8,76,0.668
2009,Andrés Nocioni,CHI,PF,24.1,10.4,1.1,4.2,53,0.651
2009,Dirk Nowitzki,DAL,PF,37.7,25.9,2.4,8.4,81,0.973
2009,Greg Oden,POR,C,21.5,8.9,0.5,7.0,61,0.763
2009,Lamar Odom,LAL,PF,29.7,11.3,2.6,8.2,78,0.744
2009,Emeka Okafor,CHA,C,32.8,13.2,0.6,10.1,82,0.729
2009,Mehmet Okur,UTA,C,33.5,17.0,1.7,7.7,72,0.788
2009,Jermaine O'Neal,2TM,C,29.8,13.3,1.8,6.4,68,0.721
2009,Jermaine O'Neal,TOR,C,29.7,13.5,1.6,7.0,41,0.744
2009,Shaquille O'Neal,PHO,C,30.0,17.8,1.7,8.4,75,0.93
2009,Travis Outlaw,POR,SF,27.7,12.8,1.0,4.1,81,0.646
2009,Anthony Parker,TOR,SG,33.0,10.7,3.4,4.0,80,0.548
2009,Tony Parker,SAS,PG,34.1,22.0,6.9,3.1,72,0.938
2009,Chris Paul,NOH,PG,38.5,22.8,11.0,5.5,78,1.021
2009,Kendrick Perkins,BOS,C,29.6,8.5,1.3,8.1,76,0.605
2009,Paul Pierce,BOS,SF,37.5,20.5,3.6,5.6,81,0.792
2009,Mickaël Piétrus,ORL,SG,24.6,9.4,1.2,3.3,54,0.565
2009,James Posey,NOH,SG,28.5,8.9,1.1,4.8,75,0.519
2009,Tayshaun Prince,DET,SF,37.3,14.2,3.1,5.8,82,0.619
2009,Joel Przybilla,POR,C,23.8,5.5,0.3,8.7,82,0.609
2009,Zach Randolph,2TM,PF,35.1,20.8,2.1,10.1,50,0.94
2009,Jason Richardson,2TM,SG,33.5,16.8,2.0,4.4,72,0.693
2009,Jason Richardson,PHO,SG,33.1,16.4,1.9,4.5,58,0.689
2009,Quentin Richardson,NYK,SG,26.3,10.2,1.6,4.4,72,0.616
2009,Luke Ridnour,MIL,PG,28.2,9.6,5.1,3.0,72,0.628
2009,Nate Robinson,NYK,PG,29.9,17.2,4.1,3.9,74,0.843
2009,Rajon Rondo,BOS,PG,33.0,11.9,8.2,5.2,80,0.767
2009,Derrick Rose,CHI,PG,37.0,16.8,6.3,3.9,81,0.73
2009,Brandon Roy,POR,SG,37.2,22.6,5.1,4.7,78,0.871
2009,Brandon Rush,IND,SG,24.0,8.1,0.9,3.1,75,0.504
2009,John Salmons,2TM,SF,37.5,18.3,3.2,4.2,79,0.685
2009,John Salmons,SAC,SF,37.4,18.3,3.7,4.2,53,0.701
2009,Luis Scola,HOU,PF,30.3,12.7,1.5,8.8,82,0.759
2009,Thabo Sefolosha,2TM,SF,22.0,5.9,1.7,3.7,66,0.514
2009,Ramon Sessions,MIL,PG,27.5,12.4,5.7,3.4,79,0.782
2009,Bobby Simmons,NJN,SF,24.4,7.8,1.3,3.9,71,0.533
2009,Josh Smith,ATL,PF,35.1,15.6,2.4,7.2,69,0.718
2009,J.R. Smith,DEN,SG,27.7,15.2,2.8,3.7,81,0.783
2009,Peja Stojaković,NOH,SF,34.2,13.3,1.2,4.3,61,0.55
2009,Amar'e Stoudemire,PHO,PF,36.8,21.4,2.0,8.1,53,0.856
2009,Rodney Stuckey,DET,PG,31.9,13.4,4.9,3.5,79,0.683
2009,Wally Szczerbiak,CLE,SF,20.6,7.0,1.1,3.1,74,0.544
2009,Sebastian Telfair,MIN,PG,27.9,9.8,4.6,1.7,75,0.577
2009,Jason Terry,DAL,SG,33.7,19.6,3.4,2.4,74,0.754
2009,Tyrus Thomas,CHI,PF,27.5,10.8,1.0,6.4,79,0.662
2009,Jason Thompson,SAC,PF,28.1,11.1,1.1,7.4,82,0.698
2009,Al Thornton,LAC,SF,37.4,16.8,1.5,5.2,71,0.628
2009,Ronny Turiaf,GSW,C,21.5,5.9,2.1,4.6,79,0.586
2009,Hedo Türkoğlu,ORL,SF,36.6,16.8,4.9,5.3,77,0.738
2009,Beno Udrih,SAC,PG,31.1,11.0,4.7,3.0,73,0.601
2009,Anderson Varejão,CLE,PF,28.5,8.6,1.0,7.2,81,0.589
2009,Charlie Villanueva,MIL,PF,26.9,16.2,1.8,6.7,78,0.918
2009,Dwyane Wade,MIA,SG,38.6,30.2,7.5,5.0,79,1.106
2009,Ben Wallace,CLE,PF,23.5,2.9,0.8,6.5,56,0.434
2009,Gerald Wallace,CHA,SF,37.6,16.6,2.7,7.8,71,0.721
2009,Rasheed Wallace,DET,C,32.2,12.0,1.4,7.4,66,0.646
2009,Hakim Warrick,MEM,PF,24.7,11.6,0.8,5.0,82,0.704
2009,C.J. Watson,GSW,PG,24.5,9.5,2.7,2.5,77,0.6
2009,Earl Watson,OKC,PG,26.1,6.6,5.8,2.7,68,0.579
2009,Kyle Weaver,OKC,SG,20.8,5.3,1.8,2.3,56,0.452
2009,Russell Westbrook,OKC,PG,32.5,15.3,5.3,4.9,82,0.785
2009,David West,NOH,PF,39.2,21.0,2.3,8.5,76,0.811
2009,Delonte West,CLE,SG,33.6,11.7,3.5,3.2,64,0.548
2009,Deron Williams,UTA,PG,36.8,19.4,10.7,2.9,68,0.897
2009,Lou Williams,PHI,SG,23.7,12.8,3.0,2.0,81,0.751
2009,Mo Williams,CLE,PG,35.0,17.8,4.1,3.4,81,0.723
2009,Marvin Williams,ATL,SF,34.3,13.9,1.3,6.3,61,0.627
2009,Antoine Wright,DAL,SF,23.9,7.3,1.2,2.1,65,0.444
2009,Nick Young,WAS,SG,22.4,10.9,1.2,1.8,82,0.621
2009,Thaddeus Young,PHI,PF,34.4,15.3,1.1,5.0,75,0.622
2008,LaMarcus Aldridge,POR,PF,34.9,17.8,1.6,7.6,76,0.774
2008,Ray Allen,BOS,SG,35.9,17.4,3.1,3.7,73,0.674
2008,Rafer Alston,HOU,PG,34.1,13.1,5.3,3.5,74,0.642
2008,Carmelo Anthony,DEN,SF,36.4,25.7,3.4,7.4,77,1.003
2008,Carlos Arroyo,ORL,PG,20.5,6.9,3.5,1.8,62,0.595
2008,Metta World Peace,SAC,SF,38.1,20.5,3.5,5.8,57,0.782
2008,Kelenna Azubuike,GSW,SG,21.4,8.5,0.9,4.0,81,0.626
2008,Leandro Barbosa,PHO,SG,29.5,15.6,2.6,2.8,82,0.712
2008,Andrea Bargnani,TOR,PF,23.9,10.2,1.1,3.7,78,0.628
2008,Shane Battier,HOU,SF,36.3,9.3,1.9,5.1,80,0.449
2008,Charlie Bell,MIL,SG,23.9,7.6,3.1,2.5,68,0.552
2008,Raja Bell,PHO,SG,35.3,11.9,2.2,3.7,75,0.504
2008,Mike Bibby,2TM,PG,32.8,13.9,6.0,3.3,48,0.707
2008,Andris Biedriņš,GSW,C,27.3,10.5,1.0,9.8,76,0.78
2008,Chauncey Billups,DET,PG,32.3,17.0,6.8,2.7,78,0.82
2008,Steve Blake,POR,PG,29.9,8.5,5.1,2.4,81,0.535
2008,Andray Blatche,WAS,PF,20.4,7.5,1.1,5.2,82,0.676
2008,Mark Blount,MIA,C,22.3,8.4,0.6,3.8,69,0.574
2008,Keith Bogans,ORL,SG,26.8,8.7,1.3,3.2,82,0.493
2008,Andrew Bogut,MIL,C,34.9,14.3,2.6,9.8,78,0.765
2008,Josh Boone,NJN,PF,25.3,8.2,0.8,7.3,70,0.644
2008,Carlos Boozer,UTA,PF,34.9,21.1,2.9,10.4,81,0.986
2008,Chris Bosh,TOR,C,36.2,22.3,2.6,8.7,67,0.928
2008,Bruce Bowen,SAS,SF,30.2,6.0,1.1,2.9,81,0.331
2008,Corey Brewer,MIN,SF,22.8,5.8,1.4,3.7,79,0.478
2008,Ronnie Brewer,UTA,SG,27.5,12.0,1.8,2.9,76,0.607
2008,Devin Brown,CLE,SG,22.6,7.5,2.2,3.4,78,0.58
2008,Kobe Bryant,LAL,SG,38.9,28.3,5.4,6.3,82,1.028
2008,Caron Butler,WAS,SF,39.9,20.3,4.9,6.7,58,0.799
2008,José Calderón,TOR,PG,30.3,11.2,8.3,2.9,82,0.739
2008,Marcus Camby,DEN,C,34.9,9.1,3.3,13.1,79,0.731
2008,Matt Carroll,CHA,SG,25.2,9.0,0.9,2.8,80,0.504
2008,Anthony Carter,DEN,PG,28.0,7.8,5.5,2.9,70,0.579
2008,Vince Carter,NJN,SG,38.9,21.3,5.1,6.0,76,0.833
2008,Sam Cassell,2TM,PG,23.2,11.2,3.9,2.5,55,0.759
2008,Tyson Chandler,NOH,C,35.2,11.8,1.0,11.7,79,0.696
2008,Josh Childress,ATL,SF,29.9,11.8,1.5,4.9,76,0.609
2008,Nick Collison,SEA,PF,28.5,9.8,1.4,9.4,78,0.723
2008,Mike Conley,MEM,PG,26.1,9.4,4.2,2.6,53,0.621
2008,Daequan Cook,MIA,SG,24.4,8.8,1.3,3.0,59,0.537
2008,Jamal Crawford,NYK,SG,39.9,20.6,5.0,2.6,80,0.707
2008,Eddy Curry,NYK,C,25.9,13.2,0.5,4.7,59,0.71
2008,Samuel Dalembert,PHI,C,33.2,10.5,0.5,10.4,82,0.645
2008,Erick Dampier,DAL,C,24.4,6.1,0.9,7.5,72,0.594
2008,Antonio Daniels,WAS,PG,30.4,8.4,4.8,2.9,71,0.53
2008,Marquis Daniels,IND,SG,20.9,8.2,1.9,2.9,74,0.622
2008,Baron Davis,GSW,PG,39.0,21.8,7.6,4.7,82,0.874
2008,Ricky Davis,MIA,SF,36.1,13.8,3.4,4.3,82,0.596
2008,Carlos Delfino,TOR,SG,23.5,9.0,1.8,4.4,82,0.647
2008,Luol Deng,CHI,SF,33.8,17.0,2.5,6.3,63,0.763
2008,Boris Diaw,PHO,PF,28.1,8.8,3.9,4.6,82,0.616
2008,Travis Diener,IND,PG,20.5,6.9,3.8,1.7,66,0.605
2008,Chris Duhon,CHI,PG,22.6,5.8,4.0,1.8,66,0.513
2008,Tim Duncan,SAS,C,34.0,19.3,2.8,11.3,78,0.982
2008,Mike Dunleavy,IND,SG,36.0,19.1,3.5,5.2,82,0.772
2008,Kevin Durant,SEA,SG,34.6,20.3,2.4,4.4,80,0.783
2008,Monta Ellis,GSW,SG,37.9,20.2,3.9,5.0,81,0.768
2008,Maurice Evans,2TM,SG,22.9,8.9,1.1,2.9,75,0.563
2008,Maurice Evans,ORL,SG,23.9,9.3,1.0,3.1,68,0.561
2008,Reggie Evans,PHI,PF,23.2,5.2,0.8,7.5,81,0.582
2008,Jordan Farmar,LAL,PG,20.6,9.1,2.7,2.2,82,0.68
2008,Raymond Felton,CHA,PG,37.6,14.4,7.4,3.0,79,0.66
2008,Michael Finley,SAS,SG,26.9,10.1,1.4,3.1,82,0.543
2008,Derek Fisher,LAL,PG,27.4,11.7,2.9,2.1,82,0.609
2008,T.J. Ford,TOR,PG,23.5,12.1,6.1,2.0,51,0.86
2008,Jeff Foster,IND,C,24.5,6.4,1.7,8.7,77,0.686
2008,Francisco García,SAC,SF,26.5,12.3,1.6,3.3,79,0.649
2008,Kevin Garnett,BOS,PF,32.8,18.8,3.4,9.2,71,0.957
2008,Pau Gasol,2TM,C,35.6,18.9,3.2,8.4,66,0.857
2008,Rudy Gay,MEM,SF,37.0,20.1,2.0,6.2,81,0.765
2008,Daniel Gibson,CLE,PG,30.4,10.4,2.5,2.3,58,0.5
2008,Manu Ginóbili,SAS,SG,31.1,19.5,4.5,4.8,74,0.926
2008,Ryan Gomes,MIN,PF,29.7,12.6,1.8,5.8,82,0.68
2008,Drew Gooden,2TM,PF,30.8,12.0,1.2,8.6,69,0.708
2008,Drew Gooden,CLE,PF,30.7,11.3,1.0,8.3,51,0.671
2008,Ben Gordon,CHI,SG,31.8,18.6,3.0,3.1,72,0.777
2008,Danny Granger,IND,SF,36.0,19.6,2.1,6.1,80,0.772
2008,Jeff Green,SEA,SF,28.2,10.5,1.5,4.7,80,0.592
2008,Willie Green,PHI,SG,26.6,12.4,2.0,2.5,74,0.635
2008,Richard Hamilton,DET,SG,33.7,17.3,4.2,3.3,72,0.736
2008,Al Harrington,GSW,C,27.0,13.6,1.6,5.4,81,0.763
2008,Devin Harris,2TM,PG,31.6,14.8,5.8,2.7,64,0.737
2008,Udonis Haslem,MIA,PF,36.8,12.0,1.4,9.0,49,0.609
2008,Brendan Haywood,WAS,C,27.9,10.6,0.9,7.2,80,0.67
2008,Grant Hill,PHO,SF,31.7,13.1,2.9,5.0,70,0.662
2008,Kirk Hinrich,CHI,PG,31.7,11.5,6.0,3.3,75,0.656
2008,Al Horford,ATL,C,31.4,10.1,1.5,9.7,81,0.678
2008,Dwight Howard,ORL,C,37.7,20.7,1.3,14.2,82,0.96
2008,Josh Howard,DAL,SF,36.3,19.9,2.2,7.0,76,0.802
2008,Larry Hughes,2TM,SG,29.7,12.2,2.7,3.4,68,0.616
2008,Larry Hughes,CLE,PG,30.3,12.3,2.4,3.6,40,0.604
2008,Andre Iguodala,PHI,SF,39.5,19.9,4.8,5.4,82,0.762
2008,Zydrunas Ilgauskas,CLE,C,30.4,14.1,1.4,9.3,73,0.816
2008,Allen Iverson,DEN,SG,41.8,26.4,7.1,3.0,82,0.873
2008,Jarrett Jack,POR,SG,27.2,9.9,3.8,2.9,82,0.61
2008,Stephen Jackson,GSW,SF,39.1,20.1,4.1,4.4,73,0.731
2008,LeBron James,CLE,SF,40.4,30.0,7.2,7.9,75,1.116
2008,Antawn Jamison,WAS,PF,38.7,21.4,1.5,10.2,79,0.855
2008,Marko Jarić,MIN,SG,29.2,8.3,4.1,3.0,75,0.527
2008,Al Jefferson,MIN,C,35.6,21.0,1.4,11.1,82,0.941
2008,Richard Jefferson,NJN,SF,39.0,22.6,3.1,4.2,82,0.767
2008,Yi Jianlian,MIL,PF,25.0,8.6,0.8,5.2,66,0.584
2008,Anthony Johnson,2TM,PG,22.2,5.6,3.8,2.0,69,0.514
2008,Anthony Johnson,ATL,PG,26.7,6.7,4.8,2.3,42,0.517
2008,Joe Johnson,ATL,SG,40.8,21.7,5.8,4.5,82,0.784
2008,Fred Jones,NYK,SG,25.1,7.6,2.4,2.4,70,0.494
2008,James Jones,POR,SF,22.0,8.0,0.6,2.8,58,0.518
2008,Chris Kaman,LAC,C,37.2,15.7,1.9,12.7,56,0.815
2008,Jason Kidd,2TM,PG,36.3,10.8,10.1,7.5,80,0.782
2008,Jason Kidd,NJN,PG,37.2,11.3,10.4,8.1,51,0.801
2008,Andrei Kirilenko,UTA,SF,30.8,11.0,4.0,4.7,72,0.64
2008,Linas Kleiza,DEN,SF,23.9,11.1,1.2,4.2,79,0.69
2008,Brevin Knight,LAC,PG,22.6,4.6,4.4,1.9,74,0.482
2008,Kyle Korver,2TM,PF,23.1,9.9,1.3,2.3,75,0.584
2008,Kyle Korver,UTA,SG,21.5,9.8,1.4,2.0,50,0.614
2008,David Lee,NYK,PF,29.1,10.8,1.2,8.9,81,0.718
2008,Rashard Lewis,ORL,PF,38.0,18.2,2.4,5.4,81,0.684
2008,Kyle Lowry,MEM,PG,25.5,9.6,3.6,3.0,82,0.635
2008,Corey Maggette,LAC,SF,35.7,22.1,2.7,5.6,70,0.852
2008,Shawn Marion,2TM,PF,36.7,15.4,2.2,10.2,63,0.757
2008,Shawn Marion,PHO,PF,36.4,15.8,2.1,9.9,47,0.764
2008,Kenyon Martin,DEN,PF,30.4,12.4,1.3,6.5,71,0.664
2008,Kevin Martin,SAC,SG,36.3,23.7,2.1,4.5,61,0.835
2008,Desmond Mason,MIL,SF,28.8,9.7,2.1,4.3,59,0.559
2008,Roger Mason,WAS,PG,21.4,9.1,1.7,1.6,80,0.579
2008,Jason Maxiell,DET,C,21.6,7.9,0.6,5.3,82,0.639
2008,Rashad McCants,MIN,SG,26.9,14.9,2.2,2.7,75,0.736
2008,Antonio McDyess,DET,PF,29.3,8.8,1.1,8.5,78,0.628
2008,Tracy McGrady,HOU,SG,37.0,21.6,5.9,5.1,66,0.881
2008,Jeff McInnis,CHA,PG,26.1,4.5,4.1,1.8,54,0.398
2008,Darko Miličić,MEM,C,23.8,7.2,0.8,6.1,70,0.592
2008,Andre Miller,PHI,PG,36.8,17.0,6.9,4.0,82,0.758
2008,Brad Miller,SAC,C,34.9,13.4,3.7,9.5,72,0.762
2008,Mike Miller,MEM,SG,35.3,16.4,3.4,6.7,70,0.751
2008,Paul Millsap,UTA,PF,20.8,8.1,1.0,5.6,82,0.707
2008,Yao Ming,HOU,C,37.2,22.0,2.3,10.8,55,0.944
2008,Cuttino Mobley,LAC,SG,35.1,12.8,2.6,3.6,77,0.541
2008,Nazr Mohammed,2TM,C,20.1,7.8,0.9,6.0,82,0.731
2008,Nazr Mohammed,CHA,C,23.3,9.3,1.1,6.9,61,0.742
2008,Jamario Moon,TOR,SF,27.8,8.5,1.2,6.2,78,0.572
2008,Mikki Moore,SAC,PF,29.1,8.5,1.0,6.0,82,0.533
2008,Troy Murphy,IND,PF,28.1,12.2,2.2,7.2,75,0.769
2008,Ronald Murray,2TM,PG,20.8,9.4,3.4,2.0,42,0.712
2008,Boštjan Nachbar,NJN,PF,22.1,9.8,1.2,3.5,75,0.656
2008,Eduardo Nájera,DEN,PF,21.3,5.9,1.2,4.3,78,0.535
2008,Steve Nash,PHO,PG,34.3,16.9,11.1,3.5,81,0.918
2008,Juan Carlos Navarro,MEM,SG,25.8,10.9,2.2,2.6,82,0.609
2008,Jameer Nelson,ORL,PG,28.4,10.9,5.6,3.5,69,0.704
2008,Rasho Nesterović,TOR,C,20.9,7.8,1.2,4.8,71,0.66
2008,Joakim Noah,CHI,C,20.7,6.6,1.1,5.6,74,0.643
2008,Andrés Nocioni,CHI,SF,24.6,13.2,1.2,4.2,82,0.756
2008,Dirk Nowitzki,DAL,PF,36.0,23.6,3.5,8.6,77,0.992
2008,Fabricio Oberto,SAS,C,20.0,4.8,1.2,5.2,82,0.56
2008,Lamar Odom,LAL,PF,37.9,14.2,3.5,10.6,77,0.747
2008,Emeka Okafor,CHA,C,33.1,13.8,0.9,10.7,82,0.767
2008,Mehmet Okur,UTA,C,33.2,14.5,2.0,7.7,72,0.729
2008,Jermaine O'Neal,IND,C,28.7,13.6,2.2,6.7,42,0.784
2008,Shaquille O'Neal,2TM,C,28.7,13.6,1.5,9.1,61,0.843
2008,Travis Outlaw,POR,PF,26.7,13.3,1.3,4.6,82,0.719
2008,Anthony Parker,TOR,SG,32.1,12.5,2.2,4.1,82,0.586
2008,Tony Parker,SAS,PG,33.5,18.8,6.0,3.2,69,0.836
2008,Chris Paul,NOH,PG,37.6,21.1,11.6,4.0,80,0.976
2008,Sasha Pavlović,CLE,SG,23.3,7.4,1.6,2.5,51,0.494
2008,Kendrick Perkins,BOS,C,24.5,6.9,1.1,6.1,78,0.576
2008,Morris Peterson,NOH,SG,23.6,8.0,0.9,2.7,76,0.492
2008,Paul Pierce,BOS,SF,35.9,19.6,4.5,5.1,80,0.813
2008,James Posey,BOS,PF,24.6,7.4,1.5,4.4,74,0.541
2008,Tayshaun Prince,DET,SF,32.9,13.2,3.3,4.9,82,0.65
2008,Joel Przybilla,POR,C,23.6,4.8,0.4,8.4,77,0.576
2008,Chris Quinn,MIA,PG,22.3,7.8,3.0,2.0,60,0.574
2008,Vladimir Radmanović,LAL,SF,22.8,8.4,1.9,3.3,65,0.596
2008,Zach Randolph,NYK,C,32.5,17.6,2.0,10.3,69,0.92
2008,Michael Redd,MIL,SG,37.5,22.7,3.4,4.3,72,0.811
2008,Jason Richardson,CHA,SF,38.4,21.8,3.1,5.4,82,0.789
2008,Quentin Richardson,NYK,SF,28.3,8.1,1.8,4.8,65,0.519
2008,Luke Ridnour,SEA,PG,20.0,6.4,4.0,1.5,61,0.595
2008,Nate Robinson,NYK,PG,26.2,12.7,2.9,3.1,72,0.714
2008,Rajon Rondo,BOS,PG,29.9,10.6,5.1,4.2,77,0.666
2008,Brandon Roy,POR,SG,37.7,19.1,5.8,4.7,74,0.785
2008,Kareem Rush,IND,SG,21.2,8.3,1.3,2.4,71,0.566
2008,John Salmons,SAC,SG,31.1,12.5,2.6,4.3,81,0.624
2008,Luis Scola,HOU,PF,24.7,10.3,1.3,6.4,82,0.729
2008,Thabo Sefolosha,CHI,SG,20.8,6.7,1.9,3.7,69,0.591
2008,Bobby Simmons,MIL,SF,21.7,7.6,1.1,3.2,70,0.548
2008,Craig Smith,MIN,PF,20.1,9.4,0.8,4.6,77,0.736
2008,Joe Smith,2TM,PF,22.4,10.1,0.9,5.2,77,0.723
2008,Joe Smith,CHI,PF,22.9,11.2,0.9,5.3,50,0.76
2008,Josh Smith,ATL,PF,35.5,17.2,3.4,8.2,81,0.811
2008,Jerry Stackhouse,DAL,SG,24.3,10.7,2.5,2.3,58,0.638
2008,DeShawn Stevenson,WAS,SG,31.3,11.2,3.1,2.9,82,0.55
2008,Peja Stojaković,NOH,SF,35.2,16.4,1.2,4.3,77,0.622
2008,Amar'e Stoudemire,PHO,C,33.9,25.2,1.5,9.1,79,1.056
2008,Wally Szczerbiak,2TM,SF,23.1,11.5,1.4,2.9,75,0.684
2008,Wally Szczerbiak,SEA,SF,23.6,13.1,1.4,2.7,50,0.729
2008,Sebastian Telfair,MIN,PG,32.2,9.3,5.9,2.3,60,0.543
2008,Jason Terry,DAL,SG,31.5,15.5,3.2,2.5,82,0.673
2008,Kurt Thomas,2TM,C,22.6,6.3,1.0,7.2,70,0.642
2008,Kurt Thomas,SEA,C,25.2,7.5,1.3,8.8,42,0.698
2008,Tim Thomas,LAC,PF,30.8,12.4,2.7,5.1,63,0.656
2008,Al Thornton,LAC,PF,27.3,12.7,1.2,4.5,79,0.674
2008,Hedo Türkoğlu,ORL,SF,36.9,19.5,5.0,5.7,82,0.818
2008,Beno Udrih,SAC,PG,32.0,12.8,4.3,3.3,65,0.638
2008,Anderson Varejão,CLE,C,27.5,6.7,1.1,8.3,48,0.585
2008,Charlie Villanueva,MIL,PF,24.1,11.7,1.0,6.1,76,0.78
2008,Dwyane Wade,MIA,SG,38.3,24.6,6.9,4.2,51,0.932
2008,Ben Wallace,2TM,C,30.6,4.8,1.5,8.4,72,0.48
2008,Ben Wallace,CHI,C,32.5,5.1,1.8,8.8,50,0.483
2008,Gerald Wallace,CHA,PF,38.3,19.4,3.5,6.0,62,0.755
2008,Rasheed Wallace,DET,C,30.5,12.7,1.8,6.6,77,0.692
2008,Luke Walton,LAL,SF,23.4,7.2,2.9,3.9,74,0.598
2008,Hakim Warrick,MEM,PF,23.4,11.4,0.7,4.7,75,0.718
2008,Earl Watson,SEA,PG,29.1,10.7,6.8,2.9,78,0.701
2008,Martell Webster,POR,SF,28.4,10.7,1.2,3.9,75,0.556
2008,Bonzi Wells,2TM,SG,21.4,9.1,1.3,4.5,73,0.696
2008,Bonzi Wells,HOU,SG,22.0,9.2,1.6,5.1,51,0.723
2008,David West,NOH,PF,37.8,20.6,2.3,8.9,76,0.841
2008,Delonte West,2TM,PG,25.1,8.3,3.8,3.2,61,0.61
2008,Chris Wilcox,SEA,PF,28.0,13.4,1.2,7.0,62,0.771
2008,Damien Wilkins,SEA,SF,24.3,9.2,2.0,3.2,76,0.593
2008,Deron Williams,UTA,PG,37.3,18.8,10.5,3.0,82,0.866
2008,Jason Williams,MIA,PG,28.1,8.8,4.6,1.9,67,0.544
2008,Lou Williams,PHI,PG,23.3,11.5,3.2,2.1,80,0.721
2008,Mo Williams,MIL,PG,36.5,17.2,6.3,3.5,66,0.74
2008,Marvin Williams,ATL,SF,34.6,14.8,1.7,5.7,80,0.642
2008,Antoine Wright,2TM,SG,22.0,6.3,1.4,2.6,56,0.468
2008,Antoine Wright,NJN,SG,25.8,7.3,1.6,3.0,41,0.461
2008,Dorell Wright,MIA,SF,25.1,7.9,1.4,5.0,44,0.57
2008,Thaddeus Young,PHI,PF,21.0,8.2,0.8,4.2,74,0.629
2007,Shareef Abdur-Rahim,SAC,C,25.2,9.9,1.4,5.0,80,0.647
2007,LaMarcus Aldridge,POR,C,22.1,9.0,0.4,5.0,63,0.652
2007,Ray Allen,SEA,SG,40.3,26.4,4.1,4.5,55,0.868
2007,Rafer Alston,HOU,PG,37.1,13.3,5.4,3.4,82,0.596
2007,Derek Anderson,CHA,SF,23.8,8.0,2.7,2.3,50,0.546
2007,Carmelo Anthony,DEN,SF,38.2,28.9,3.8,6.0,65,1.013
2007,Gilbert Arenas,WAS,PG,39.8,28.4,6.0,4.6,74,0.98
2007,Trevor Ariza,ORL,SG,22.4,8.9,1.1,4.4,57,0.643
2007,Metta World Peace,SAC,SF,37.7,18.8,3.4,6.5,70,0.761
2007,Chucky Atkins,MEM,PG,27.5,13.2,4.6,1.9,75,0.716
2007,Leandro Barbosa,PHO,SG,32.7,18.1,4.0,2.7,80,0.758
2007,Andrea Bargnani,TOR,PF,25.1,11.6,0.8,3.9,65,0.649
2007,Matt Barnes,GSW,PF,23.9,9.8,2.1,4.6,76,0.69
2007,Brent Barry,SAS,SG,21.7,8.5,1.8,2.1,75,0.571
2007,Shane Battier,HOU,SF,36.4,10.1,2.1,4.1,82,0.448
2007,Tony Battie,ORL,PF,23.9,6.1,0.5,5.2,66,0.494
2007,Charlie Bell,MIL,SG,34.7,13.5,3.0,2.9,82,0.559
2007,Raja Bell,PHO,SG,37.4,14.7,2.5,3.2,78,0.545
2007,Mike Bibby,SAC,PG,34.0,17.1,4.7,3.2,82,0.735
2007,Andris Biedriņš,GSW,C,29.0,9.5,1.1,9.3,82,0.686
2007,Chauncey Billups,DET,PG,36.2,17.0,7.2,3.4,70,0.762
2007,Steve Blake,2TM,PG,27.1,6.4,5.0,2.1,82,0.498
2007,Steve Blake,DEN,PG,33.5,8.3,6.6,2.5,49,0.519
2007,Mark Blount,MIN,C,31.0,12.3,0.8,6.2,82,0.623
2007,Andrew Bogut,MIL,C,34.2,12.3,3.0,8.8,66,0.705
2007,Carlos Boozer,UTA,PF,34.6,20.9,3.0,11.7,74,1.029
2007,Chris Bosh,TOR,C,38.5,22.6,2.5,10.7,69,0.93
2007,Bruce Bowen,SAS,SF,30.0,6.2,1.4,2.7,82,0.343
2007,Earl Boykins,2TM,PG,30.8,14.6,4.4,2.1,66,0.685
2007,Elton Brand,LAC,PF,38.5,20.5,2.9,9.3,80,0.849
2007,Devin Brown,NOK,SG,28.7,11.6,2.6,4.3,58,0.645
2007,Kwame Brown,LAL,C,27.6,8.4,1.8,6.0,41,0.587
2007,P.J. Brown,CHI,PF,20.2,6.1,0.7,4.8,72,0.574
2007,Kobe Bryant,LAL,SG,40.8,31.6,5.4,5.7,77,1.047
2007,Caron Butler,WAS,SF,39.3,19.1,3.7,7.4,63,0.768
2007,Rasual Butler,NOK,SF,27.4,10.1,0.8,3.2,81,0.515
2007,Andrew Bynum,LAL,C,21.9,7.8,1.1,5.9,82,0.676
2007,José Calderón,TOR,PG,21.0,8.7,5.0,1.7,77,0.733
2007,Marcus Camby,DEN,C,33.8,11.2,3.2,11.7,70,0.772
2007,Matt Carroll,CHA,SG,26.1,12.1,1.3,2.9,72,0.625
2007,Vince Carter,NJN,SG,38.1,25.2,4.8,6.0,82,0.945
2007,Sam Cassell,LAC,PG,24.3,12.3,4.7,2.9,58,0.819
2007,Tyson Chandler,NOK,C,34.6,9.5,0.9,12.4,73,0.659
2007,Josh Childress,ATL,SG,36.8,13.0,2.3,6.2,55,0.584
2007,Speedy Claxton,ATL,PG,25.1,5.3,4.4,1.9,42,0.462
2007,Jason Collins,NJN,PF,23.1,2.1,0.6,4.0,80,0.29
2007,Nick Collison,SEA,C,29.0,9.6,1.0,8.1,82,0.645
2007,Jamal Crawford,NYK,SG,37.3,17.6,4.4,3.2,59,0.676
2007,Eddy Curry,NYK,C,35.2,19.5,0.8,7.0,81,0.776
2007,Samuel Dalembert,PHI,C,30.9,10.7,0.8,8.9,82,0.66
2007,Erick Dampier,DAL,C,25.2,7.1,0.6,7.4,76,0.599
2007,Antonio Daniels,WAS,SG,22.0,7.1,3.6,1.9,80,0.573
2007,Baron Davis,GSW,PG,35.3,20.1,8.1,4.4,63,0.924
2007,Ricky Davis,MIN,SF,37.3,17.0,4.8,3.9,81,0.689
2007,Luol Deng,CHI,SF,37.5,18.8,2.5,7.1,82,0.757
2007,Boris Diaw,PHO,PF,31.1,9.7,4.8,4.3,73,0.605
2007,Juan Dixon,2TM,SG,23.8,9.6,1.5,2.0,81,0.55
2007,Juan Dixon,POR,SG,22.6,8.9,1.5,1.5,55,0.527
2007,Keyon Dooling,ORL,SG,21.7,7.9,1.7,1.3,66,0.502
2007,Chris Duhon,CHI,PG,24.4,7.2,4.0,2.2,78,0.549
2007,Tim Duncan,SAS,C,34.1,20.0,3.4,10.6,80,0.997
2007,Mike Dunleavy,2TM,PF,31.5,12.8,2.8,5.3,82,0.663
2007,Mike Dunleavy,IND,SG,35.6,14.0,2.6,5.7,43,0.626
2007,Monta Ellis,GSW,SG,34.3,16.5,4.1,3.2,77,0.694
2007,Maurice Evans,LAL,SG,22.8,8.4,1.0,2.9,76,0.539
2007,Raymond Felton,CHA,PG,36.3,14.0,7.0,3.4,78,0.672
2007,Michael Finley,SAS,SF,22.2,9.0,1.3,2.7,82,0.586
2007,Derek Fisher,UTA,SG,27.9,10.1,3.3,1.8,82,0.545
2007,T.J. Ford,TOR,PG,29.9,14.0,7.9,3.1,75,0.836
2007,Jeff Foster,IND,C,23.2,4.3,0.8,8.1,75,0.569
2007,Randy Foye,MIN,PG,22.9,10.1,2.8,2.7,82,0.681
2007,Steve Francis,NYK,SG,28.1,11.3,3.9,3.6,44,0.669
2007,Channing Frye,NYK,PF,26.3,9.5,0.9,5.5,72,0.605
2007,Jorge Garbajosa,TOR,PF,28.5,8.5,1.9,4.9,67,0.537
2007,Kevin Garnett,MIN,PF,39.4,22.4,4.1,12.8,76,0.997
2007,Pau Gasol,MEM,C,36.2,20.8,3.4,9.8,59,0.939
2007,Rudy Gay,MEM,SF,27.0,10.8,1.3,4.5,78,0.615
2007,Devean George,DAL,SF,21.4,6.4,0.6,3.6,60,0.495
2007,Manu Ginóbili,SAS,SG,27.5,16.5,3.5,4.4,75,0.887
2007,Ryan Gomes,BOS,PF,31.2,12.1,1.6,5.6,73,0.619
2007,Drew Gooden,CLE,PF,28.0,11.1,1.1,8.5,80,0.739
2007,Ben Gordon,CHI,SG,33.0,21.4,3.6,3.1,82,0.852
2007,Danny Granger,IND,SF,34.0,13.9,1.4,4.6,82,0.585
2007,Gerald Green,BOS,SF,22.0,10.4,1.0,2.6,81,0.636
2007,Willie Green,PHI,SG,24.9,11.3,1.5,2.1,74,0.598
2007,Richard Hamilton,DET,SG,36.8,19.8,3.8,3.8,75,0.745
2007,Matt Harpring,UTA,SF,25.5,11.6,1.3,4.6,77,0.686
2007,Al Harrington,2TM,PF,32.9,16.5,1.9,6.4,78,0.754
2007,Al Harrington,GSW,PF,32.3,17.0,2.3,6.4,42,0.796
2007,Devin Harris,DAL,PG,26.0,10.2,3.7,2.5,80,0.631
2007,Udonis Haslem,MIA,PF,31.4,10.7,1.2,8.3,79,0.643
2007,Trenton Hassell,MIN,SG,29.3,6.7,2.7,3.2,76,0.43
2007,Chuck Hayes,HOU,PF,22.0,5.6,0.6,6.7,78,0.586
2007,Jarvis Hayes,WAS,SF,20.1,7.2,1.0,2.6,81,0.537
2007,Brendan Haywood,WAS,C,22.6,6.6,0.6,6.2,77,0.593
2007,Luther Head,HOU,SG,27.6,10.9,2.4,3.2,80,0.598
2007,Nenê,DEN,C,26.8,12.2,1.2,7.0,64,0.761
2007,Grant Hill,ORL,SG,30.9,14.4,2.1,3.6,65,0.65
2007,Kirk Hinrich,CHI,PG,35.5,16.6,6.3,3.4,80,0.741
2007,Dwight Howard,ORL,C,36.9,17.6,1.9,12.3,82,0.862
2007,Josh Howard,DAL,SF,35.1,18.9,1.8,6.8,70,0.783
2007,Juwan Howard,HOU,PF,26.5,9.7,1.6,5.9,80,0.649
2007,Larry Hughes,CLE,SG,37.1,14.9,3.7,3.8,70,0.604
2007,Steven Hunter,PHI,PF,22.9,6.4,0.4,4.8,70,0.507
2007,Andre Iguodala,PHI,SG,40.3,18.2,5.7,5.7,76,0.734
2007,Zydrunas Ilgauskas,CLE,C,27.3,11.9,1.6,7.7,78,0.777
2007,Allen Iverson,2TM,SG,42.5,26.3,7.2,3.0,65,0.859
2007,Allen Iverson,DEN,SG,42.4,24.8,7.2,3.0,50,0.825
2007,Jarrett Jack,POR,PG,33.6,12.0,5.3,2.6,79,0.592
2007,Bobby Jackson,NOK,SG,23.8,10.6,2.5,3.2,56,0.685
2007,Stephen Jackson,2TM,SF,33.1,15.5,3.8,3.0,75,0.674
2007,LeBron James,CLE,SF,40.9,27.3,6.0,6.7,78,0.978
2007,Mike James,MIN,PG,25.2,10.1,3.6,2.0,82,0.623
2007,Antawn Jamison,WAS,PF,38.0,19.8,1.9,8.0,70,0.782
2007,Marko Jarić,MIN,SG,22.2,5.3,2.1,2.6,70,0.45
2007,Al Jefferson,BOS,C,33.6,16.0,1.3,11.0,69,0.842
2007,Richard Jefferson,NJN,SF,35.6,16.3,2.7,4.4,55,0.657
2007,Jared Jeffries,NYK,SF,23.8,4.1,1.2,4.3,55,0.403
2007,Joe Johnson,ATL,SG,41.4,25.0,4.4,4.2,57,0.812
2007,Dahntay Jones,MEM,SG,21.4,7.5,0.9,2.0,78,0.486
2007,Eddie Jones,2TM,SG,24.9,7.7,1.7,3.0,64,0.498
2007,Fred Jones,2TM,SG,20.9,6.5,1.7,1.8,63,0.478
2007,Chris Kaman,LAC,C,29.0,10.1,1.1,7.8,75,0.655
2007,Jason Kapono,MIA,SF,26.4,10.9,1.2,2.7,67,0.561
2007,Jason Kidd,NJN,PG,36.7,13.0,9.2,8.2,80,0.828
2007,Tarence Kinsey,MEM,SG,20.1,7.7,0.9,2.0,48,0.527
2007,Andrei Kirilenko,UTA,SF,29.3,8.3,2.9,4.7,70,0.543
2007,Brevin Knight,CHA,PG,28.3,9.1,6.6,2.6,45,0.647
2007,Kyle Korver,PHI,SF,30.9,14.4,1.4,3.5,74,0.625
2007,David Lee,NYK,PF,29.8,10.7,1.8,10.4,58,0.768
2007,Rashard Lewis,SEA,SF,39.1,22.4,2.4,6.6,60,0.803
2007,Shaun Livingston,LAC,PG,29.8,9.3,5.1,3.4,54,0.597
2007,Tyronn Lue,ATL,PG,26.6,11.4,3.6,1.9,56,0.635
2007,Corey Maggette,LAC,SF,30.5,16.9,2.8,5.9,75,0.839
2007,Jamaal Magloire,POR,C,21.0,6.5,0.4,6.1,81,0.619
2007,Stephon Marbury,NYK,PG,37.1,16.4,5.4,2.9,74,0.666
2007,Shawn Marion,PHO,SF,37.6,17.5,1.7,9.8,80,0.771
2007,Kevin Martin,SAC,SG,35.2,20.2,2.2,4.3,80,0.759
2007,Desmond Mason,NOK,SF,34.3,13.7,1.5,4.6,75,0.577
2007,Antonio McDyess,DET,PF,21.1,8.1,0.9,6.0,82,0.711
2007,Tracy McGrady,HOU,SG,35.8,24.6,6.5,5.3,71,1.017
2007,Darko Miličić,ORL,PF,23.9,8.0,1.1,5.5,80,0.611
2007,Andre Miller,2TM,PG,37.1,13.4,7.8,4.4,80,0.69
2007,Andre Miller,PHI,PG,37.6,13.6,7.3,4.4,57,0.673
2007,Brad Miller,SAC,C,28.3,9.0,3.6,6.4,63,0.671
2007,Mike Miller,MEM,SG,39.1,18.5,4.3,5.4,70,0.721
2007,Yao Ming,HOU,C,33.8,25.0,2.0,9.4,48,1.077
2007,Cuttino Mobley,LAC,SG,36.4,13.8,2.5,3.4,78,0.541
2007,Mikki Moore,NJN,C,26.4,9.8,0.9,5.1,79,0.598
2007,Adam Morrison,CHA,PF,29.8,11.8,2.1,2.9,78,0.564
2007,Alonzo Mourning,MIA,C,20.4,8.6,0.2,4.5,77,0.652
2007,Troy Murphy,2TM,PF,27.2,10.3,1.9,6.1,68,0.673
2007,Troy Murphy,IND,PF,28.2,11.1,1.6,6.1,42,0.667
2007,Ronald Murray,DET,SG,21.4,6.7,2.7,1.6,69,0.514
2007,Boštjan Nachbar,NJN,SF,20.2,9.2,0.8,3.3,76,0.658
2007,Eduardo Nájera,DEN,PF,22.1,6.6,0.9,4.1,75,0.525
2007,Steve Nash,PHO,PG,35.3,18.6,11.6,3.5,76,0.955
2007,Jameer Nelson,ORL,PG,30.3,13.0,4.3,3.1,77,0.673
2007,Rasho Nesterović,TOR,C,21.0,6.2,0.9,4.5,80,0.552
2007,Andrés Nocioni,CHI,PF,26.5,14.1,1.1,5.7,53,0.789
2007,Dirk Nowitzki,DAL,PF,36.2,24.6,3.4,8.9,78,1.019
2007,Lamar Odom,LAL,PF,39.3,15.9,4.8,9.8,56,0.776
2007,Emeka Okafor,CHA,C,34.8,14.4,1.2,11.3,67,0.773
2007,Mehmet Okur,UTA,C,33.3,17.6,2.0,7.2,80,0.805
2007,Jermaine O'Neal,IND,C,35.6,19.4,2.4,9.6,69,0.882
2007,Shaquille O'Neal,MIA,C,28.4,17.3,2.0,7.4,40,0.94
2007,Travis Outlaw,POR,PF,22.9,9.6,0.8,3.2,67,0.594
2007,Zaza Pachulia,ATL,C,28.1,12.2,1.5,6.9,72,0.733
2007,Jannero Pargo,NOK,PG,20.9,9.2,2.5,2.2,82,0.665
2007,Anthony Parker,TOR,SG,33.4,12.4,2.1,3.9,73,0.551
2007,Smush Parker,LAL,PG,30.0,11.1,2.8,2.5,82,0.547
2007,Tony Parker,SAS,PG,32.5,18.6,5.5,3.2,77,0.84
2007,Ruben Patterson,MIL,SF,31.0,14.7,2.9,5.4,81,0.742
2007,Chris Paul,NOK,PG,36.8,17.3,8.9,4.4,64,0.832
2007,Sasha Pavlović,CLE,SG,22.9,9.0,1.6,2.4,67,0.568
2007,Gary Payton,MIA,PG,22.1,5.3,3.0,1.9,68,0.462
2007,Kendrick Perkins,BOS,C,21.9,4.5,1.3,5.2,72,0.502
2007,Morris Peterson,TOR,SF,21.3,8.9,0.7,3.3,71,0.606
2007,Paul Pierce,BOS,SG,37.0,25.0,4.1,5.9,47,0.946
2007,Mickaël Piétrus,GSW,SF,26.9,11.1,0.9,4.5,72,0.613
2007,James Posey,MIA,SF,27.0,7.7,1.3,5.0,71,0.519
2007,Tayshaun Prince,DET,SF,36.6,14.3,2.8,5.2,82,0.609
2007,Zach Randolph,POR,PF,35.7,23.6,2.2,10.1,68,1.006
2007,Michael Redd,MIL,SF,38.4,26.7,2.3,3.7,53,0.852
2007,Jason Richardson,GSW,SG,32.8,16.0,3.4,5.1,51,0.747
2007,Quentin Richardson,NYK,SF,33.1,13.0,2.2,7.2,49,0.677
2007,Luke Ridnour,SEA,PG,29.5,11.0,5.2,2.3,71,0.627
2007,Nate Robinson,NYK,PG,21.2,10.1,1.4,2.4,64,0.656
2007,Rajon Rondo,BOS,PG,23.5,6.4,3.8,3.7,78,0.591
2007,Quinton Ross,LAC,SG,21.0,5.2,1.1,2.3,81,0.41
2007,Brandon Roy,POR,SG,35.4,16.8,4.0,4.4,57,0.712
2007,John Salmons,SAC,SG,27.0,8.5,3.2,3.3,79,0.556
2007,Brian Skinner,MIL,PF,22.7,4.4,0.9,5.7,67,0.485
2007,Joe Smith,2TM,PF,23.1,8.5,0.8,6.2,65,0.671
2007,Joe Smith,PHI,PF,25.1,9.2,0.9,6.7,54,0.669
2007,Josh Smith,ATL,SF,36.8,16.4,3.3,8.6,72,0.769
2007,J.R. Smith,DEN,SG,23.3,13.0,1.4,2.3,63,0.717
2007,Eric Snow,CLE,PG,23.5,4.2,4.0,2.3,82,0.447
2007,Jerry Stackhouse,DAL,SF,24.1,12.0,2.8,2.2,67,0.705
2007,DeShawn Stevenson,WAS,SG,29.5,11.2,2.7,2.6,82,0.559
2007,Amar'e Stoudemire,PHO,C,32.8,20.4,1.0,9.6,82,0.945
2007,Damon Stoudamire,MEM,PG,24.2,7.5,4.8,2.2,62,0.599
2007,Sebastian Telfair,BOS,PG,20.2,6.1,2.8,1.4,78,0.51
2007,Jason Terry,DAL,SG,35.1,16.7,5.2,2.9,81,0.707
2007,Kenny Thomas,SAC,PF,22.8,5.3,1.2,6.1,62,0.553
2007,Tim Thomas,LAC,PF,27.0,11.0,2.3,5.0,76,0.678
2007,Jamaal Tinsley,IND,PG,31.2,12.8,6.9,3.3,72,0.737
2007,Hedo Türkoğlu,ORL,SF,31.1,13.3,3.2,4.0,73,0.659
2007,Ime Udoka,POR,SF,28.6,8.4,1.5,3.7,75,0.476
2007,Anderson Varejão,CLE,C,23.9,6.8,0.9,6.7,81,0.603
2007,Dwyane Wade,MIA,SG,37.9,27.4,7.5,4.7,51,1.045
2007,Antoine Walker,MIA,PF,23.3,8.5,1.7,4.3,78,0.622
2007,Ben Wallace,CHI,C,35.0,6.4,2.4,10.7,77,0.557
2007,Gerald Wallace,CHA,SF,36.7,18.1,2.6,7.2,72,0.76
2007,Rasheed Wallace,DET,C,32.3,12.3,1.7,7.2,75,0.656
2007,Luke Walton,LAL,SF,33.0,11.4,4.3,5.0,60,0.627
2007,Hakim Warrick,MEM,PF,26.2,12.7,0.9,5.1,82,0.714
2007,Earl Watson,SEA,PG,27.9,9.4,5.7,2.4,77,0.627
2007,Chris Webber,2TM,PF,29.9,11.2,3.1,7.2,61,0.719
2007,Chris Webber,DET,PF,29.7,11.3,3.0,6.7,43,0.707
2007,Martell Webster,POR,SF,21.5,7.0,0.6,2.9,82,0.488
2007,David West,NOK,PF,36.5,18.3,2.2,8.2,52,0.786
2007,Delonte West,BOS,SG,32.2,12.2,4.4,3.0,69,0.609
2007,Chris Wilcox,SEA,PF,31.5,13.5,1.0,7.7,82,0.705
2007,Damien Wilkins,SEA,SF,24.8,8.8,1.9,2.8,82,0.544
2007,Deron Williams,UTA,PG,36.9,16.2,9.3,3.3,80,0.78
2007,Jason Williams,MIA,PG,30.6,10.9,5.3,2.3,61,0.605
2007,Mo Williams,MIL,PG,36.4,17.3,6.1,4.8,68,0.775
2007,Marvin Williams,ATL,PF,34.0,13.1,1.9,5.3,64,0.597
2006,Shareef Abdur-Rahim,SAC,PF,27.2,12.3,2.1,5.0,72,0.713
2006,Ray Allen,SEA,SG,38.7,25.1,3.7,4.3,78,0.855
2006,Rafer Alston,HOU,PG,38.6,12.1,6.7,4.0,63,0.591
2006,Derek Anderson,2TM,SG,24.3,8.1,2.3,3.3,43,0.564
2006,Carmelo Anthony,DEN,SF,36.8,26.5,2.7,4.9,80,0.927
2006,Gilbert Arenas,WAS,PG,42.3,29.3,6.1,3.5,80,0.92
2006,Metta World Peace,2TM,SF,39.4,17.6,3.6,5.1,56,0.668
2006,Metta World Peace,SAC,SF,40.1,16.9,4.2,5.2,40,0.656
2006,Chucky Atkins,2TM,PG,24.1,9.5,2.8,1.7,71,0.581
2006,Chucky Atkins,MEM,PG,27.0,11.4,3.0,1.7,43,0.596
2006,Marcus Banks,2TM,PG,25.8,10.0,3.8,2.3,58,0.624
2006,Marcus Banks,MIN,PG,30.7,12.0,4.7,2.9,40,0.638
2006,Leandro Barbosa,PHO,SG,27.9,13.1,2.8,2.6,57,0.663
2006,Shane Battier,MEM,SF,35.0,10.1,1.7,5.3,81,0.489
2006,Tony Battie,ORL,C,27.0,7.9,0.6,5.6,82,0.522
2006,Charlie Bell,MIL,SG,21.7,8.4,2.2,2.0,59,0.581
2006,Raja Bell,PHO,SG,37.5,14.7,2.6,3.2,79,0.547
2006,Mike Bibby,SAC,PG,38.6,21.1,5.4,2.9,82,0.762
2006,Chauncey Billups,DET,PG,36.1,18.5,8.6,3.1,81,0.837
2006,Steve Blake,POR,PG,26.2,8.2,4.5,2.1,68,0.565
2006,Mark Blount,2TM,C,27.7,11.3,1.2,4.5,81,0.614
2006,Mark Blount,MIN,C,27.5,10.2,0.8,4.8,42,0.575
2006,Keith Bogans,2TM,SG,26.6,8.6,1.8,3.5,72,0.523
2006,Andrew Bogut,MIL,PF,28.6,9.4,2.3,7.0,82,0.654
2006,Matt Bonner,TOR,PF,21.9,7.5,0.7,3.6,78,0.539
2006,Chris Bosh,TOR,C,39.3,22.5,2.6,9.2,70,0.873
2006,Bruce Bowen,SAS,SF,33.6,7.5,1.5,3.9,82,0.384
2006,Earl Boykins,DEN,PG,25.7,12.6,3.8,1.4,60,0.693
2006,Elton Brand,LAC,PF,39.2,24.7,2.6,10.0,79,0.952
2006,Primož Brezec,CHA,C,27.4,12.4,0.6,5.6,79,0.679
2006,Devin Brown,UTA,SG,21.1,7.5,1.3,2.6,81,0.54
2006,Kwame Brown,LAL,C,27.5,7.4,1.0,6.6,72,0.545
2006,P.J. Brown,NOK,C,31.7,9.0,1.2,7.3,75,0.552
2006,Kobe Bryant,LAL,SG,41.0,35.4,4.5,5.3,80,1.102
2006,Greg Buckner,DEN,SG,24.1,6.7,1.7,2.9,73,0.469
2006,Caron Butler,WAS,SF,36.1,17.6,2.5,6.2,75,0.729
2006,Rasual Butler,NOK,SF,23.7,8.7,0.5,2.9,79,0.511
2006,José Calderón,TOR,SG,23.2,5.5,4.5,2.2,64,0.526
2006,Marcus Camby,DEN,C,33.2,12.8,2.1,11.9,56,0.807
2006,Vince Carter,NJN,SG,36.8,24.2,4.3,5.8,79,0.932
2006,Sam Cassell,LAC,PG,34.0,17.2,6.3,3.7,78,0.8
2006,Tyson Chandler,CHI,C,26.8,5.3,1.0,9.0,79,0.571
2006,Josh Childress,ATL,SF,30.4,10.0,1.8,5.2,74,0.559
2006,Speedy Claxton,NOK,PG,28.4,12.3,4.8,2.7,71,0.697
2006,Jarron Collins,UTA,C,21.9,5.3,1.2,4.2,79,0.489
2006,Jason Collins,NJN,C,26.7,3.6,1.0,4.8,71,0.352
2006,Nick Collison,SEA,PF,21.9,7.5,1.1,5.6,66,0.648
2006,Jamal Crawford,NYK,SG,32.3,14.3,3.8,3.1,79,0.656
2006,Austin Croshere,IND,PF,23.0,8.2,1.2,5.3,50,0.639
2006,Eddy Curry,NYK,C,25.9,13.6,0.3,6.0,72,0.768
2006,Samuel Dalembert,PHI,C,26.7,7.3,0.4,8.2,66,0.596
2006,Erick Dampier,DAL,C,23.6,5.7,0.6,7.8,82,0.597
2006,Antonio Daniels,WAS,SG,28.5,9.6,3.6,2.2,80,0.54
2006,Marquis Daniels,DAL,SG,28.5,10.2,2.8,3.6,62,0.582
2006,Antonio Davis,2TM,PF,21.4,4.9,0.5,4.7,44,0.472
2006,Baron Davis,GSW,PG,36.5,17.9,8.9,4.4,54,0.855
2006,Ricky Davis,2TM,SG,41.1,19.4,5.1,4.5,78,0.706
2006,Ricky Davis,BOS,SG,41.6,19.7,5.3,4.5,42,0.709
2006,Luol Deng,CHI,SF,33.4,14.3,1.9,6.6,78,0.683
2006,Boris Diaw,PHO,PF,35.5,13.3,6.2,6.9,81,0.744
2006,Juan Dixon,POR,SG,25.3,12.3,2.0,2.3,76,0.656
2006,Keyon Dooling,ORL,PG,22.7,9.4,2.2,1.6,50,0.581
2006,Chris Duhon,CHI,PG,29.1,8.7,5.0,3.0,74,0.574
2006,Tim Duncan,SAS,PF,34.8,18.6,3.2,11.0,80,0.943
2006,Mike Dunleavy,GSW,SF,31.8,11.5,2.9,4.9,81,0.607
2006,Francisco Elson,DEN,C,21.9,4.9,0.7,4.7,72,0.47
2006,Melvin Ely,CHA,PF,23.6,9.8,1.3,4.9,57,0.678
2006,Reggie Evans,2TM,PF,20.8,5.6,0.6,7.5,67,0.659
2006,Raymond Felton,CHA,PG,30.1,11.9,5.6,3.3,80,0.691
2006,Michael Finley,SAS,SG,26.5,10.1,1.5,3.2,77,0.558
2006,Derek Fisher,GSW,PG,31.6,13.3,4.3,2.6,82,0.639
2006,T.J. Ford,MIL,PG,35.5,12.2,6.6,4.3,72,0.651
2006,Jeff Foster,IND,C,25.1,5.9,0.8,9.1,63,0.629
2006,Adonal Foyle,GSW,C,23.7,4.5,0.4,5.5,77,0.439
2006,Steve Francis,2TM,SG,34.2,14.4,4.9,4.1,70,0.684
2006,Steve Francis,ORL,PG,37.7,16.2,5.7,4.8,46,0.708
2006,Channing Frye,NYK,C,24.2,12.3,0.8,5.8,65,0.781
2006,Kevin Garnett,MIN,PF,38.9,21.8,4.1,12.7,76,0.992
2006,Pau Gasol,MEM,PF,39.2,20.4,4.6,8.9,80,0.865
2006,Devean George,LAL,SF,21.7,6.3,1.0,3.9,71,0.516
2006,Manu Ginóbili,SAS,SG,27.9,15.1,3.6,3.5,65,0.796
2006,Ryan Gomes,BOS,PF,22.6,7.6,1.0,4.9,61,0.597
2006,Drew Gooden,CLE,PF,27.5,10.7,0.7,8.4,79,0.72
2006,Ben Gordon,CHI,SG,31.0,16.9,3.0,2.7,80,0.729
2006,Danny Granger,IND,SF,22.6,7.5,1.2,4.9,78,0.602
2006,Adrian Griffin,DAL,SG,23.9,4.6,1.7,4.4,52,0.448
2006,Richard Hamilton,DET,SG,35.3,20.1,3.4,3.2,80,0.756
2006,Matt Harpring,UTA,SF,27.4,12.5,1.4,5.2,71,0.697
2006,Al Harrington,ATL,PF,36.6,18.6,3.1,6.9,76,0.781
2006,Devin Harris,DAL,PG,22.8,9.9,3.2,2.2,56,0.671
2006,Udonis Haslem,MIA,PF,30.8,9.3,1.2,7.8,81,0.594
2006,Trenton Hassell,MIN,SG,32.6,9.2,2.6,2.8,77,0.448
2006,Brendan Haywood,WAS,C,23.8,7.3,0.6,5.9,79,0.58
2006,Luther Head,HOU,SG,28.9,8.8,2.7,3.3,80,0.512
2006,Kirk Hinrich,CHI,PG,36.5,15.9,6.3,3.6,81,0.707
2006,Dwight Howard,ORL,PF,36.8,15.8,1.5,12.5,82,0.81
2006,Josh Howard,DAL,SF,32.5,15.6,1.9,6.3,59,0.732
2006,Juwan Howard,HOU,PF,31.7,11.8,1.4,6.7,80,0.628
2006,Andre Iguodala,PHI,SF,37.6,12.3,3.1,5.9,82,0.566
2006,Zydrunas Ilgauskas,CLE,C,29.3,15.6,1.2,7.6,78,0.833
2006,Allen Iverson,PHI,PG,43.1,33.0,7.4,3.2,72,1.012
2006,Jarrett Jack,POR,SG,20.2,6.7,2.8,2.0,79,0.569
2006,Bobby Jackson,MEM,PG,25.0,11.4,2.7,3.1,71,0.688
2006,Stephen Jackson,IND,SG,35.9,16.4,2.8,3.9,81,0.643
2006,LeBron James,CLE,SF,42.5,31.4,6.6,7.0,79,1.059
2006,Mike James,TOR,PG,37.0,20.3,5.8,3.3,79,0.795
2006,Antawn Jamison,WAS,SF,40.1,20.5,1.9,9.3,82,0.791
2006,Marko Jarić,MIN,PG,28.0,7.8,3.9,3.1,75,0.529
2006,Šarūnas Jasikevičius,IND,PG,20.8,7.3,3.0,2.0,75,0.591
2006,Richard Jefferson,NJN,SF,39.2,19.5,3.8,6.8,78,0.768
2006,Jared Jeffries,WAS,PF,25.3,6.4,1.9,4.9,77,0.522
2006,Anthony Johnson,IND,PG,26.4,9.2,4.3,2.2,75,0.595
2006,Joe Johnson,ATL,SG,40.7,20.2,6.5,4.1,82,0.757
2006,Damon Jones,CLE,PG,25.5,6.7,2.1,1.6,82,0.408
2006,Eddie Jones,MEM,SG,32.5,11.8,2.4,3.7,75,0.551
2006,Fred Jones,IND,SG,27.0,9.6,2.3,2.5,68,0.533
2006,James Jones,PHO,SF,23.6,9.3,0.8,3.4,75,0.572
2006,Jumaine Jones,CHA,PF,27.5,10.5,0.8,4.9,76,0.589
2006,Chris Kaman,LAC,C,32.8,11.9,1.0,9.6,78,0.686
2006,Viktor Khryapa,POR,SF,21.6,5.8,1.3,4.4,69,0.532
2006,Jason Kidd,NJN,PG,37.2,13.3,8.4,7.3,80,0.78
2006,Andrei Kirilenko,UTA,SF,37.7,15.3,4.3,8.0,69,0.732
2006,Brevin Knight,CHA,PG,34.1,12.6,8.8,3.2,69,0.721
2006,Kyle Korver,PHI,SF,31.3,11.5,2.0,3.3,82,0.537
2006,Nenad Krstić,NJN,PF,30.9,13.5,1.1,6.4,80,0.68
2006,Raef LaFrentz,BOS,PF,24.8,7.8,1.4,5.0,82,0.573
2006,Rashard Lewis,SEA,SF,36.9,20.1,2.3,5.0,78,0.743
2006,Shaun Livingston,LAC,PG,25.0,5.8,4.5,3.0,61,0.532
2006,Tyronn Lue,ATL,PG,24.2,11.0,3.1,1.6,51,0.649
2006,Jamaal Magloire,MIL,C,30.1,9.2,0.7,9.5,82,0.645
2006,Stephon Marbury,NYK,PG,36.6,16.3,6.4,2.9,60,0.699
2006,Shawn Marion,PHO,PF,40.3,21.8,1.8,11.8,81,0.878
2006,Donyell Marshall,CLE,PF,25.6,9.3,0.7,6.1,81,0.629
2006,Kenyon Martin,DEN,PF,27.6,12.9,1.4,6.3,56,0.746
2006,Kevin Martin,SAC,SG,26.6,10.8,1.3,3.6,72,0.59
2006,Desmond Mason,NOK,SF,30.0,10.8,0.9,4.3,70,0.533
2006,Antonio McDyess,DET,PF,21.1,7.8,1.1,5.3,82,0.673
2006,Tracy McGrady,HOU,SF,37.1,24.4,4.8,6.5,47,0.962
2006,Chris Mihm,LAL,C,26.1,10.2,1.0,6.3,59,0.67
2006,Darius Miles,POR,SF,32.2,14.0,1.8,4.6,40,0.634
2006,Andre Miller,DEN,PG,35.8,13.7,8.2,4.3,82,0.732
2006,Brad Miller,SAC,C,37.0,15.0,4.7,7.8,79,0.743
2006,Mike Miller,MEM,SG,30.6,13.7,2.7,5.4,74,0.712
2006,Yao Ming,HOU,C,34.2,22.3,1.5,10.2,57,0.994
2006,Cuttino Mobley,LAC,SG,37.7,14.8,3.0,4.3,79,0.586
2006,Alonzo Mourning,MIA,C,20.0,7.8,0.2,5.5,65,0.675
2006,Troy Murphy,GSW,PF,34.0,14.0,1.4,10.0,74,0.747
2006,Ronald Murray,2TM,SG,27.8,11.2,2.6,2.0,76,0.568
2006,Ronald Murray,SEA,SG,22.6,9.9,2.5,1.8,48,0.628
2006,Eduardo Nájera,DEN,PF,22.6,5.4,0.8,5.1,64,0.5
2006,Steve Nash,PHO,PG,35.4,18.8,10.5,4.2,79,0.946
2006,Jameer Nelson,ORL,PG,28.8,14.6,4.9,2.9,62,0.778
2006,Andrés Nocioni,CHI,PF,27.3,13.0,1.4,6.1,82,0.751
2006,Dirk Nowitzki,DAL,PF,38.1,26.6,2.8,9.0,81,1.008
2006,Lamar Odom,LAL,PF,40.3,14.8,5.5,9.2,80,0.732
2006,Mehmet Okur,UTA,PF,35.9,18.0,2.4,9.1,82,0.822
2006,Jermaine O'Neal,IND,PF,35.3,20.1,2.6,9.3,51,0.907
2006,Shaquille O'Neal,MIA,C,30.6,20.0,1.9,9.2,59,1.016
2006,Zaza Pachulia,ATL,C,31.4,11.7,1.7,7.9,78,0.678
2006,Smush Parker,LAL,PG,33.8,11.5,3.7,3.3,82,0.547
2006,Tony Parker,SAS,PG,33.9,18.9,5.8,3.3,80,0.826
2006,Ruben Patterson,2TM,SG,25.2,12.1,1.8,3.4,71,0.687
2006,Ruben Patterson,POR,SF,23.5,11.4,1.3,3.4,45,0.685
2006,Chris Paul,NOK,PG,36.0,16.1,7.8,5.1,78,0.806
2006,Gary Payton,MIA,PG,28.5,7.7,3.2,2.9,81,0.484
2006,Morris Peterson,TOR,SG,38.3,16.8,2.3,4.6,82,0.619
2006,Paul Pierce,BOS,SF,39.0,26.8,4.7,6.7,79,0.979
2006,Mickaël Piétrus,GSW,SF,22.7,9.3,0.8,3.1,52,0.581
2006,James Posey,MIA,SF,28.6,7.2,1.3,4.8,67,0.465
2006,Tayshaun Prince,DET,SF,35.3,14.1,2.3,4.2,82,0.584
2006,Joel Przybilla,POR,C,24.9,6.1,0.8,7.0,56,0.558
2006,Vladimir Radmanović,2TM,PF,25.6,9.8,1.8,4.6,77,0.633
2006,Vladimir Radmanović,SEA,PF,23.2,9.3,1.5,4.0,47,0.638
2006,Zach Randolph,POR,PF,34.4,18.0,1.9,8.0,74,0.811
2006,Theo Ratliff,POR,C,23.7,4.9,0.5,5.1,55,0.443
2006,Michael Redd,MIL,SG,39.1,25.4,2.9,4.3,80,0.834
2006,Jason Richardson,GSW,SG,38.4,23.2,3.1,5.8,75,0.836
2006,Quentin Richardson,NYK,SF,26.2,8.2,1.6,4.2,55,0.534
2006,Luke Ridnour,SEA,PG,33.2,11.5,7.0,3.0,79,0.648
2006,Clifford Robinson,NJN,PF,23.3,6.9,1.1,3.3,80,0.485
2006,Nate Robinson,NYK,PG,21.4,9.3,2.0,2.3,72,0.636
2006,Jalen Rose,2TM,SG,27.5,12.3,2.5,2.9,72,0.644
2006,Jalen Rose,TOR,SF,26.9,12.1,2.5,2.8,46,0.647
2006,Quinton Ross,LAC,SF,22.6,4.7,1.2,2.5,67,0.372
2006,Kareem Rush,CHA,SG,23.6,10.1,1.1,2.2,47,0.568
2006,John Salmons,PHI,SG,25.1,7.5,2.7,2.7,82,0.514
2006,Bobby Simmons,MIL,SF,33.8,13.4,2.3,4.4,75,0.595
2006,Joe Smith,MIL,PF,20.2,8.6,0.7,5.2,44,0.718
2006,Josh Smith,ATL,SF,32.0,11.3,2.4,6.6,80,0.634
2006,Eric Snow,CLE,PG,28.7,4.8,4.2,2.4,82,0.397
2006,Darius Songaila,CHI,PF,21.4,9.2,1.4,4.0,62,0.682
2006,Jerry Stackhouse,DAL,SG,27.7,13.0,2.9,2.8,55,0.675
2006,DeShawn Stevenson,ORL,SG,32.3,11.0,2.0,2.9,82,0.492
2006,Peja Stojaković,2TM,SF,36.6,18.2,1.9,5.8,71,0.708
2006,Peja Stojaković,IND,SF,36.4,19.5,1.7,6.3,40,0.755
2006,Salim Stoudamire,ATL,SG,20.3,9.7,1.2,1.9,61,0.631
2006,Robert Swift,SEA,C,21.0,6.4,0.2,5.6,47,0.581
2006,Stromile Swift,HOU,C,20.4,8.9,0.4,4.4,66,0.672
2006,Wally Szczerbiak,2TM,SF,37.9,19.0,3.0,4.3,72,0.694
2006,Wally Szczerbiak,MIN,SF,38.9,20.1,2.8,4.8,40,0.712
2006,Sebastian Telfair,POR,PG,24.1,9.5,3.6,1.8,68,0.618
2006,Jason Terry,DAL,PG,35.0,17.1,3.8,2.0,80,0.654
2006,Kenny Thomas,SAC,PF,28.0,9.1,2.0,7.5,82,0.664
2006,Kurt Thomas,PHO,C,26.6,8.6,1.1,7.8,53,0.658
2006,Jamaal Tinsley,IND,PG,26.7,9.3,5.0,3.2,42,0.655
2006,Hedo Türkoğlu,ORL,SF,33.5,14.9,2.8,4.3,78,0.657
2006,Keith Van Horn,DAL,SF,20.6,8.9,0.7,3.6,53,0.641
2006,Charlie Villanueva,TOR,PF,29.1,13.0,1.1,6.4,81,0.704
2006,Dwyane Wade,MIA,SG,38.6,27.2,6.7,5.7,75,1.026
2006,Antoine Walker,MIA,PF,26.8,12.2,2.0,5.1,82,0.72
2006,Ben Wallace,DET,C,35.2,7.3,1.9,11.3,82,0.582
2006,Gerald Wallace,CHA,SF,34.5,15.2,1.7,7.5,55,0.707
2006,Rasheed Wallace,DET,PF,34.8,15.1,2.3,6.8,80,0.695
2006,Earl Watson,2TM,PG,22.5,8.9,4.1,2.3,70,0.68
2006,Earl Watson,DEN,PG,21.2,7.5,3.5,1.9,46,0.608
2006,Chris Webber,PHI,PF,38.6,20.2,3.4,9.9,75,0.868
2006,Bonzi Wells,SAC,SG,32.4,13.6,2.8,7.7,52,0.744
2006,David Wesley,HOU,SG,33.4,9.9,2.9,2.5,71,0.458
2006,David West,NOK,PF,34.1,17.1,1.2,7.4,74,0.754
2006,Delonte West,BOS,PG,34.1,11.8,4.6,4.1,71,0.601
2006,Deron Williams,UTA,PG,28.8,10.8,4.5,2.4,80,0.615
2006,Jason Williams,MIA,PG,31.8,12.3,4.9,2.4,59,0.616
2006,Mo Williams,MIL,PG,26.4,12.1,4.0,2.5,58,0.705
2006,Marvin Williams,ATL,PF,24.7,8.5,0.8,4.8,79,0.571
2006,Qyntel Woods,NYK,SF,20.7,6.7,1.0,3.9,49,0.56
2006,Lorenzen Wright,MEM,C,21.7,5.8,0.6,5.1,78,0.53
2005,Shareef Abdur-Rahim,POR,PF,34.6,16.8,2.1,7.3,54,0.757
2005,Ray Allen,SEA,SG,39.3,23.9,3.7,4.4,78,0.814
2005,Rafer Alston,TOR,PG,34.0,14.2,6.4,3.5,80,0.709
2005,Chris Andersen,NOH,C,21.3,7.7,1.1,6.1,67,0.7
2005,Derek Anderson,POR,SG,26.4,9.2,3.0,2.7,47,0.564
2005,Carmelo Anthony,DEN,SF,34.8,20.8,2.6,5.7,75,0.836
2005,Gilbert Arenas,WAS,PG,40.9,25.5,5.1,4.7,80,0.863
2005,Carlos Arroyo,2TM,PG,20.7,6.6,4.0,1.5,70,0.585
2005,Chucky Atkins,LAL,PG,35.4,13.6,4.4,2.4,82,0.576
2005,Brent Barry,SAS,SG,21.5,7.4,2.2,2.3,81,0.553
2005,Jon Barry,2TM,SG,21.8,6.6,2.4,2.3,69,0.518
2005,Jon Barry,HOU,SG,23.2,7.0,2.6,2.6,53,0.526
2005,Shane Battier,MEM,SG,31.5,9.9,1.6,5.2,80,0.53
2005,Tony Battie,ORL,C,23.4,4.9,0.5,5.6,81,0.47
2005,Raja Bell,UTA,SG,28.4,12.3,1.4,3.2,63,0.595
2005,Mike Bibby,SAC,PG,38.6,19.6,6.8,4.2,80,0.793
2005,Chauncey Billups,DET,PG,35.8,16.5,5.8,3.4,80,0.718
2005,Mark Blount,BOS,C,26.0,9.4,1.6,4.8,82,0.608
2005,Keith Bogans,CHA,SG,24.2,9.6,1.8,3.1,74,0.599
2005,Carlos Boozer,UTA,PF,34.7,17.8,2.8,9.0,51,0.853
2005,Chris Bosh,TOR,PF,37.2,16.8,1.9,8.9,81,0.742
2005,Bruce Bowen,SAS,SF,32.0,8.2,1.5,3.5,82,0.412
2005,Earl Boykins,DEN,PG,26.4,12.4,4.5,1.7,82,0.705
2005,Elton Brand,LAC,PF,37.0,20.0,2.6,9.5,81,0.868
2005,Primož Brezec,CHA,C,31.6,13.0,1.2,7.4,72,0.684
2005,Kwame Brown,WAS,PF,21.6,7.0,0.9,4.9,42,0.593
2005,P.J. Brown,NOH,PF,34.4,10.8,2.2,9.0,82,0.64
2005,Rick Brunson,LAC,PG,24.3,5.5,5.1,2.3,80,0.531
2005,Kobe Bryant,LAL,SG,40.7,27.6,6.0,5.9,66,0.971
2005,Greg Buckner,DEN,SG,21.7,6.2,1.9,3.0,70,0.512
2005,Rodney Buford,NJN,SF,20.5,7.0,1.0,3.0,64,0.537
2005,Caron Butler,LAL,SF,35.7,15.5,1.9,5.8,77,0.65
2005,Marcus Camby,DEN,C,30.5,10.3,2.3,10.0,66,0.741
2005,Brian Cardinal,MEM,PF,24.7,9.0,2.0,3.9,58,0.603
2005,Vince Carter,2TM,SF,36.7,24.5,4.2,5.2,77,0.924
2005,Vince Carter,NJN,SF,38.9,27.5,4.7,5.9,57,0.979
2005,Sam Cassell,MIN,PG,25.8,13.5,5.1,2.7,59,0.826
2005,Kelvin Cato,ORL,C,24.6,7.0,0.6,6.7,62,0.581
2005,Tyson Chandler,CHI,C,27.4,8.0,0.8,9.7,80,0.675
2005,Josh Childress,ATL,SG,29.7,10.1,1.9,6.0,80,0.606
2005,Doug Christie,2TM,SG,29.3,6.6,3.8,3.4,52,0.471
2005,Speedy Claxton,2TM,PG,30.1,11.5,6.0,3.0,62,0.681
2005,Speedy Claxton,GSW,PG,32.6,13.1,6.2,3.3,46,0.693
2005,Jason Collins,NJN,C,31.8,6.4,1.3,6.1,80,0.434
2005,Jamal Crawford,NYK,SG,38.4,17.7,4.3,2.9,70,0.648
2005,Austin Croshere,IND,PF,25.0,8.9,1.3,5.1,73,0.612
2005,Eddy Curry,CHI,C,28.7,16.1,0.6,5.4,63,0.77
2005,Samuel Dalembert,PHI,C,24.8,8.2,0.5,7.5,72,0.653
2005,Erick Dampier,DAL,C,27.3,9.2,0.9,8.5,59,0.681
2005,Antonio Daniels,SEA,PG,27.0,11.2,4.1,2.3,75,0.652
2005,Marquis Daniels,DAL,SG,23.5,9.1,2.1,3.6,60,0.63
2005,Antonio Davis,CHI,PF,25.6,7.0,1.1,5.9,72,0.547
2005,Baron Davis,2TM,PG,34.4,19.2,7.9,3.8,46,0.898
2005,Dale Davis,2TM,C,21.4,4.7,0.8,6.1,61,0.542
2005,Ricky Davis,BOS,SG,32.9,16.0,3.0,3.0,82,0.669
2005,Tony Delk,ATL,SG,23.9,11.9,1.9,2.3,56,0.674
2005,Luol Deng,CHI,SF,27.3,11.7,2.2,5.3,61,0.703
2005,Dan Dickau,2TM,PG,29.4,12.5,4.9,2.5,71,0.677
2005,Dan Dickau,NOH,PG,31.0,13.2,5.2,2.7,67,0.681
2005,Predrag Drobnjak,ATL,C,20.2,8.4,0.7,3.4,71,0.619
2005,Chris Duhon,CHI,PG,26.5,5.9,4.9,2.6,82,0.506
2005,Tim Duncan,SAS,PF,33.4,20.3,2.7,11.1,66,1.021
2005,Mike Dunleavy,GSW,SF,32.5,13.4,2.6,5.5,79,0.662
2005,Melvin Ely,CHA,PF,20.9,7.3,1.0,4.1,79,0.593
2005,Reggie Evans,SEA,PF,23.8,4.9,0.7,9.3,79,0.626
2005,Michael Finley,DAL,SG,36.8,15.7,2.6,4.1,64,0.609
2005,Derek Fisher,GSW,PG,30.0,11.9,4.1,2.9,74,0.63
2005,Jeff Foster,IND,C,26.1,7.0,0.7,9.0,61,0.64
2005,Adonal Foyle,GSW,C,21.8,4.5,0.7,5.5,78,0.491
2005,Steve Francis,ORL,PG,38.2,21.3,7.0,5.8,78,0.893
2005,Dan Gadzuric,MIL,C,22.0,7.3,0.4,8.3,81,0.727
2005,Kevin Garnett,MIN,PF,38.1,22.2,5.7,13.5,82,1.087
2005,Pau Gasol,MEM,PF,32.0,17.8,2.4,7.3,56,0.859
2005,Manu Ginóbili,SAS,SG,29.6,16.0,3.9,4.4,74,0.821
2005,Gordan Giriček,UTA,SG,20.5,8.8,1.7,2.2,81,0.62
2005,Drew Gooden,CLE,PF,30.8,14.4,1.6,9.2,82,0.818
2005,Ben Gordon,CHI,SG,24.4,15.1,2.0,2.6,82,0.807
2005,Eddie Griffin,MIN,PF,21.3,7.5,0.8,6.5,70,0.695
2005,Tom Gugliotta,2TM,PF,20.6,5.1,1.4,4.1,47,0.515
2005,Richard Hamilton,DET,SG,38.5,18.7,4.9,3.9,76,0.714
2005,Matt Harpring,UTA,SF,33.1,14.0,1.8,6.2,78,0.665
2005,Al Harrington,ATL,SF,38.6,17.5,3.2,7.0,66,0.718
2005,Jason Hart,CHA,PG,25.5,9.5,5.0,2.7,74,0.675
2005,Udonis Haslem,MIA,PF,33.4,10.9,1.4,9.1,80,0.641
2005,Trenton Hassell,MIN,SG,25.2,6.6,1.6,2.7,82,0.433
2005,Jarvis Hayes,WAS,SF,28.9,10.2,1.7,4.2,54,0.557
2005,Brendan Haywood,WAS,C,27.4,9.4,0.8,6.8,68,0.62
2005,Nenê,DEN,C,23.9,9.6,1.5,5.9,55,0.711
2005,Grant Hill,ORL,SF,34.9,19.7,3.3,4.7,67,0.794
2005,Kirk Hinrich,CHI,PG,36.4,15.7,6.4,3.9,77,0.714
2005,Dwight Howard,ORL,PF,32.6,12.0,0.9,10.0,82,0.702
2005,Josh Howard,DAL,SF,32.2,12.6,1.4,6.4,76,0.634
2005,Juwan Howard,HOU,PF,26.6,9.6,1.5,5.7,61,0.632
2005,Troy Hudson,MIN,PG,21.9,8.7,3.6,1.3,79,0.621
2005,Larry Hughes,WAS,SG,38.7,22.0,4.7,6.3,61,0.853
2005,Andre Iguodala,PHI,SG,32.8,9.0,3.0,5.7,82,0.54
2005,Zydrunas Ilgauskas,CLE,C,33.5,16.9,1.3,8.6,78,0.8
2005,Allen Iverson,PHI,PG,42.3,30.7,7.9,4.0,75,1.007
2005,Jim Jackson,2TM,SF,31.0,10.5,2.9,4.2,64,0.568
2005,Jim Jackson,PHO,SF,24.9,8.8,2.4,3.9,40,0.606
2005,Marc Jackson,PHI,C,24.4,12.0,1.0,5.0,81,0.738
2005,Stephen Jackson,IND,SF,35.4,18.7,2.3,4.9,51,0.732
2005,Casey Jacobsen,2TM,SG,21.4,6.5,1.3,2.0,84,0.458
2005,Casey Jacobsen,NOH,SG,23.4,7.6,1.7,2.3,44,0.496
2005,LeBron James,CLE,SF,42.4,27.2,7.2,7.4,80,0.986
2005,Mike James,2TM,PG,25.1,11.8,3.6,2.8,74,0.725
2005,Mike James,MIL,PG,24.8,11.4,3.9,2.6,47,0.722
2005,Antawn Jamison,WAS,PF,38.3,19.6,2.3,7.6,68,0.77
2005,Marko Jarić,LAC,PG,33.1,9.9,6.1,3.2,50,0.58
2005,Jared Jeffries,WAS,SF,26.1,6.8,2.0,4.9,77,0.525
2005,Anthony Johnson,IND,PG,27.7,8.4,4.8,2.8,63,0.578
2005,Joe Johnson,PHO,SF,39.5,17.1,3.5,5.1,82,0.651
2005,Damon Jones,MIA,PG,31.4,11.6,4.3,2.8,82,0.596
2005,Eddie Jones,MIA,SF,35.5,12.7,2.7,5.1,80,0.577
2005,Fred Jones,IND,SG,29.5,10.6,2.5,3.1,77,0.549
2005,Jumaine Jones,LAL,SF,24.1,7.6,0.9,5.2,76,0.568
2005,Chris Kaman,LAC,C,25.9,9.1,1.2,6.7,63,0.656
2005,Jason Kidd,NJN,PG,36.9,14.4,8.3,7.4,66,0.816
2005,Andrei Kirilenko,UTA,PF,32.9,15.6,3.2,6.2,41,0.76
2005,Brevin Knight,CHA,PG,29.5,10.1,9.0,2.6,66,0.736
2005,Kyle Korver,PHI,SF,32.5,11.5,2.2,4.6,82,0.563
2005,Nenad Krstić,NJN,PF,26.2,10.0,1.0,5.3,75,0.622
2005,Toni Kukoč,MIL,SF,20.7,5.6,3.0,3.0,53,0.56
2005,Raef LaFrentz,BOS,PF,27.5,11.1,1.2,6.9,80,0.698
2005,Rashard Lewis,SEA,SF,38.0,20.5,1.3,5.5,71,0.718
2005,Tyronn Lue,2TM,PG,28.7,11.2,4.6,2.1,70,0.624
2005,Tyronn Lue,ATL,PG,31.2,13.5,5.4,2.2,49,0.676
2005,George Lynch,NOH,SF,21.2,3.7,2.0,4.0,44,0.458
2005,Corey Maggette,LAC,SG,36.9,22.2,3.4,6.0,66,0.856
2005,Stephon Marbury,NYK,PG,40.0,21.7,8.1,3.0,82,0.82
2005,Shawn Marion,PHO,PF,38.8,19.4,1.9,11.3,81,0.84
2005,Donyell Marshall,TOR,PF,25.3,11.5,1.2,6.6,65,0.763
2005,Kenyon Martin,DEN,PF,32.5,15.5,2.4,7.3,70,0.775
2005,Desmond Mason,MIL,SF,36.2,17.2,2.7,3.9,80,0.657
2005,Antonio McDyess,DET,PF,23.3,9.6,0.9,6.3,77,0.721
2005,Tracy McGrady,HOU,SF,40.8,25.7,5.7,6.2,78,0.922
2005,Jeff McInnis,CLE,PG,34.9,12.8,5.1,2.1,76,0.573
2005,Keith McLeod,UTA,PG,26.1,7.8,4.5,2.1,53,0.552
2005,Chris Mihm,LAL,C,24.9,9.8,0.7,6.7,75,0.691
2005,Darius Miles,POR,SF,27.0,12.8,2.0,4.7,63,0.722
2005,Andre Miller,DEN,PG,34.8,13.6,6.9,4.1,82,0.707
2005,Brad Miller,SAC,C,37.3,15.6,3.9,9.3,56,0.772
2005,Mike Miller,MEM,SF,30.0,13.4,2.9,3.9,76,0.673
2005,Reggie Miller,IND,SG,31.9,14.8,2.2,2.4,66,0.608
2005,Yao Ming,HOU,C,30.6,18.3,0.8,8.4,80,0.899
2005,Cuttino Mobley,2TM,SG,36.2,17.2,2.8,3.5,66,0.649
2005,Cuttino Mobley,SAC,SG,38.7,17.8,3.4,3.9,43,0.649
2005,Nazr Mohammed,2TM,C,25.1,9.5,0.4,7.6,77,0.697
2005,Nazr Mohammed,NYK,C,28.1,10.9,0.5,8.1,54,0.694
2005,Troy Murphy,GSW,PF,33.9,15.4,1.4,10.8,70,0.814
2005,Boštjan Nachbar,NOH,PF,20.7,8.1,1.2,2.8,55,0.585
2005,Lee Nailon,NOH,SF,29.7,14.2,1.6,4.4,68,0.68
2005,Steve Nash,PHO,PG,34.3,15.5,11.5,3.3,75,0.883
2005,Jameer Nelson,ORL,PG,20.4,8.7,3.0,2.4,79,0.691
2005,Rasho Nesterović,SAS,C,25.5,5.9,1.0,6.6,70,0.529
2005,Ira Newble,CLE,SG,24.8,5.9,1.2,3.0,74,0.407
2005,Andrés Nocioni,CHI,SF,23.4,8.4,1.5,4.8,81,0.628
2005,Dirk Nowitzki,DAL,PF,38.7,26.1,3.1,9.7,78,1.005
2005,Lamar Odom,LAL,PF,36.3,15.2,3.7,10.2,64,0.802
2005,Emeka Okafor,CHA,PF,35.6,15.1,0.9,10.9,73,0.756
2005,Mehmet Okur,UTA,C,28.1,12.9,2.0,7.5,82,0.797
2005,Jermaine O'Neal,IND,PF,34.8,24.3,1.9,8.8,44,1.006
2005,Shaquille O'Neal,MIA,C,34.1,22.9,2.7,10.4,73,1.056
2005,Tony Parker,SAS,PG,34.2,16.6,6.1,3.7,80,0.772
2005,Ruben Patterson,POR,SF,28.0,11.6,2.0,3.9,70,0.625
2005,Gary Payton,BOS,PG,33.0,11.3,6.1,3.1,77,0.621
2005,Morris Peterson,TOR,SG,30.6,12.5,2.1,4.1,82,0.611
2005,Paul Pierce,BOS,SF,36.1,21.6,4.2,6.6,82,0.898
2005,Mickaël Piétrus,GSW,SF,20.0,9.5,1.2,2.8,67,0.675
2005,James Posey,MEM,SF,27.6,8.1,1.8,4.4,50,0.518
2005,Tayshaun Prince,DET,SF,37.1,14.7,3.0,5.3,82,0.62
2005,Joel Przybilla,POR,C,24.4,6.4,1.0,7.7,76,0.619
2005,Vladimir Radmanović,SEA,PF,29.5,11.8,1.4,4.6,63,0.603
2005,Zach Randolph,POR,PF,34.8,18.9,1.9,9.6,46,0.874
2005,Theo Ratliff,POR,C,27.5,4.8,0.5,5.3,63,0.385
2005,Michael Redd,MIL,SG,38.0,23.0,2.3,4.2,75,0.776
2005,Jason Richardson,GSW,SG,37.8,21.7,3.9,5.9,72,0.833
2005,Quentin Richardson,PHO,SG,35.9,14.9,2.0,6.1,79,0.641
2005,Luke Ridnour,SEA,PG,31.4,10.0,5.9,2.5,82,0.586
2005,Clifford Robinson,2TM,C,23.8,7.5,1.5,2.9,71,0.5
2005,Clifford Robinson,GSW,C,26.0,8.5,1.8,2.7,42,0.5
2005,Rodney Rogers,2TM,SF,23.6,7.7,1.5,4.2,58,0.568
2005,Jalen Rose,TOR,SF,33.5,18.5,2.6,3.4,81,0.731
2005,Quinton Ross,LAC,SG,21.3,5.1,1.4,2.7,78,0.432
2005,Kareem Rush,2TM,SG,20.2,8.4,1.4,1.9,48,0.579
2005,Brian Scalabrine,NJN,PF,21.6,6.3,1.6,4.5,54,0.574
2005,Bobby Simmons,LAC,SF,37.3,16.4,2.7,5.9,75,0.67
2005,Joe Smith,MIL,PF,30.6,11.0,0.9,7.3,74,0.627
2005,Josh Smith,ATL,SF,27.7,9.7,1.7,6.2,74,0.635
2005,J.R. Smith,NOH,SG,24.5,10.3,1.9,2.0,76,0.58
2005,Eric Snow,CLE,SG,22.8,4.0,3.9,1.9,81,0.43
2005,Darius Songaila,SAC,PF,20.6,7.5,1.4,4.2,81,0.636
2005,Latrell Sprewell,MIN,SF,30.6,12.8,2.2,3.2,80,0.595
2005,Jerry Stackhouse,DAL,SG,28.9,14.9,2.3,3.3,56,0.709
2005,Peja Stojaković,SAC,SF,38.4,20.1,2.1,4.3,66,0.69
2005,Amar'e Stoudemire,PHO,C,36.1,26.0,1.6,8.9,80,1.011
2005,Damon Stoudamire,POR,PG,34.1,15.8,5.7,3.8,81,0.742
2005,Bob Sura,HOU,PG,31.5,10.3,5.2,5.5,61,0.667
2005,Stromile Swift,MEM,PF,21.3,10.1,0.7,4.6,60,0.723
2005,Wally Szczerbiak,MIN,SF,31.6,15.5,2.4,3.7,81,0.684
2005,Maurice Taylor,2TM,PF,20.6,7.3,1.0,4.0,65,0.597
2005,Jason Terry,DAL,PG,30.0,12.4,5.4,2.4,80,0.673
2005,Etan Thomas,WAS,C,20.8,7.1,0.4,5.2,47,0.611
2005,Kenny Thomas,2TM,PF,29.7,12.4,2.1,7.3,73,0.734
2005,Kenny Thomas,PHI,PF,28.6,11.3,1.6,6.6,47,0.682
2005,Kurt Thomas,NYK,PF,35.7,11.5,2.0,10.4,80,0.669
2005,Tim Thomas,NYK,SF,27.3,12.0,1.5,3.3,71,0.615
2005,Jamaal Tinsley,IND,PG,32.5,15.4,6.4,4.0,40,0.794
2005,Hedo Türkoğlu,ORL,SF,26.2,14.0,2.3,3.5,67,0.756
2005,Nick Van Exel,POR,SG,30.5,11.1,4.3,3.0,53,0.603
2005,Keith Van Horn,2TM,PF,24.2,11.2,1.2,4.7,62,0.707
2005,Dwyane Wade,MIA,SG,38.6,24.1,6.8,5.2,77,0.935
2005,Antoine Walker,2TM,PF,38.4,19.1,3.4,9.0,77,0.82
2005,Antoine Walker,ATL,PF,40.2,20.4,3.7,9.4,53,0.833
2005,Ben Wallace,DET,C,36.1,9.7,1.7,12.2,74,0.654
2005,Gerald Wallace,CHA,SF,30.7,11.1,2.0,5.5,70,0.606
2005,Rasheed Wallace,DET,PF,34.0,14.5,1.8,8.2,79,0.721
2005,Earl Watson,MEM,PG,22.6,7.7,4.5,2.1,80,0.633
2005,Chris Webber,2TM,PF,35.4,19.5,4.7,9.1,67,0.941
2005,Chris Webber,SAC,PF,36.3,21.3,5.5,9.7,46,1.006
2005,Bonzi Wells,MEM,SG,21.6,10.4,1.2,3.3,69,0.69
2005,Jiří Welsch,BOS,SG,20.5,7.5,1.5,2.5,55,0.561
2005,David Wesley,2TM,SG,34.7,11.9,3.3,2.9,80,0.522
2005,David Wesley,HOU,SG,34.1,10.9,2.9,2.6,54,0.481
2005,Corliss Williamson,2TM,PF,21.2,10.3,1.1,3.6,72,0.708
2005,Corliss Williamson,PHI,PF,22.0,10.8,0.9,3.7,48,0.7
2005,Eric Williams,2TM,SG,24.0,7.7,1.7,3.1,55,0.521
2005,Jason Williams,MEM,PG,27.5,10.1,5.6,1.7,71,0.633
2005,Mo Williams,MIL,PG,28.2,10.2,6.1,3.1,80,0.688
2005,Lorenzen Wright,MEM,C,28.6,9.6,1.1,7.7,80,0.643
2004,Shareef Abdur-Rahim,2TM,PF,31.6,16.3,2.0,7.5,85,0.816
2004,Shareef Abdur-Rahim,ATL,PF,36.9,20.1,2.4,9.3,53,0.862
2004,Ray Allen,SEA,SG,38.4,23.0,4.8,5.1,56,0.857
2004,Rafer Alston,MIA,PG,31.5,10.2,4.5,2.8,82,0.556
2004,Derek Anderson,POR,SG,35.5,13.6,4.5,3.6,51,0.611
2004,Kenny Anderson,IND,PG,20.6,6.0,2.8,1.8,44,0.515
2004,Shandon Anderson,NYK,SG,24.7,7.9,1.5,2.8,80,0.494
2004,Carmelo Anthony,DEN,SF,36.5,21.0,2.8,6.1,82,0.819
2004,Gilbert Arenas,WAS,PG,37.6,19.6,5.0,4.6,55,0.777
2004,Darrell Armstrong,NOH,PG,28.4,10.6,3.9,2.9,79,0.613
2004,Carlos Arroyo,UTA,PG,28.3,12.6,5.0,2.6,71,0.714
2004,Metta World Peace,IND,SF,37.2,18.3,3.7,5.3,73,0.734
2004,Chucky Atkins,2TM,PG,24.1,8.4,3.5,1.5,64,0.556
2004,Stacey Augmon,NOH,SF,20.5,5.8,1.2,2.5,69,0.463
2004,Vin Baker,2TM,PF,24.3,9.8,1.2,5.2,54,0.667
2004,Leandro Barbosa,PHO,PG,21.4,7.9,2.4,1.8,70,0.565
2004,Brent Barry,SEA,SG,30.6,10.8,5.8,3.5,59,0.657
2004,Shane Battier,MEM,SF,24.6,8.5,1.3,3.8,79,0.553
2004,Tony Battie,2TM,C,20.2,5.6,0.8,4.9,73,0.559
2004,Raja Bell,UTA,SG,24.6,11.2,1.3,2.9,82,0.626
2004,Mike Bibby,SAC,PG,36.3,18.4,5.4,3.4,82,0.749
2004,Chauncey Billups,DET,PG,35.4,16.9,5.7,3.5,78,0.737
2004,Mark Blount,BOS,C,29.3,10.3,0.9,7.2,82,0.628
2004,Keith Bogans,ORL,SF,24.5,6.8,1.3,4.3,73,0.506
2004,Carlos Boozer,CLE,PF,34.6,15.5,2.0,11.4,75,0.835
2004,Chris Bosh,TOR,C,33.5,11.5,1.0,7.4,75,0.594
2004,Bruce Bowen,SAS,SF,32.0,6.9,1.4,3.1,82,0.356
2004,Earl Boykins,DEN,SG,22.5,10.2,3.6,1.7,82,0.689
2004,Elton Brand,LAC,PF,38.7,20.0,3.3,10.3,69,0.868
2004,Kwame Brown,WAS,PF,30.3,10.9,1.5,7.4,74,0.653
2004,P.J. Brown,NOH,PF,34.4,10.5,1.9,8.6,80,0.61
2004,Kobe Bryant,LAL,SG,37.6,24.0,5.1,5.5,65,0.92
2004,Caron Butler,MIA,SF,29.9,9.2,1.9,4.8,68,0.532
2004,Marcus Camby,DEN,C,30.0,8.6,1.8,10.1,72,0.683
2004,Brian Cardinal,GSW,PF,21.5,9.6,1.4,4.2,76,0.707
2004,Vince Carter,TOR,SG,38.2,22.5,4.8,4.8,73,0.84
2004,Sam Cassell,MIN,PG,35.0,19.8,7.3,3.3,81,0.869
2004,Kelvin Cato,HOU,PF,25.3,6.1,1.0,6.8,69,0.549
2004,Calbert Cheaney,GSW,SF,26.2,7.6,1.7,3.3,79,0.481
2004,Doug Christie,SAC,SG,33.9,10.1,4.2,4.0,82,0.54
2004,Speedy Claxton,GSW,PG,26.6,10.6,4.5,2.6,60,0.665
2004,Jarron Collins,UTA,C,21.4,6.0,1.0,3.9,81,0.509
2004,Jason Collins,NJN,C,28.5,5.9,2.0,5.1,78,0.456
2004,Chris Crawford,ATL,PF,21.6,10.2,0.8,3.1,56,0.653
2004,Jamal Crawford,CHI,SG,35.1,17.3,5.1,3.5,80,0.738
2004,Eddy Curry,CHI,PF,29.5,14.7,0.9,6.2,73,0.739
2004,Samuel Dalembert,PHI,C,26.8,8.0,0.3,7.6,82,0.593
2004,Erick Dampier,GSW,C,32.5,12.3,0.8,12.0,74,0.772
2004,Antonio Daniels,SEA,PG,21.3,8.0,4.2,2.0,71,0.667
2004,Antonio Davis,2TM,C,32.1,8.9,1.7,8.4,80,0.592
2004,Antonio Davis,CHI,C,31.3,8.9,1.9,8.1,65,0.604
2004,Baron Davis,NOH,PG,40.1,22.9,7.5,4.3,67,0.865
2004,Dale Davis,POR,C,22.1,4.4,0.9,5.2,76,0.475
2004,Ricky Davis,2TM,SF,31.3,14.4,3.3,4.5,79,0.709
2004,Ricky Davis,BOS,SF,29.4,14.1,2.6,4.2,57,0.711
2004,Boris Diaw,ATL,SG,25.3,4.5,2.4,4.5,76,0.451
2004,Vlade Divac,SAC,C,28.6,9.9,5.3,5.7,81,0.731
2004,Juan Dixon,WAS,SG,20.8,9.4,1.9,2.1,71,0.644
2004,Tim Duncan,SAS,PF,36.6,22.3,3.1,12.4,69,1.033
2004,Mike Dunleavy,GSW,SF,31.1,11.7,2.9,5.9,75,0.659
2004,Howard Eisley,2TM,PG,21.7,6.9,4.1,1.9,67,0.594
2004,Michael Finley,DAL,SG,38.6,18.6,2.9,4.5,72,0.674
2004,Derek Fisher,LAL,SG,21.6,7.1,2.3,1.9,82,0.523
2004,T.J. Ford,MIL,PG,26.8,7.1,6.5,3.2,55,0.627
2004,Jeff Foster,IND,C,23.9,6.1,0.8,7.4,82,0.598
2004,Steve Francis,HOU,PG,40.4,16.6,6.2,5.5,79,0.7
2004,Kevin Garnett,MIN,PF,39.4,24.2,5.0,13.9,82,1.094
2004,Pau Gasol,MEM,PF,31.5,17.7,2.5,7.7,78,0.886
2004,Devean George,LAL,SF,23.8,7.4,1.4,4.0,82,0.538
2004,Kendall Gill,CHI,SG,25.2,9.6,1.6,3.4,56,0.579
2004,Manu Ginóbili,SAS,SG,29.4,12.8,3.8,4.5,77,0.718
2004,Gordan Giriček,2TM,SF,28.0,11.3,1.7,3.1,73,0.575
2004,Gordan Giriček,ORL,SF,29.9,10.2,1.7,3.4,48,0.512
2004,Dion Glover,2TM,SG,23.8,9.0,1.9,3.9,69,0.622
2004,Dion Glover,ATL,SG,26.6,10.1,2.1,4.3,55,0.62
2004,Drew Gooden,ORL,PF,27.0,11.6,1.1,6.5,79,0.711
2004,Brian Grant,MIA,C,30.3,8.7,0.9,6.9,76,0.545
2004,Horace Grant,LAL,PF,20.1,4.1,1.3,4.2,55,0.478
2004,Richard Hamilton,DET,SG,35.5,17.6,4.0,3.6,78,0.71
2004,Anfernee Hardaway,2TM,SG,27.6,9.2,2.3,3.8,76,0.554
2004,Anfernee Hardaway,NYK,SG,29.0,9.6,1.9,4.5,42,0.552
2004,Al Harrington,IND,PF,30.9,13.3,1.7,6.4,79,0.693
2004,Lucious Harris,NJN,PG,21.8,6.9,2.0,2.0,69,0.5
2004,Udonis Haslem,MIA,PF,23.9,7.3,0.7,6.3,75,0.598
2004,Trenton Hassell,MIN,SG,28.0,5.0,1.6,3.2,81,0.35
2004,Jarvis Hayes,WAS,SF,29.2,9.6,1.5,3.8,70,0.51
2004,Nenê,DEN,PF,32.5,11.8,2.2,6.5,77,0.631
2004,Kirk Hinrich,CHI,PG,35.6,12.0,6.8,3.4,76,0.624
2004,Fred Hoiberg,MIN,SG,22.8,6.7,1.4,3.4,79,0.504
2004,Allan Houston,NYK,SG,36.0,18.5,2.0,2.4,50,0.636
2004,Josh Howard,DAL,SF,23.7,8.6,1.4,5.5,67,0.654
2004,Juwan Howard,ORL,PF,35.5,17.0,2.0,7.0,81,0.732
2004,Larry Hughes,WAS,SG,33.8,18.8,2.4,5.3,61,0.784
2004,Zydrunas Ilgauskas,CLE,C,31.3,15.3,1.3,8.1,81,0.789
2004,Allen Iverson,PHI,SG,42.5,26.4,6.8,3.7,48,0.868
2004,Bobby Jackson,SAC,SG,23.7,13.8,2.1,3.5,50,0.819
2004,Jim Jackson,HOU,SF,39.0,12.9,2.8,6.1,80,0.559
2004,Stephen Jackson,ATL,SF,36.8,18.1,3.1,4.6,80,0.701
2004,Casey Jacobsen,PHO,SF,23.4,6.0,1.3,2.6,78,0.423
2004,LeBron James,CLE,SG,39.5,20.9,5.9,5.5,79,0.818
2004,Mike James,2TM,PG,27.1,9.3,4.2,2.9,81,0.605
2004,Mike James,BOS,PG,30.6,10.7,4.4,3.2,55,0.598
2004,Antawn Jamison,DAL,SF,29.0,14.8,0.9,6.3,82,0.759
2004,Marko Jarić,LAC,PG,30.3,8.5,4.8,3.0,58,0.538
2004,Richard Jefferson,NJN,SF,38.2,18.5,3.8,5.7,82,0.733
2004,Jared Jeffries,WAS,PF,23.3,5.7,1.1,5.2,82,0.515
2004,Anthony Johnson,IND,PG,21.9,6.2,2.8,1.8,73,0.493
2004,Joe Johnson,PHO,SG,40.6,16.7,4.4,4.7,82,0.635
2004,Damon Jones,MIL,PG,24.6,7.0,5.8,2.1,82,0.606
2004,Eddie Jones,MIA,SG,37.0,17.3,3.2,3.8,81,0.657
2004,Chris Kaman,LAC,C,22.5,6.1,1.0,5.6,82,0.564
2004,Jason Kidd,NJN,PG,36.6,15.5,9.2,6.4,67,0.85
2004,Andrei Kirilenko,UTA,PF,37.1,16.5,3.1,8.1,78,0.747
2004,Kerry Kittles,NJN,SG,34.7,13.1,2.5,4.0,82,0.565
2004,Toni Kukoč,MIL,PF,20.8,8.4,2.7,3.7,73,0.712
2004,Christian Laettner,WAS,PF,20.5,5.9,1.9,4.8,48,0.615
2004,Voshon Lenard,DEN,SG,30.6,14.2,2.1,2.7,73,0.621
2004,Rashard Lewis,SEA,SF,36.6,17.8,2.2,6.5,80,0.724
2004,Tyronn Lue,ORL,PG,30.7,10.5,4.2,2.5,76,0.56
2004,George Lynch,NOH,SF,21.8,4.8,1.5,4.0,78,0.472
2004,Corey Maggette,LAC,SF,36.0,20.7,3.1,5.9,73,0.825
2004,Jamaal Magloire,NOH,C,33.9,13.6,1.0,10.3,82,0.735
2004,Karl Malone,LAL,PF,32.7,13.2,3.9,8.7,42,0.789
2004,Stephon Marbury,2TM,PG,40.2,20.2,8.9,3.2,81,0.803
2004,Stephon Marbury,NYK,PG,39.1,19.8,9.3,3.1,47,0.824
2004,Shawn Marion,PHO,SF,40.7,19.0,2.7,9.3,79,0.762
2004,Donyell Marshall,2TM,PF,36.4,14.7,1.5,9.9,82,0.717
2004,Donyell Marshall,TOR,PF,39.1,16.2,1.4,10.7,66,0.724
2004,Kenyon Martin,NJN,PF,34.6,16.7,2.5,9.5,65,0.829
2004,Desmond Mason,MIL,SF,30.9,14.4,1.9,4.4,82,0.67
2004,Walter McCarty,BOS,PF,24.7,7.9,1.6,3.1,77,0.51
2004,Antonio McDyess,2TM,PF,22.1,6.9,0.9,6.1,42,0.629
2004,Tracy McGrady,ORL,SG,39.9,28.0,5.5,6.0,67,0.99
2004,Jeff McInnis,2TM,PG,33.8,11.8,6.1,2.5,70,0.604
2004,Aaron McKie,PHI,SF,28.2,9.2,2.6,3.4,75,0.539
2004,Stanislav Medvedenko,LAL,PF,21.2,8.3,0.8,5.0,68,0.665
2004,Darius Miles,2TM,SF,26.3,10.9,2.1,4.5,79,0.665
2004,Darius Miles,POR,SF,28.4,12.6,2.0,4.6,42,0.676
2004,Andre Miller,DEN,PG,34.6,14.8,6.1,4.5,82,0.734
2004,Brad Miller,SAC,PF,36.4,14.1,4.3,10.3,72,0.788
2004,Mike Miller,MEM,SF,27.2,11.1,3.6,3.3,65,0.662
2004,Reggie Miller,IND,SG,28.2,10.0,3.1,2.4,80,0.55
2004,Yao Ming,HOU,C,32.8,17.5,1.5,9.0,82,0.854
2004,Cuttino Mobley,HOU,SG,40.4,15.8,3.2,4.5,80,0.582
2004,Nazr Mohammed,2TM,C,20.1,7.4,0.5,5.9,80,0.687
2004,Ronald Murray,SEA,PG,24.6,12.4,2.5,2.5,82,0.707
2004,Dikembe Mutombo,NYK,C,23.0,5.6,0.4,6.7,65,0.552
2004,Steve Nash,DAL,PG,33.5,14.5,8.8,3.0,78,0.785
2004,Rasho Nesterović,SAS,C,28.7,8.7,1.4,7.7,82,0.62
2004,Dirk Nowitzki,DAL,C,37.9,21.8,2.7,8.7,77,0.876
2004,Lamar Odom,MIA,PF,37.5,17.1,4.1,9.7,80,0.824
2004,Mehmet Okur,DET,PF,22.3,9.6,1.0,5.9,71,0.74
2004,Michael Olowokandi,MIN,C,21.5,6.5,0.6,5.7,43,0.595
2004,Jermaine O'Neal,IND,PF,35.7,20.1,2.1,10.0,78,0.902
2004,Shaquille O'Neal,LAL,C,36.8,21.5,2.9,11.5,67,0.976
2004,Greg Ostertag,UTA,C,27.6,6.8,1.6,7.4,78,0.572
2004,Milt Palacio,TOR,PG,20.5,4.4,3.1,1.7,59,0.449
2004,Tony Parker,SAS,PG,34.4,14.7,5.5,3.2,75,0.68
2004,Ruben Patterson,POR,SF,22.6,6.9,1.9,3.7,73,0.553
2004,Gary Payton,LAL,PG,34.5,14.6,5.5,4.2,82,0.704
2004,Morris Peterson,TOR,SF,26.2,8.3,1.4,3.2,82,0.492
2004,Paul Pierce,BOS,SG,38.7,23.0,5.1,6.5,80,0.894
2004,James Posey,MEM,SG,29.9,13.7,1.5,4.9,82,0.672
2004,Vitaly Potapenko,SEA,C,21.8,7.1,0.8,4.4,65,0.564
2004,Tayshaun Prince,DET,SF,32.9,10.3,2.3,4.8,82,0.529
2004,Vladimir Radmanović,SEA,PF,30.1,12.0,1.8,5.3,77,0.635
2004,Zach Randolph,POR,PF,37.9,20.1,2.0,10.5,81,0.86
2004,Theo Ratliff,2TM,C,31.3,7.9,0.8,7.2,85,0.508
2004,Theo Ratliff,ATL,C,31.1,8.3,1.0,7.2,53,0.531
2004,Michael Redd,MIL,SG,36.8,21.7,2.3,5.0,82,0.788
2004,Jason Richardson,GSW,SG,37.6,18.7,2.9,6.7,78,0.753
2004,Quentin Richardson,LAC,SG,36.0,17.2,2.1,6.4,65,0.714
2004,Clifford Robinson,GSW,PF,34.7,11.8,3.3,3.9,82,0.548
2004,Eddie Robinson,CHI,SF,20.1,6.7,1.1,2.0,51,0.488
2004,Glenn Robinson,PHI,SF,31.8,16.6,1.4,4.5,42,0.708
2004,Rodney Rogers,NJN,PF,20.4,7.8,2.0,4.4,69,0.696
2004,Jalen Rose,2TM,SF,37.8,15.5,5.0,4.0,66,0.648
2004,Jalen Rose,TOR,PG,39.4,16.2,5.5,4.0,50,0.652
2004,John Salmons,PHI,SG,20.8,5.8,1.7,2.5,77,0.481
2004,Bobby Simmons,LAC,SF,24.6,7.8,1.7,4.7,56,0.577
2004,Brian Skinner,MIL,C,28.2,10.5,0.9,7.3,56,0.663
2004,Joe Smith,MIL,PF,29.7,10.9,1.0,8.5,76,0.687
2004,Eric Snow,PHI,PG,36.2,10.3,6.9,3.4,82,0.569
2004,Latrell Sprewell,MIN,SF,37.8,16.8,3.5,3.8,82,0.638
2004,DeShawn Stevenson,2TM,SF,30.6,11.4,2.0,3.7,80,0.559
2004,DeShawn Stevenson,UTA,SG,28.0,11.4,1.7,3.3,54,0.586
2004,Peja Stojaković,SAC,SF,40.3,24.2,2.1,6.3,81,0.809
2004,Amar'e Stoudemire,PHO,PF,36.8,20.6,1.4,9.0,55,0.842
2004,Damon Stoudamire,POR,PG,38.0,13.4,6.1,3.8,82,0.613
2004,Bob Sura,2TM,SG,20.8,7.5,2.9,4.1,80,0.697
2004,Maurice Taylor,HOU,PF,27.7,11.5,1.4,5.1,75,0.65
2004,Jason Terry,ATL,PG,37.3,16.8,5.4,4.1,81,0.705
2004,Etan Thomas,WAS,C,24.1,8.9,0.9,6.7,79,0.685
2004,Kenny Thomas,PHI,PF,36.5,13.6,1.5,10.1,74,0.69
2004,Kurt Thomas,NYK,PF,31.9,11.1,1.9,8.3,80,0.668
2004,Tim Thomas,2TM,SF,31.7,14.7,1.9,4.8,66,0.675
2004,Tim Thomas,MIL,SF,32.0,14.1,2.1,4.9,42,0.659
2004,Jamaal Tinsley,IND,PG,26.5,8.3,5.8,2.6,52,0.63
2004,Hedo Türkoğlu,SAS,SF,25.9,9.2,1.9,4.5,80,0.602
2004,Keith Van Horn,2TM,SF,32.5,16.1,1.7,7.0,72,0.763
2004,Keith Van Horn,NYK,SF,33.5,16.4,1.8,7.3,47,0.761
2004,Jake Voskuhl,PHO,C,24.3,6.6,0.9,5.2,66,0.523
2004,Dwyane Wade,MIA,PG,34.9,16.2,4.5,4.0,61,0.708
2004,Antoine Walker,DAL,PF,34.6,14.0,4.5,8.3,82,0.775
2004,Ben Wallace,DET,C,37.7,9.5,1.7,12.4,81,0.626
2004,Rasheed Wallace,3TM,PF,35.1,16.0,2.3,6.8,68,0.715
2004,Rasheed Wallace,POR,PF,37.2,17.0,2.5,6.6,45,0.702
2004,Earl Watson,MEM,PG,20.6,5.7,5.0,2.2,81,0.626
2004,Bonzi Wells,2TM,SG,26.0,12.3,1.9,3.6,72,0.685
2004,Bonzi Wells,MEM,SG,24.9,12.3,1.8,3.4,59,0.703
2004,Jiří Welsch,BOS,SG,26.9,9.2,2.3,3.7,81,0.565
2004,David Wesley,NOH,SG,32.8,14.0,2.9,2.2,61,0.582
2004,Chris Wilcox,LAC,C,20.6,8.6,0.8,4.7,65,0.684
2004,Alvin Williams,TOR,SG,30.9,8.8,4.0,2.7,56,0.502
2004,Eric Williams,2TM,SF,26.6,10.0,1.7,4.0,71,0.59
2004,Eric Williams,CLE,SF,27.5,9.4,1.9,3.8,50,0.549
2004,Jason Williams,MEM,PG,29.4,10.9,6.8,2.0,72,0.67
2004,Jerome Williams,2TM,PF,24.1,6.2,1.1,7.0,68,0.593
2004,Jerome Williams,CHI,PF,23.2,6.5,1.2,6.5,53,0.612
2004,Lorenzen Wright,MEM,C,25.8,9.4,1.1,6.8,65,0.671
2003,Shareef Abdur-Rahim,ATL,PF,38.1,19.9,3.0,8.4,81,0.822
2003,Courtney Alexander,NOH,PG,20.6,7.9,1.2,1.8,66,0.529
2003,Malik Allen,MIA,PF,29.0,9.6,0.7,5.3,80,0.538
2003,Ray Allen,2TM,SG,37.9,22.5,4.4,5.0,76,0.842
2003,Ray Allen,MIL,SG,35.8,21.3,3.5,4.6,47,0.821
2003,Rafer Alston,TOR,PG,20.9,7.8,4.1,2.3,47,0.679
2003,Derek Anderson,POR,PG,33.6,13.9,4.3,3.5,76,0.646
2003,Shandon Anderson,NYK,SF,21.1,8.4,1.1,3.1,82,0.597
2003,Gilbert Arenas,GSW,PG,35.0,18.3,6.3,4.7,82,0.837
2003,Darrell Armstrong,ORL,PG,28.7,9.4,3.9,3.6,82,0.589
2003,Metta World Peace,IND,SF,33.6,15.5,2.9,5.2,69,0.702
2003,Chucky Atkins,DET,PG,21.5,7.1,2.7,1.5,65,0.526
2003,Brent Barry,SEA,SG,33.1,10.3,5.1,4.0,75,0.586
2003,Shane Battier,MEM,SF,30.6,9.7,1.3,4.4,78,0.503
2003,Tony Battie,BOS,C,25.1,7.3,0.7,6.5,67,0.578
2003,Travis Best,MIA,PG,25.1,8.4,3.5,2.0,72,0.554
2003,Mike Bibby,SAC,PG,33.4,15.9,5.2,2.7,55,0.713
2003,Chauncey Billups,DET,PG,31.4,16.2,3.9,3.7,74,0.758
2003,Carlos Boozer,CLE,PF,25.3,10.0,1.3,7.5,81,0.743
2003,Bruce Bowen,SAS,SF,31.3,7.1,1.4,2.9,82,0.364
2003,Shawn Bradley,DAL,C,21.4,6.7,0.7,5.9,81,0.621
2003,Elton Brand,LAC,PF,39.6,18.5,2.5,11.3,62,0.816
2003,J.R. Bremer,BOS,PG,23.5,8.3,2.6,2.3,64,0.562
2003,Kwame Brown,WAS,C,22.2,7.4,0.7,5.3,80,0.604
2003,P.J. Brown,NOH,PF,33.4,10.7,1.9,9.0,78,0.647
2003,Kobe Bryant,LAL,SG,41.5,30.0,5.9,6.9,82,1.031
2003,Greg Buckner,PHI,SG,20.2,6.0,1.3,2.9,75,0.505
2003,Caron Butler,MIA,SF,36.6,15.4,2.7,5.1,78,0.634
2003,Rasual Butler,MIA,SG,21.0,7.5,1.3,2.6,72,0.543
2003,Vince Carter,TOR,SG,34.2,20.6,3.3,4.4,43,0.827
2003,Sam Cassell,MIL,PG,34.6,19.7,5.8,4.4,78,0.864
2003,Tyson Chandler,CHI,C,24.4,9.2,1.0,6.9,75,0.701
2003,Calbert Cheaney,UTA,SG,29.0,8.6,2.0,3.5,81,0.486
2003,Doug Christie,SAC,SG,33.9,9.4,4.7,4.3,80,0.543
2003,Keon Clark,SAC,C,22.3,6.7,1.0,5.6,80,0.596
2003,Derrick Coleman,PHI,C,27.2,9.4,1.4,7.0,64,0.654
2003,Jason Collins,NJN,C,23.5,5.7,1.1,4.5,81,0.481
2003,Jamal Crawford,CHI,PG,24.9,10.7,4.2,2.3,80,0.691
2003,Erick Dampier,GSW,C,24.1,8.2,0.7,6.6,82,0.643
2003,Antonio Davis,TOR,C,35.7,13.9,2.5,8.2,53,0.689
2003,Baron Davis,NOH,PG,37.8,17.1,6.4,3.7,50,0.72
2003,Dale Davis,POR,C,29.3,7.4,1.2,7.2,78,0.539
2003,Ricky Davis,CLE,SG,39.6,20.6,5.5,4.9,79,0.783
2003,Tony Delk,BOS,PG,28.0,9.8,2.2,3.5,67,0.554
2003,Vlade Divac,SAC,C,29.8,9.9,3.4,7.2,80,0.688
2003,Predrag Drobnjak,SEA,C,24.2,9.4,1.0,3.9,82,0.591
2003,Tim Duncan,SAS,PF,39.3,23.3,3.9,12.9,81,1.02
2003,Howard Eisley,NYK,PG,27.4,9.1,5.4,2.3,82,0.613
2003,Reggie Evans,SEA,PF,20.4,3.2,0.5,6.6,67,0.505
2003,Michael Finley,DAL,SF,38.3,19.3,3.0,5.8,69,0.734
2003,Derek Fisher,LAL,PG,34.5,10.5,3.6,2.9,82,0.493
2003,Rick Fox,LAL,SF,28.7,9.0,3.3,4.3,76,0.578
2003,Adonal Foyle,GSW,C,21.8,5.4,0.5,6.0,82,0.546
2003,Steve Francis,HOU,PG,41.0,21.0,6.2,6.2,81,0.815
2003,Kevin Garnett,MIN,PF,40.5,23.0,6.0,13.4,82,1.047
2003,Pat Garrity,ORL,PF,31.9,10.7,1.5,3.8,81,0.502
2003,Pau Gasol,MEM,PF,36.0,19.0,2.8,8.8,82,0.85
2003,Devean George,LAL,SF,22.7,6.9,1.3,4.0,71,0.537
2003,Kendall Gill,MIN,SG,25.2,8.7,1.9,3.0,82,0.54
2003,Manu Ginóbili,SAS,SG,20.7,7.6,2.0,2.3,69,0.575
2003,Gordan Giriček,2TM,SG,28.3,12.3,1.8,3.1,76,0.608
2003,Gordan Giriček,MEM,SG,24.2,11.2,1.4,2.2,49,0.612
2003,Dion Glover,ATL,SG,24.9,9.7,1.9,3.7,76,0.614
2003,Drew Gooden,2TM,SF,26.8,12.5,1.2,6.5,70,0.754
2003,Drew Gooden,MEM,SF,26.1,12.1,1.2,5.8,51,0.732
2003,Brian Grant,MIA,C,32.2,10.3,1.3,10.2,82,0.677
2003,Eddie Griffin,HOU,PF,24.5,8.6,1.1,6.0,77,0.641
2003,Richard Hamilton,DET,SG,32.2,19.7,2.5,3.9,82,0.811
2003,Anfernee Hardaway,PHO,SG,30.6,10.6,4.1,4.4,58,0.624
2003,Matt Harpring,UTA,SF,32.8,17.6,1.7,6.6,78,0.79
2003,Al Harrington,IND,SF,30.1,12.2,1.5,6.2,82,0.661
2003,Junior Harrington,DEN,PG,24.4,5.1,3.4,3.0,82,0.471
2003,Lucious Harris,NJN,SG,25.6,10.3,2.0,3.0,77,0.598
2003,Othella Harrington,NYK,PF,25.0,7.7,0.8,6.4,74,0.596
2003,Donnell Harvey,DEN,SF,20.9,7.9,1.3,5.3,77,0.694
2003,Trenton Hassell,CHI,SG,24.4,4.2,1.8,3.1,82,0.373
2003,Brendan Haywood,WAS,C,23.8,6.2,0.4,5.0,81,0.487
2003,Nenê,DEN,C,28.2,10.5,1.9,6.1,80,0.656
2003,Tyrone Hill,2TM,PF,24.1,5.6,0.7,7.0,56,0.552
2003,Robert Horry,LAL,PF,29.3,6.5,2.9,6.4,80,0.539
2003,Allan Houston,NYK,SG,37.9,22.5,2.7,2.8,82,0.739
2003,Juwan Howard,DEN,PF,35.5,18.4,3.0,7.6,77,0.817
2003,Troy Hudson,MIN,PG,32.9,14.2,5.7,2.3,79,0.675
2003,Larry Hughes,WAS,PG,31.9,12.8,3.1,4.6,67,0.643
2003,Zydrunas Ilgauskas,CLE,C,30.0,17.2,1.6,7.5,81,0.877
2003,Allen Iverson,PHI,SG,42.5,27.6,5.5,4.2,82,0.878
2003,Bobby Jackson,SAC,PG,28.4,15.2,3.1,3.7,59,0.775
2003,Jim Jackson,SAC,SF,20.8,7.7,1.9,4.2,63,0.663
2003,Stephen Jackson,SAS,SG,28.2,11.8,2.3,3.6,80,0.628
2003,Mike James,MIA,PG,22.1,7.8,3.2,1.9,78,0.584
2003,Antawn Jamison,GSW,SF,39.3,22.2,1.9,7.0,82,0.791
2003,Marko Jarić,LAC,SF,20.9,7.4,2.9,2.4,66,0.608
2003,Richard Jefferson,NJN,SF,36.0,15.5,2.5,6.4,80,0.678
2003,Joe Johnson,PHO,SG,27.5,9.8,2.6,3.2,82,0.567
2003,Eddie Jones,MIA,SG,38.1,18.5,3.7,4.8,47,0.709
2003,Jumaine Jones,CLE,SF,27.6,9.8,1.4,5.1,80,0.591
2003,Michael Jordan,WAS,SF,37.0,20.0,3.8,6.1,82,0.808
2003,Shawn Kemp,ORL,C,20.7,6.8,0.7,5.7,79,0.638
2003,Jason Kidd,NJN,PG,37.4,18.7,8.9,6.3,80,0.906
2003,Andrei Kirilenko,UTA,SF,27.7,12.0,1.7,5.3,80,0.686
2003,Kerry Kittles,NJN,SG,30.0,13.0,2.6,3.9,65,0.65
2003,Toni Kukoč,MIL,PF,27.0,11.6,3.7,4.2,63,0.722
2003,Christian Laettner,WAS,PF,29.1,8.3,3.1,6.6,76,0.619
2003,Raef LaFrentz,DAL,C,23.3,9.3,0.8,4.8,69,0.639
2003,Voshon Lenard,TOR,SG,30.6,14.3,2.3,3.4,63,0.654
2003,Rashard Lewis,SEA,SF,39.5,18.1,1.7,6.5,77,0.666
2003,Tyronn Lue,WAS,PG,26.5,8.6,3.5,2.0,75,0.532
2003,Corey Maggette,LAC,SG,31.3,16.8,1.9,5.0,64,0.757
2003,Jamaal Magloire,NOH,C,29.8,10.3,1.1,8.8,82,0.678
2003,Karl Malone,UTA,PF,36.2,20.6,4.7,7.8,81,0.914
2003,Stephon Marbury,PHO,PG,40.0,22.3,8.1,3.2,81,0.84
2003,Shawn Marion,PHO,SF,41.6,21.2,2.4,9.5,81,0.796
2003,Donyell Marshall,CHI,PF,30.5,13.4,1.8,9.0,78,0.793
2003,Kenyon Martin,NJN,PF,34.1,16.7,2.4,8.3,77,0.804
2003,Jamal Mashburn,NOH,SF,40.5,21.6,5.6,6.1,82,0.822
2003,Anthony Mason,MIL,C,32.6,7.2,3.2,6.4,65,0.515
2003,Desmond Mason,2TM,SF,34.5,14.3,2.0,6.5,80,0.661
2003,Desmond Mason,SEA,SF,34.8,14.1,1.8,6.4,52,0.641
2003,Walter McCarty,BOS,SF,23.8,6.1,1.3,3.5,82,0.458
2003,Jelani McCoy,TOR,C,20.4,6.8,0.6,5.3,67,0.623
2003,Tracy McGrady,ORL,SG,39.4,32.1,5.5,6.5,75,1.119
2003,Aaron McKie,PHI,SF,29.7,9.0,3.5,4.4,80,0.569
2003,Ron Mercer,IND,SG,23.2,7.7,1.6,2.1,72,0.491
2003,Darius Miles,CLE,SF,30.0,9.2,2.6,5.4,67,0.573
2003,Andre Miller,LAC,PG,36.4,13.6,6.7,4.0,80,0.668
2003,Brad Miller,IND,C,31.1,13.1,2.6,8.3,73,0.772
2003,Mike Miller,2TM,SF,33.6,15.6,2.6,5.2,65,0.696
2003,Mike Miller,ORL,SF,37.3,16.4,2.8,5.8,49,0.67
2003,Reggie Miller,IND,SG,30.2,12.6,2.4,2.5,70,0.579
2003,Yao Ming,HOU,C,29.0,13.5,1.7,8.2,82,0.807
2003,Cuttino Mobley,HOU,SG,41.7,17.5,2.8,4.2,73,0.588
2003,Troy Murphy,GSW,PF,31.8,11.7,1.3,10.2,79,0.73
2003,Eduardo Nájera,DAL,SF,23.0,6.7,1.0,4.6,48,0.535
2003,Steve Nash,DAL,PG,33.1,17.7,7.3,2.9,82,0.843
2003,Rasho Nesterović,MIN,C,30.4,11.2,1.5,6.5,77,0.632
2003,Ira Newble,ATL,SF,26.5,7.7,1.4,3.7,73,0.483
2003,Dirk Nowitzki,DAL,PF,39.0,25.1,3.0,9.9,80,0.974
2003,Lamar Odom,LAC,SF,34.3,14.6,3.6,6.7,49,0.726
2003,Kevin Ollie,2TM,PG,23.1,6.5,3.5,2.2,82,0.528
2003,Kevin Ollie,MIL,PG,21.3,5.7,3.4,1.9,53,0.516
2003,Jermaine O'Neal,IND,PF,37.2,20.8,2.0,10.3,77,0.89
2003,Shaquille O'Neal,LAL,C,37.8,27.5,3.1,11.1,67,1.103
2003,Greg Ostertag,UTA,C,23.8,5.4,0.7,6.2,81,0.517
2003,Bo Outlaw,PHO,C,22.5,4.7,1.4,4.6,80,0.476
2003,Milt Palacio,CLE,PG,24.7,5.0,3.2,2.9,80,0.449
2003,Tony Parker,SAS,PG,33.8,15.5,5.3,2.6,82,0.692
2003,Ruben Patterson,POR,SF,21.2,8.3,1.3,3.4,78,0.613
2003,Gary Payton,2TM,PG,40.1,20.4,8.3,4.2,80,0.82
2003,Gary Payton,SEA,PG,40.8,20.8,8.8,4.8,52,0.843
2003,Anthony Peeler,MIN,SG,27.4,7.7,3.0,2.9,82,0.496
2003,Wesley Person,MEM,SG,29.4,11.0,1.7,2.9,66,0.531
2003,Morris Peterson,TOR,SF,36.0,14.1,2.3,4.4,82,0.578
2003,Eric Piatkowski,LAC,SG,21.9,9.7,1.1,2.5,62,0.607
2003,Paul Pierce,BOS,SG,39.2,25.9,4.4,7.3,79,0.959
2003,Scottie Pippen,POR,SF,29.9,10.8,4.5,4.3,64,0.656
2003,James Posey,2TM,SF,30.3,10.8,2.2,5.1,83,0.597
2003,James Posey,HOU,SF,28.4,9.3,1.8,4.8,58,0.56
2003,Vladimir Radmanović,SEA,PF,26.5,10.1,1.3,4.5,72,0.6
2003,Theo Ratliff,ATL,C,31.1,8.7,0.9,7.5,81,0.55
2003,Michael Redd,MIL,SG,28.2,15.1,1.4,4.5,82,0.745
2003,Glen Rice,HOU,SF,24.7,9.0,1.0,2.5,62,0.506
2003,Jason Richardson,GSW,SG,32.9,15.6,3.0,4.6,82,0.705
2003,Quentin Richardson,LAC,SG,23.2,9.4,0.9,4.8,59,0.651
2003,Clifford Robinson,DET,PF,34.9,12.2,3.3,3.9,81,0.556
2003,David Robinson,SAS,C,26.2,8.5,1.0,7.9,64,0.664
2003,Eddie Robinson,CHI,SF,21.2,5.7,1.0,3.1,64,0.462
2003,Glenn Robinson,ATL,SF,37.6,20.8,3.0,6.6,69,0.809
2003,Jalen Rose,CHI,SF,40.9,22.1,4.8,4.3,82,0.763
2003,Malik Rose,SAS,PF,24.5,10.4,1.6,6.4,79,0.751
2003,Joe Smith,MIN,SF,20.7,7.5,0.7,5.0,54,0.638
2003,Eric Snow,PHI,PG,37.9,12.9,6.6,3.7,82,0.612
2003,Latrell Sprewell,NYK,SF,38.6,16.4,4.5,3.9,74,0.642
2003,Jerry Stackhouse,WAS,SG,39.2,21.5,4.5,3.7,70,0.758
2003,Vladimir Stepania,MIA,C,20.2,5.6,0.3,7.0,79,0.639
2003,John Stockton,UTA,PG,27.7,10.8,7.7,2.5,82,0.758
2003,Peja Stojaković,SAC,SF,34.0,19.2,2.0,5.5,72,0.785
2003,Amar'e Stoudemire,PHO,PF,31.3,13.5,1.0,8.8,82,0.744
2003,Damon Stoudamire,POR,PG,22.3,6.9,3.5,2.6,59,0.583
2003,Rod Strickland,MIN,PG,20.3,6.8,4.6,2.0,47,0.66
2003,Bob Sura,GSW,SG,20.5,7.3,3.2,3.0,55,0.659
2003,Stromile Swift,MEM,PF,22.1,9.7,0.7,5.7,67,0.729
2003,Wally Szczerbiak,MIN,SF,35.3,17.6,2.6,4.6,52,0.703
2003,Maurice Taylor,HOU,PF,20.6,8.4,1.0,3.6,67,0.631
2003,Jason Terry,ATL,PG,38.0,17.2,7.4,3.4,81,0.737
2003,Kenny Thomas,2TM,PF,30.0,10.1,1.7,8.0,66,0.66
2003,Kenny Thomas,PHI,PF,30.3,10.2,1.6,8.5,46,0.67
2003,Kurt Thomas,NYK,C,31.8,14.0,2.0,7.9,81,0.752
2003,Tim Thomas,MIL,SF,29.5,13.3,1.3,4.9,80,0.661
2003,Jamaal Tinsley,IND,PG,30.6,7.8,7.5,3.6,73,0.618
2003,Nick Van Exel,DAL,SG,27.8,12.5,4.3,2.8,73,0.705
2003,Keith Van Horn,PHI,PF,31.6,15.9,1.3,7.1,74,0.769
2003,Jacque Vaughn,ORL,PG,21.1,5.9,2.9,1.5,80,0.488
2003,Dajuan Wagner,CLE,SG,29.5,13.4,2.8,1.7,47,0.607
2003,Antoine Walker,BOS,PF,41.5,20.1,4.8,7.2,78,0.773
2003,Ben Wallace,DET,C,39.4,6.9,1.6,15.4,73,0.607
2003,Rasheed Wallace,POR,PF,36.3,18.1,2.1,7.4,74,0.76
2003,Charlie Ward,NYK,PG,22.2,7.2,4.6,2.7,66,0.653
2003,Clarence Weatherspoon,NYK,PF,25.6,6.6,0.9,7.6,79,0.59
2003,Chris Webber,SAC,PF,39.1,23.0,5.4,10.5,67,0.995
2003,Bonzi Wells,POR,SG,31.9,15.2,3.3,5.3,75,0.746
2003,David Wesley,NOH,SG,37.1,16.7,3.4,2.4,73,0.606
2003,Rodney White,DEN,SG,21.7,9.0,1.7,3.0,72,0.631
2003,Chris Whitney,2TM,PG,20.6,7.0,2.8,1.3,51,0.539
2003,Alvin Williams,TOR,PG,33.8,13.2,5.3,3.1,78,0.639
2003,Corliss Williamson,DET,SF,25.1,12.0,1.3,4.4,82,0.705
2003,Eric Williams,BOS,SF,28.7,9.1,1.7,4.7,82,0.54
2003,Jason Williams,MEM,PG,31.7,12.1,8.3,2.8,76,0.732
2003,Jay Williams,CHI,PG,26.1,9.5,4.7,2.6,75,0.644
2003,Jerome Williams,TOR,PF,33.0,9.7,1.3,9.2,71,0.612
2003,Shammond Williams,2TM,PG,24.1,8.0,3.4,2.2,78,0.564
2003,Shammond Williams,BOS,PG,22.9,7.3,2.5,2.2,51,0.524
2003,Lorenzen Wright,MEM,C,28.3,11.4,1.1,7.5,70,0.707
2003,Vincent Yarbrough,DEN,SG,23.4,6.9,2.2,2.7,59,0.504
2002,Shareef Abdur-Rahim,ATL,PF,38.7,21.2,3.1,9.0,77,0.86
2002,Courtney Alexander,WAS,SG,23.7,9.8,1.5,2.6,56,0.586
2002,Ray Allen,MIL,SG,36.6,21.8,3.9,4.5,69,0.825
2002,Derek Anderson,POR,SG,26.6,10.8,3.1,2.7,70,0.624
2002,Kenny Anderson,BOS,PG,32.0,9.6,5.3,3.6,76,0.578
2002,Greg Anthony,2TM,PG,25.2,7.9,4.7,2.2,60,0.587
2002,Gilbert Arenas,GSW,PG,24.6,10.9,3.7,2.8,47,0.707
2002,Darrell Armstrong,ORL,PG,33.3,12.4,5.5,3.9,82,0.655
2002,Metta World Peace,2TM,SF,29.9,13.2,2.3,4.9,55,0.682
2002,Chucky Atkins,DET,PG,28.9,12.1,3.3,2.0,79,0.602
2002,Vin Baker,SEA,C,31.1,14.1,1.3,6.4,55,0.701
2002,Brent Barry,SEA,SG,37.5,14.4,5.3,5.4,81,0.669
2002,Jon Barry,DET,SG,24.2,9.0,3.3,2.9,82,0.628
2002,Shane Battier,MEM,SF,39.7,14.4,2.8,5.4,78,0.569
2002,Tony Battie,BOS,C,24.6,6.9,0.5,6.5,74,0.565
2002,Jonathan Bender,IND,SF,21.1,7.4,0.8,3.1,78,0.536
2002,Travis Best,2TM,PG,23.6,7.9,4.4,2.0,74,0.606
2002,Travis Best,IND,PG,21.7,6.9,4.0,1.6,44,0.576
2002,Mike Bibby,SAC,PG,33.2,13.7,5.0,2.8,80,0.648
2002,Chauncey Billups,MIN,PG,28.7,12.5,5.5,2.8,82,0.725
2002,Bruce Bowen,SAS,SF,28.8,7.0,1.5,2.7,59,0.389
2002,Ryan Bowen,DEN,SF,22.5,4.9,0.7,4.0,75,0.427
2002,Elton Brand,LAC,PF,37.8,18.2,2.4,11.6,80,0.852
2002,P.J. Brown,CHH,C,32.0,8.4,1.3,9.8,80,0.609
2002,Kobe Bryant,LAL,SG,38.3,25.2,5.5,5.5,80,0.945
2002,Greg Buckner,DAL,SG,20.1,5.8,1.1,3.9,44,0.537
2002,Rodney Buford,MEM,SG,28.1,9.4,1.1,4.3,63,0.527
2002,Elden Campbell,CHH,PF,28.0,13.9,1.3,6.9,77,0.789
2002,Anthony Carter,MIA,PG,22.8,4.3,4.7,2.5,46,0.504
2002,Vince Carter,TOR,SG,39.8,24.7,4.0,5.2,60,0.852
2002,Sam Cassell,MIL,PG,35.2,19.7,6.7,4.2,74,0.869
2002,Kelvin Cato,HOU,C,25.6,6.6,0.4,7.0,75,0.547
2002,Calbert Cheaney,DEN,SG,24.0,7.3,1.6,3.5,68,0.517
2002,Chris Childs,TOR,PG,22.8,4.1,5.1,2.2,69,0.5
2002,Doug Christie,SAC,SG,34.5,12.0,4.2,4.6,81,0.603
2002,Keon Clark,TOR,C,27.0,11.3,1.1,7.4,81,0.733
2002,Speedy Claxton,PHI,PG,22.8,7.2,3.0,2.4,67,0.553
2002,Derrick Coleman,PHI,PF,35.9,15.1,1.7,8.8,58,0.713
2002,Jarron Collins,UTA,C,20.6,6.4,0.8,4.2,70,0.553
2002,Michael Curry,DET,SG,23.3,4.0,1.5,2.0,82,0.322
2002,Erick Dampier,GSW,C,23.8,7.6,1.2,5.3,73,0.592
2002,Antonio Daniels,SAS,SG,26.5,9.2,2.8,2.1,82,0.532
2002,Antonio Davis,TOR,PF,38.7,14.5,2.0,9.6,77,0.674
2002,Baron Davis,CHH,PG,40.5,18.1,8.5,4.3,82,0.763
2002,Dale Davis,POR,C,31.4,9.5,1.2,8.8,78,0.621
2002,Hubert Davis,WAS,SG,24.1,7.2,2.1,1.5,51,0.448
2002,Ricky Davis,CLE,SF,23.8,11.7,2.2,3.0,82,0.71
2002,Tony Delk,2TM,SG,23.0,9.5,2.1,3.2,63,0.643
2002,Tony Delk,PHO,SG,21.4,10.6,2.0,3.0,41,0.729
2002,Vlade Divac,SAC,C,30.3,11.1,3.7,8.4,80,0.766
2002,Tim Duncan,SAS,PF,40.6,25.5,3.7,12.7,82,1.032
2002,LaPhonso Ellis,MIA,SF,25.5,7.1,0.8,4.3,66,0.478
2002,Michael Finley,DAL,SF,39.9,20.6,3.3,5.2,69,0.729
2002,Derek Fisher,LAL,PG,28.2,11.2,2.6,2.1,70,0.564
2002,Marcus Fizer,CHI,PF,25.8,12.3,1.6,5.6,76,0.756
2002,Danny Fortson,GSW,PF,28.8,11.2,1.6,11.7,77,0.851
2002,Jeff Foster,IND,C,21.8,5.7,0.9,6.8,82,0.615
2002,Rick Fox,LAL,SF,27.9,7.9,3.5,4.7,82,0.577
2002,Steve Francis,HOU,PG,41.1,21.6,6.4,7.0,57,0.852
2002,Kevin Garnett,MIN,PF,39.2,21.2,5.2,12.1,81,0.982
2002,Pat Garrity,ORL,PF,30.1,11.1,1.2,4.2,80,0.548
2002,Pau Gasol,MEM,PF,36.7,17.6,2.7,8.9,82,0.796
2002,Devean George,LAL,SF,21.5,7.1,1.4,3.7,82,0.567
2002,Kendall Gill,MIA,SG,21.7,5.7,1.5,2.8,65,0.461
2002,Dion Glover,ATL,SG,21.0,8.9,1.5,3.1,55,0.643
2002,Brian Grant,MIA,PF,31.3,9.3,1.9,8.0,72,0.613
2002,Horace Grant,ORL,C,29.1,8.0,1.4,6.3,76,0.54
2002,Adrian Griffin,DAL,SG,23.8,7.2,1.8,3.9,58,0.542
2002,Eddie Griffin,HOU,PF,26.0,8.8,0.7,5.7,73,0.585
2002,Tom Gugliotta,PHO,PF,25.7,6.5,1.8,5.0,44,0.518
2002,Richard Hamilton,WAS,SG,35.0,20.0,2.7,3.4,63,0.746
2002,Anfernee Hardaway,PHO,SG,30.8,12.0,4.1,4.4,80,0.666
2002,Tim Hardaway,2TM,PG,23.5,9.6,4.1,1.8,68,0.66
2002,Tim Hardaway,DAL,PG,23.6,9.6,3.7,1.8,54,0.64
2002,Matt Harpring,PHI,SF,31.4,11.8,1.3,7.1,81,0.643
2002,Al Harrington,IND,PF,29.8,13.1,1.2,6.3,44,0.691
2002,Lucious Harris,NJN,SG,21.0,9.1,1.6,2.8,74,0.643
2002,Othella Harrington,NYK,PF,20.3,7.7,0.5,4.5,77,0.626
2002,Trenton Hassell,CHI,SG,28.7,8.7,2.2,3.3,78,0.495
2002,Brendan Haywood,WAS,C,20.4,5.1,0.5,5.2,62,0.529
2002,Robert Horry,LAL,PF,26.4,6.8,2.9,5.9,81,0.591
2002,Allan Houston,NYK,SG,37.8,20.4,2.5,3.3,77,0.693
2002,Juwan Howard,2TM,PF,32.5,14.6,2.1,7.6,81,0.748
2002,Juwan Howard,DAL,PF,31.3,12.9,1.8,7.4,53,0.706
2002,Troy Hudson,ORL,PG,22.9,11.7,3.1,1.8,81,0.725
2002,Larry Hughes,GSW,SG,28.1,12.3,4.3,3.4,73,0.712
2002,Zydrunas Ilgauskas,CLE,C,21.4,11.1,1.1,5.4,62,0.822
2002,Allen Iverson,PHI,SG,43.7,31.4,5.5,4.5,60,0.947
2002,Bobby Jackson,SAC,PG,21.6,11.1,2.0,3.1,81,0.75
2002,Jim Jackson,MIA,SF,33.2,10.7,2.5,5.3,55,0.557
2002,Mark Jackson,NYK,PG,28.9,8.4,7.4,3.8,82,0.678
2002,Antawn Jamison,GSW,SF,37.0,19.7,2.0,6.8,82,0.77
2002,Richard Jefferson,NJN,SF,24.3,9.4,1.8,3.7,79,0.613
2002,Avery Johnson,DEN,PG,23.5,9.4,5.1,1.3,51,0.672
2002,DerMarr Johnson,ATL,SF,24.0,8.4,1.1,3.4,72,0.538
2002,Ervin Johnson,MIL,C,20.5,2.6,0.3,5.8,81,0.424
2002,Joe Johnson,2TM,SG,24.9,7.5,2.3,3.3,77,0.526
2002,Joe Johnson,BOS,SG,20.9,6.3,1.5,2.9,48,0.512
2002,Eddie Jones,MIA,SG,39.0,18.3,3.2,4.7,81,0.672
2002,Jumaine Jones,CLE,PF,26.4,8.3,1.4,6.0,81,0.595
2002,Popeye Jones,WAS,PF,24.3,7.0,1.6,7.3,79,0.654
2002,Michael Jordan,WAS,SF,34.9,22.9,5.2,5.7,60,0.968
2002,Jason Kidd,NJN,PG,37.3,14.7,9.9,7.3,82,0.855
2002,Andrei Kirilenko,UTA,SF,26.2,10.7,1.1,4.9,82,0.637
2002,Kerry Kittles,NJN,SG,31.7,13.4,2.6,3.4,82,0.612
2002,Brevin Knight,MEM,PG,21.7,7.0,5.7,2.1,53,0.682
2002,Toni Kukoč,ATL,SF,25.3,9.9,3.6,3.7,59,0.68
2002,Christian Laettner,WAS,PF,25.3,7.1,2.6,5.3,57,0.593
2002,Raef LaFrentz,2TM,C,31.5,13.5,1.1,7.4,78,0.698
2002,Raef LaFrentz,DEN,C,32.7,14.9,1.2,7.4,51,0.719
2002,Voshon Lenard,DEN,SG,23.5,11.5,1.8,2.6,71,0.677
2002,Rashard Lewis,SEA,SF,36.4,16.8,1.7,7.0,71,0.701
2002,Grant Long,MEM,PF,28.3,6.3,2.1,3.5,66,0.42
2002,Tyronn Lue,WAS,PG,20.5,7.8,3.5,1.7,71,0.634
2002,Todd MacCulloch,NJN,C,24.2,9.7,1.3,6.1,62,0.707
2002,Corey Maggette,LAC,SG,25.6,11.4,1.8,3.7,63,0.66
2002,Karl Malone,UTA,PF,38.0,22.4,4.3,8.6,80,0.929
2002,Stephon Marbury,PHO,PG,38.9,20.4,8.1,3.2,82,0.815
2002,Shawn Marion,PHO,SF,38.4,19.1,2.0,9.9,81,0.807
2002,Donyell Marshall,UTA,SF,30.2,14.8,1.7,7.6,58,0.798
2002,Kenyon Martin,NJN,PF,34.3,14.9,2.6,5.3,73,0.665
2002,Jamal Mashburn,CHH,SF,40.0,21.5,4.3,6.1,40,0.798
2002,Anthony Mason,MIL,PF,38.3,9.6,4.2,7.9,82,0.567
2002,Desmond Mason,SEA,SF,32.3,12.4,1.4,4.7,75,0.573
2002,George McCloud,DEN,SF,26.5,8.8,3.0,3.6,69,0.581
2002,Tracy McGrady,ORL,SG,38.3,25.6,5.3,7.9,76,1.013
2002,Jeff McInnis,LAC,PG,37.4,14.6,6.2,2.6,81,0.626
2002,Aaron McKie,PHI,SG,30.6,12.2,3.7,4.0,48,0.65
2002,Ron Mercer,2TM,SG,32.4,13.9,2.4,3.4,53,0.608
2002,Ron Mercer,CHI,SG,37.6,16.8,3.0,3.9,40,0.63
2002,Chris Mihm,CLE,C,22.4,7.7,0.3,5.3,74,0.594
2002,Darius Miles,LAC,SF,27.2,9.5,2.2,5.5,82,0.632
2002,Andre Miller,CLE,PG,37.3,16.5,10.9,4.7,81,0.861
2002,Brad Miller,2TM,C,29.8,13.6,2.0,8.2,76,0.799
2002,Brad Miller,CHI,C,29.0,12.7,2.1,8.4,48,0.8
2002,Mike Miller,ORL,SF,33.7,15.2,3.1,4.3,63,0.671
2002,Reggie Miller,IND,SG,36.6,16.5,3.2,2.8,79,0.615
2002,Cuttino Mobley,HOU,SG,42.1,21.7,2.5,4.1,74,0.672
2002,Nazr Mohammed,ATL,C,26.4,9.7,0.4,7.9,82,0.682
2002,Alonzo Mourning,MIA,C,32.7,15.7,1.2,8.4,75,0.774
2002,Lamond Murray,CLE,SF,32.6,16.6,2.2,5.2,71,0.736
2002,Dikembe Mutombo,PHI,C,36.3,11.5,1.0,10.8,80,0.642
2002,Lee Nailon,CHH,SF,24.2,10.8,1.2,3.7,79,0.649
2002,Eduardo Nájera,DAL,PF,21.9,6.5,0.6,5.5,62,0.575
2002,Steve Nash,DAL,PG,34.6,17.9,7.7,3.1,82,0.829
2002,Tyrone Nesby,WAS,SF,21.4,6.3,1.3,4.5,70,0.565
2002,Rasho Nesterović,MIN,C,27.0,8.4,0.9,6.5,82,0.585
2002,Ira Newble,ATL,SF,30.3,8.0,1.1,5.3,42,0.475
2002,Moochie Norris,HOU,PG,27.4,8.1,4.9,3.0,82,0.584
2002,Dirk Nowitzki,DAL,C,38.0,23.4,2.4,9.9,76,0.939
2002,Charles Oakley,CHI,PF,24.3,3.8,2.0,6.0,57,0.486
2002,Hakeem Olajuwon,TOR,C,22.6,7.1,1.1,6.0,61,0.628
2002,Kevin Ollie,2TM,PG,21.3,5.7,3.6,2.3,81,0.545
2002,Kevin Ollie,CHI,PG,22.0,5.8,3.7,2.5,52,0.545
2002,Michael Olowokandi,LAC,C,32.1,11.1,1.1,8.9,80,0.657
2002,Jermaine O'Neal,IND,PF,37.6,19.0,1.6,10.5,72,0.827
2002,Shaquille O'Neal,LAL,C,36.1,27.2,3.0,10.7,67,1.133
2002,Bo Outlaw,2TM,PF,23.2,4.5,1.5,4.4,83,0.448
2002,Bo Outlaw,PHO,PF,24.2,4.7,1.7,4.6,73,0.455
2002,Tony Parker,SAS,PG,29.4,9.2,4.3,2.6,77,0.548
2002,Ruben Patterson,POR,SF,23.5,11.2,1.4,4.0,75,0.706
2002,Gary Payton,SEA,PG,40.3,22.1,9.0,4.8,82,0.891
2002,Anthony Peeler,MIN,SG,25.1,9.0,2.2,2.5,82,0.546
2002,Wesley Person,CLE,SG,35.8,15.1,2.2,3.8,78,0.589
2002,Morris Peterson,TOR,SF,31.6,14.0,2.4,3.5,63,0.63
2002,Eric Piatkowski,LAC,SG,24.2,8.8,1.6,2.6,71,0.537
2002,Paul Pierce,BOS,SG,40.3,26.1,3.2,6.9,82,0.898
2002,Scottie Pippen,POR,SF,32.2,10.6,5.9,5.2,62,0.674
2002,Scot Pollard,SAC,C,23.5,6.4,0.7,7.1,80,0.604
2002,James Posey,DEN,SF,30.7,10.7,2.5,5.9,73,0.622
2002,Vladimir Radmanović,SEA,PF,20.2,6.7,1.3,3.8,61,0.584
2002,Michael Redd,MIL,SG,21.1,11.4,1.4,3.3,67,0.763
2002,Jason Richardson,GSW,SG,32.9,14.4,3.0,4.3,80,0.66
2002,Quentin Richardson,LAC,SG,26.6,13.3,1.6,4.1,81,0.714
2002,Clifford Robinson,DET,PF,35.7,14.6,2.5,4.8,80,0.613
2002,David Robinson,SAS,C,29.5,12.2,1.2,8.3,78,0.736
2002,Glenn Robinson,MIL,SF,35.5,20.7,2.5,6.2,66,0.828
2002,Rodney Rogers,2TM,SF,24.4,11.9,1.5,4.5,77,0.734
2002,Rodney Rogers,PHO,SF,25.1,12.6,1.4,4.8,50,0.749
2002,Jalen Rose,2TM,SF,38.0,20.4,4.3,4.5,83,0.768
2002,Jalen Rose,IND,SF,36.5,18.5,3.7,4.7,53,0.737
2002,Malik Rose,SAS,PF,21.0,9.4,0.7,6.0,82,0.767
2002,Bryon Russell,UTA,SG,30.3,9.6,2.1,4.5,66,0.535
2002,Joe Smith,MIN,C,26.7,10.7,1.1,6.3,72,0.678
2002,Steve Smith,SAS,SG,28.7,11.6,2.0,2.5,77,0.561
2002,Eric Snow,PHI,PG,36.5,12.1,6.6,3.5,61,0.608
2002,Latrell Sprewell,NYK,SF,41.1,19.4,3.9,3.7,81,0.657
2002,Jerry Stackhouse,DET,SF,35.3,21.4,5.3,4.1,76,0.873
2002,John Stockton,UTA,PG,31.3,13.4,8.2,3.2,82,0.792
2002,Peja Stojaković,SAC,SF,37.3,21.2,2.5,5.3,71,0.777
2002,Damon Stoudamire,POR,PG,37.3,13.5,6.5,3.9,75,0.641
2002,Erick Strickland,BOS,PG,20.8,7.7,2.3,2.7,79,0.611
2002,Rod Strickland,MIA,PG,30.2,10.4,6.1,3.1,76,0.649
2002,Bob Sura,GSW,PG,22.8,10.0,3.5,3.3,78,0.737
2002,Stromile Swift,MEM,PF,26.5,11.8,0.7,6.3,68,0.709
2002,Wally Szczerbiak,MIN,SF,38.0,18.7,3.1,4.8,82,0.7
2002,Jason Terry,ATL,SG,38.0,19.3,5.7,3.5,78,0.75
2002,Kenny Thomas,HOU,PF,34.5,14.1,1.9,7.2,72,0.672
2002,Kurt Thomas,NYK,C,33.8,13.9,1.1,9.1,82,0.713
2002,Tim Thomas,MIL,SF,26.9,11.7,1.4,4.1,74,0.639
2002,Jamaal Tinsley,IND,PG,30.5,9.4,8.1,3.7,80,0.695
2002,Jake Tsakalidis,PHO,C,23.6,7.3,0.3,5.6,67,0.559
2002,Hedo Türkoğlu,SAC,SF,24.6,10.1,2.0,4.5,80,0.675
2002,Nick Van Exel,2TM,SG,34.7,18.4,6.6,3.5,72,0.821
2002,Nick Van Exel,DEN,PG,38.6,21.4,8.1,3.8,45,0.863
2002,Keith Van Horn,NJN,SF,30.4,14.8,2.0,7.5,81,0.799
2002,Jacque Vaughn,ATL,PG,22.6,6.6,4.3,2.0,82,0.571
2002,Antoine Walker,BOS,PF,42.0,22.1,5.0,8.8,81,0.855
2002,Samaki Walker,LAL,PF,24.0,6.7,0.9,7.0,69,0.608
2002,Ben Wallace,DET,C,36.5,7.6,1.4,13.0,80,0.603
2002,Rasheed Wallace,POR,PF,37.5,19.3,1.9,8.2,79,0.784
2002,Clarence Weatherspoon,NYK,PF,30.9,8.8,1.1,8.2,56,0.586
2002,Chris Webber,SAC,PF,38.4,24.5,4.8,10.1,54,1.026
2002,Bonzi Wells,POR,SG,31.7,17.0,2.8,6.0,74,0.814
2002,David Wesley,CHH,SG,37.1,14.2,3.5,2.1,67,0.534
2002,Chris Whitney,WAS,PG,26.5,10.2,3.8,1.9,82,0.6
2002,Alvin Williams,TOR,PG,35.7,11.8,5.7,3.4,82,0.585
2002,Corliss Williamson,DET,SF,21.8,13.6,1.2,4.1,78,0.867
2002,Eric Williams,BOS,SF,23.6,6.4,1.5,3.0,74,0.462
2002,Jason Williams,MEM,PG,34.4,14.8,8.0,3.0,65,0.75
2002,Jerome Williams,TOR,PF,24.1,7.6,1.1,5.7,68,0.598
2002,Walt Williams,HOU,SF,23.3,9.4,1.4,3.4,48,0.609
2002,Lorenzen Wright,MEM,C,29.1,12.0,1.0,9.4,43,0.77
2001,Shareef Abdur-Rahim,VAN,SF,40.0,20.5,3.1,9.1,81,0.818
2001,Courtney Alexander,2TM,PG,21.3,9.5,1.0,2.2,65,0.596
2001,Ray Allen,MIL,SG,38.2,22.0,4.6,5.2,82,0.832
2001,John Amaechi,ORL,C,20.9,7.9,0.9,3.3,82,0.579
2001,Derek Anderson,SAS,SG,34.9,15.5,3.7,4.4,82,0.676
2001,Shandon Anderson,HOU,SG,29.2,8.7,2.3,4.1,82,0.517
2001,Darrell Armstrong,ORL,PG,36.9,15.9,7.0,4.6,75,0.745
2001,Metta World Peace,CHI,SF,31.1,11.9,3.0,3.9,76,0.605
2001,Chucky Atkins,DET,PG,29.2,12.0,4.1,2.1,81,0.623
2001,Vin Baker,SEA,PF,28.0,12.2,1.2,5.7,76,0.682
2001,Brent Barry,SEA,SG,26.5,8.8,3.4,3.1,67,0.577
2001,Tony Battie,BOS,C,21.1,6.5,0.4,5.8,40,0.602
2001,Travis Best,IND,PG,31.9,11.9,6.1,2.9,77,0.655
2001,Mike Bibby,VAN,PG,38.9,15.9,8.4,3.7,82,0.72
2001,Chauncey Billups,MIN,SG,23.2,9.3,3.4,2.1,77,0.638
2001,Mookie Blaylock,GSW,PG,34.1,11.0,6.7,3.9,69,0.633
2001,Bruce Bowen,MIA,SF,32.7,7.6,1.6,3.0,82,0.373
2001,Shawn Bradley,DAL,C,24.4,7.1,0.5,7.4,82,0.615
2001,Elton Brand,CHI,PF,39.3,20.1,3.2,10.1,74,0.85
2001,Terrell Brandon,MIN,PG,36.2,16.0,7.5,3.8,78,0.754
2001,P.J. Brown,CHH,C,35.1,8.5,1.6,9.3,80,0.553
2001,Randy Brown,BOS,PG,22.9,4.1,2.9,1.8,54,0.384
2001,Kobe Bryant,LAL,SG,40.9,28.5,5.0,5.9,68,0.963
2001,Jason Caffey,MIL,PF,20.9,7.1,0.8,5.0,70,0.617
2001,Marcus Camby,NYK,C,33.8,12.0,0.8,11.5,63,0.719
2001,Elden Campbell,CHH,PF,30.0,13.1,1.3,7.8,78,0.74
2001,Anthony Carter,MIA,PG,22.6,6.4,3.7,2.5,72,0.558
2001,Vince Carter,TOR,SF,39.7,27.6,3.9,5.5,75,0.932
2001,Sam Cassell,MIL,PG,35.6,18.2,7.6,3.8,76,0.831
2001,Chris Childs,2TM,PG,24.1,4.7,4.6,2.6,77,0.494
2001,Chris Childs,NYK,PG,25.7,4.8,4.6,2.7,51,0.471
2001,Doug Christie,SAC,SG,36.3,12.3,3.6,4.4,81,0.559
2001,Keon Clark,2TM,PF,21.2,7.9,0.9,5.4,81,0.67
2001,Keon Clark,TOR,PF,21.0,9.0,0.8,5.4,46,0.724
2001,Austin Croshere,IND,PF,23.1,10.1,1.1,4.8,81,0.693
2001,Vonteego Cummings,GSW,PG,22.7,7.3,3.4,2.1,66,0.564
2001,Michael Curry,DET,SG,21.8,5.2,1.9,1.8,68,0.408
2001,Erick Dampier,GSW,C,24.1,7.4,1.4,5.8,43,0.606
2001,Antonio Daniels,SAS,PG,26.1,9.4,3.8,2.1,79,0.586
2001,Antonio Davis,TOR,C,35.0,13.7,1.4,10.1,78,0.72
2001,Baron Davis,CHH,PG,38.9,13.8,7.3,5.0,82,0.671
2001,Dale Davis,POR,C,26.7,7.2,1.3,7.5,81,0.599
2001,Emanual Davis,SEA,SG,20.8,5.8,2.2,2.5,62,0.505
2001,Hubert Davis,2TM,PG,25.6,7.9,1.7,2.1,66,0.457
2001,Hubert Davis,DAL,PG,24.7,7.3,1.2,2.1,51,0.429
2001,Tony Delk,PHO,SG,27.9,12.3,2.0,3.2,82,0.627
2001,Michael Dickerson,VAN,SG,37.4,16.3,3.3,3.3,70,0.612
2001,Vlade Divac,SAC,C,29.9,12.0,2.9,8.3,81,0.776
2001,Bryce Drew,CHI,PG,27.2,6.3,3.9,1.4,48,0.426
2001,Tim Duncan,SAS,PF,38.7,22.2,3.0,12.2,82,0.966
2001,Howard Eisley,DAL,SG,29.6,9.0,3.6,2.4,82,0.507
2001,Mario Elie,PHO,SG,22.1,4.4,1.9,2.3,68,0.389
2001,Sean Elliott,SAS,SF,23.6,7.9,1.6,3.3,52,0.542
2001,LaPhonso Ellis,MIN,PF,23.8,9.4,1.1,6.0,82,0.693
2001,Patrick Ewing,SEA,C,26.7,9.6,1.2,7.4,79,0.682
2001,Danny Ferry,SAS,SF,21.1,5.6,0.9,2.8,80,0.441
2001,Michael Finley,DAL,SF,42.0,21.5,4.4,5.2,82,0.74
2001,Marcus Fizer,CHI,PF,21.9,9.5,1.1,4.3,72,0.68
2001,Rick Fox,LAL,SF,27.9,9.6,3.2,4.0,82,0.602
2001,Adonal Foyle,GSW,C,25.1,5.9,0.8,7.0,58,0.546
2001,Steve Francis,HOU,PG,39.9,19.9,6.5,6.9,80,0.835
2001,Kevin Garnett,MIN,PF,39.5,22.0,5.0,11.4,81,0.972
2001,Pat Garrity,ORL,SF,20.8,8.3,0.7,2.8,76,0.567
2001,Chris Gatling,CLE,PF,22.6,11.4,0.8,5.3,74,0.774
2001,Brian Grant,MIA,C,33.8,15.2,1.2,8.8,82,0.746
2001,Horace Grant,LAL,PF,31.0,8.5,1.6,7.1,77,0.555
2001,Tom Gugliotta,PHO,PF,20.3,6.4,1.0,4.5,57,0.586
2001,Richard Hamilton,WAS,SF,32.3,18.1,2.9,3.1,78,0.746
2001,Tim Hardaway,MIA,PG,33.9,14.9,6.3,2.6,77,0.702
2001,Ron Harper,LAL,PG,24.2,6.5,2.4,3.5,47,0.512
2001,Matt Harpring,CLE,SG,28.8,11.1,1.8,4.3,56,0.597
2001,Al Harrington,IND,PF,24.3,7.5,1.7,4.9,78,0.58
2001,Lucious Harris,NJN,SG,28.4,9.4,1.8,3.9,73,0.532
2001,Othella Harrington,2TM,C,24.5,9.0,0.8,5.2,74,0.612
2001,Othella Harrington,VAN,C,28.8,10.9,0.8,6.6,44,0.635
2001,Alan Henderson,ATL,PF,24.8,10.5,0.7,5.6,73,0.677
2001,Tyrone Hill,PHI,PF,31.1,9.6,0.6,9.0,76,0.617
2001,Fred Hoiberg,CHI,SG,30.4,9.1,3.6,4.2,74,0.556
2001,Robert Horry,LAL,PF,20.1,5.2,1.6,3.7,79,0.522
2001,Allan Houston,NYK,SG,36.6,18.7,2.2,3.6,78,0.669
2001,Juwan Howard,2TM,PF,36.7,18.0,2.8,7.1,81,0.76
2001,Juwan Howard,WAS,PF,36.7,18.2,2.9,7.0,54,0.766
2001,Larry Hughes,GSW,SG,36.9,16.5,4.5,5.5,50,0.718
2001,Lindsey Hunter,MIL,PG,24.4,10.1,2.7,2.1,82,0.611
2001,Allen Iverson,PHI,SG,42.0,31.1,4.6,3.8,71,0.94
2001,Bobby Jackson,SAC,PG,20.9,7.2,2.0,3.1,79,0.589
2001,Jim Jackson,2TM,SF,30.2,11.5,2.9,4.0,56,0.609
2001,Mark Jackson,2TM,PG,31.2,7.6,8.0,3.7,83,0.619
2001,Mark Jackson,TOR,PG,33.4,8.5,9.2,3.4,54,0.632
2001,Marc Jackson,GSW,C,29.4,13.2,1.2,7.5,48,0.745
2001,Stephen Jackson,NJN,SF,21.6,8.2,1.8,2.7,77,0.588
2001,Antawn Jamison,GSW,SF,41.4,24.9,2.0,8.7,82,0.86
2001,Avery Johnson,SAS,PG,23.5,5.6,4.3,1.5,55,0.485
2001,Ervin Johnson,MIL,C,24.2,3.2,0.5,7.5,82,0.463
2001,Larry Johnson,NYK,PF,32.4,9.9,2.0,5.6,65,0.54
2001,Eddie Jones,MIA,SG,36.2,17.4,2.7,4.6,63,0.682
2001,Jason Kidd,PHO,PG,39.8,16.9,9.8,6.4,77,0.832
2001,Brevin Knight,2TM,PG,27.5,6.3,5.9,3.2,53,0.56
2001,Brevin Knight,ATL,PG,29.0,6.9,6.1,3.4,47,0.566
2001,Toni Kukoč,2TM,SF,24.6,11.1,3.1,4.0,65,0.74
2001,Toni Kukoč,PHI,SF,20.4,8.0,1.9,3.4,48,0.652
2001,Christian Laettner,2TM,C,21.3,9.3,1.6,4.7,78,0.732
2001,Raef LaFrentz,DEN,C,31.5,12.9,1.4,7.8,78,0.702
2001,Voshon Lenard,DEN,SG,29.1,12.2,2.4,2.9,80,0.601
2001,Rashard Lewis,SEA,PF,34.9,14.8,1.6,6.9,78,0.668
2001,Grant Long,VAN,PF,22.8,6.0,1.3,4.2,66,0.504
2001,Felipe López,2TM,PG,22.4,7.9,1.5,3.3,70,0.567
2001,Felipe López,WAS,SG,23.6,8.1,1.6,3.4,47,0.555
2001,George Lynch,PHI,SF,32.3,8.4,1.7,7.2,82,0.536
2001,Dan Majerle,MIA,SG,24.6,5.0,1.7,3.1,53,0.398
2001,Karl Malone,UTA,PF,35.7,23.2,4.5,8.3,81,1.008
2001,Matt Maloney,ATL,PG,25.5,6.7,2.8,2.1,55,0.455
2001,Stephon Marbury,NJN,PG,38.2,23.9,7.6,3.1,67,0.906
2001,Shawn Marion,PHO,SF,36.2,17.3,2.0,10.7,79,0.829
2001,Donyell Marshall,UTA,SF,28.7,13.6,1.6,7.0,81,0.774
2001,Kenyon Martin,NJN,PF,33.4,12.0,1.9,7.4,68,0.638
2001,Jamal Mashburn,CHH,SF,39.3,20.1,5.4,7.6,76,0.842
2001,Anthony Mason,MIA,PF,40.7,16.1,3.1,9.6,80,0.708
2001,George McCloud,DEN,SF,26.4,9.6,3.7,2.9,76,0.614
2001,Antonio McDyess,DEN,PF,36.5,20.8,2.1,12.1,70,0.959
2001,Tracy McGrady,ORL,SG,40.1,26.8,4.6,7.5,77,0.97
2001,Jeff McInnis,LAC,PG,35.0,12.9,5.5,2.7,81,0.603
2001,Aaron McKie,PHI,SG,31.5,11.6,5.0,4.1,76,0.657
2001,Ron Mercer,CHI,SG,41.6,19.7,3.3,3.9,61,0.647
2001,Darius Miles,LAC,SF,26.3,9.4,1.2,5.9,81,0.627
2001,Andre Miller,CLE,PG,34.7,15.8,8.0,4.4,82,0.813
2001,Brad Miller,CHI,C,25.2,8.9,1.9,7.4,57,0.722
2001,Mike Miller,ORL,SF,29.1,11.9,1.7,4.0,82,0.605
2001,Reggie Miller,IND,SG,39.3,18.9,3.2,3.5,81,0.651
2001,Cuttino Mobley,HOU,SG,38.0,19.5,2.5,5.0,79,0.711
2001,Lamond Murray,CLE,SF,28.5,12.8,1.6,4.4,78,0.66
2001,Dikembe Mutombo,2TM,C,34.5,10.0,1.0,13.5,75,0.71
2001,Dikembe Mutombo,ATL,C,35.0,9.1,1.1,14.1,49,0.694
2001,Steve Nash,DAL,PG,34.1,15.6,7.3,3.2,70,0.765
2001,Tyrone Nesby,2TM,SG,25.1,8.3,1.2,2.8,62,0.49
2001,Tyrone Nesby,WAS,SF,25.5,8.4,1.4,2.7,48,0.49
2001,Johnny Newman,NJN,SG,25.0,10.9,1.4,2.1,82,0.576
2001,Moochie Norris,HOU,PG,20.2,6.6,3.5,2.4,82,0.619
2001,Dirk Nowitzki,DAL,PF,38.1,21.8,2.1,9.2,82,0.869
2001,Charles Oakley,TOR,PF,35.5,9.6,3.4,9.5,78,0.634
2001,Lamar Odom,LAC,PF,37.3,17.2,5.2,7.8,76,0.81
2001,Hakeem Olajuwon,HOU,C,26.6,11.9,1.2,7.4,58,0.771
2001,Michael Olowokandi,LAC,C,25.9,8.5,0.6,6.4,82,0.598
2001,Jermaine O'Neal,IND,C,32.6,12.9,1.2,9.8,81,0.733
2001,Shaquille O'Neal,LAL,C,39.5,28.7,3.7,12.7,74,1.142
2001,Bo Outlaw,ORL,PF,31.7,7.3,2.8,7.7,80,0.562
2001,Ruben Patterson,SEA,SF,27.1,13.0,2.1,5.0,76,0.742
2001,Gary Payton,SEA,PG,41.1,23.1,8.1,4.6,79,0.871
2001,Anthony Peeler,MIN,SG,28.3,10.5,2.6,2.6,75,0.555
2001,Wesley Person,CLE,SG,21.8,7.1,1.5,3.0,44,0.532
2001,Morris Peterson,TOR,SG,22.6,9.3,1.3,3.2,80,0.611
2001,Eric Piatkowski,LAC,SG,26.5,10.6,1.2,3.0,81,0.558
2001,Paul Pierce,BOS,SF,38.0,25.3,3.1,6.4,82,0.916
2001,Scottie Pippen,POR,SF,33.3,11.3,4.6,5.2,64,0.634
2001,Scot Pollard,SAC,C,21.5,6.5,0.6,6.0,77,0.609
2001,Olden Polynice,UTA,C,20.0,5.3,0.4,4.7,81,0.52
2001,Chris Porter,GSW,SF,22.5,8.6,1.2,3.7,51,0.6
2001,Terry Porter,SAS,PG,21.0,7.2,3.1,2.5,80,0.61
2001,James Posey,DEN,SF,27.5,8.1,2.0,5.3,82,0.56
2001,Vitaly Potapenko,BOS,C,23.2,7.5,0.8,6.0,82,0.616
2001,Theo Ratliff,PHI,C,36.0,12.4,1.2,8.3,50,0.608
2001,Bryant Reeves,VAN,C,24.4,8.3,1.1,6.0,75,0.631
2001,Glen Rice,NYK,SF,29.5,12.0,1.2,4.1,75,0.586
2001,Clifford Robinson,PHO,PF,33.5,16.4,2.9,4.1,82,0.699
2001,David Robinson,SAS,C,29.6,14.4,1.5,8.6,80,0.828
2001,Glenn Robinson,MIL,SF,37.0,22.0,3.3,6.9,76,0.87
2001,Rodney Rogers,PHO,SF,26.6,12.2,2.2,4.4,82,0.707
2001,Jalen Rose,IND,SF,40.9,20.5,6.0,5.0,72,0.77
2001,Malik Rose,SAS,PF,21.4,7.7,0.8,5.4,57,0.65
2001,Bryon Russell,UTA,SF,31.7,12.0,2.1,4.2,78,0.577
2001,Arvydas Sabonis,POR,C,21.3,10.1,1.5,5.4,61,0.798
2001,Brian Shaw,LAL,SG,22.9,5.3,3.2,3.8,80,0.537
2001,Joe Smith,DET,PF,28.1,12.3,1.1,7.1,69,0.73
2001,Michael Smith,WAS,PF,20.4,3.8,1.3,7.1,79,0.598
2001,Steve Smith,POR,SG,31.4,13.6,2.6,3.4,81,0.624
2001,Eric Snow,PHI,PG,34.8,9.8,7.4,3.3,50,0.589
2001,Latrell Sprewell,NYK,SF,39.2,17.7,3.5,4.5,77,0.656
2001,Jerry Stackhouse,DET,SG,40.2,29.8,5.1,3.9,80,0.965
2001,John Starks,UTA,SG,28.3,9.3,2.4,2.1,75,0.488
2001,Bryant Stith,BOS,SG,32.1,9.7,2.2,3.6,78,0.483
2001,John Stockton,UTA,PG,29.2,11.5,8.7,2.8,82,0.788
2001,Peja Stojaković,SAC,SF,38.7,20.4,2.2,5.8,75,0.734
2001,Damon Stoudamire,POR,PG,32.4,13.0,5.7,3.7,82,0.691
2001,Rod Strickland,2TM,PG,25.4,9.2,5.6,2.6,54,0.685
2001,Bob Sura,GSW,SG,31.8,11.1,4.6,4.3,53,0.629
2001,Wally Szczerbiak,MIN,SF,34.8,14.0,3.2,5.5,82,0.652
2001,Maurice Taylor,HOU,SF,28.6,13.0,1.5,5.5,69,0.699
2001,Jason Terry,ATL,SG,37.7,19.7,4.9,3.3,82,0.74
2001,Kenny Thomas,HOU,PF,24.6,7.1,1.0,5.6,74,0.557
2001,Kurt Thomas,NYK,PF,27.6,10.4,0.8,6.7,77,0.649
2001,Tim Thomas,MIL,PF,27.4,12.6,1.8,4.1,76,0.675
2001,Nick Van Exel,DEN,PG,37.9,17.7,8.5,3.4,71,0.781
2001,Keith Van Horn,NJN,SF,35.4,17.0,1.7,7.1,49,0.729
2001,Antoine Walker,BOS,PF,41.9,23.4,5.5,8.9,81,0.902
2001,Ben Wallace,DET,C,34.5,6.4,1.5,13.2,80,0.612
2001,Rasheed Wallace,POR,PF,38.2,19.2,2.8,7.8,77,0.78
2001,Charlie Ward,NYK,PG,24.5,7.1,4.5,2.6,61,0.58
2001,Clarence Weatherspoon,CLE,PF,33.8,11.3,1.3,9.7,82,0.66
2001,Chris Webber,SAC,PF,40.5,27.1,4.2,11.1,70,1.047
2001,Bonzi Wells,POR,SF,26.6,12.7,2.8,4.9,75,0.767
2001,David Wesley,CHH,SG,37.9,17.2,4.4,2.7,82,0.641
2001,Jahidi White,WAS,C,23.7,8.6,0.3,7.7,68,0.7
2001,Chris Whitney,WAS,PG,26.0,9.5,4.2,1.8,59,0.596
2001,Aaron Williams,NJN,PF,28.5,10.2,1.1,7.2,82,0.649
2001,Alvin Williams,TOR,SG,29.2,9.8,5.0,2.6,82,0.596
2001,Corliss Williamson,2TM,SF,24.4,11.6,0.9,4.7,69,0.705
2001,Corliss Williamson,TOR,SF,21.1,9.3,0.8,3.6,42,0.649
2001,Eric Williams,BOS,SF,21.5,6.6,1.4,2.6,81,0.493
2001,Jason Williams,SAC,PG,29.7,9.4,5.4,2.4,77,0.579
2001,Jerome Williams,2TM,PF,20.0,6.3,0.8,6.5,59,0.68
2001,Kevin Willis,2TM,C,23.5,9.3,0.6,6.8,78,0.711
2001,Kevin Willis,DEN,C,24.6,9.6,0.7,7.2,43,0.711
2001,Walt Williams,HOU,SF,22.0,8.3,1.3,3.4,72,0.591
2001,Lorenzen Wright,ATL,C,28.0,12.4,1.2,7.5,71,0.754
2000,Tariq Abdul-Wahad,2TM,SG,25.9,11.4,1.6,4.8,61,0.687
2000,Tariq Abdul-Wahad,ORL,SG,26.2,12.2,1.6,5.2,46,0.725
2000,Shareef Abdur-Rahim,VAN,SF,39.3,20.3,3.3,10.1,82,0.858
2000,Ray Allen,MIL,SG,37.4,22.1,3.8,4.4,82,0.81
2000,John Amaechi,ORL,C,21.1,10.5,1.2,3.3,80,0.711
2000,Derek Anderson,LAC,SG,34.4,16.9,3.4,4.0,64,0.706
2000,Kenny Anderson,BOS,PG,31.6,14.0,5.1,2.7,82,0.69
2000,Nick Anderson,SAC,SG,29.1,10.8,1.7,4.7,72,0.591
2000,Shandon Anderson,HOU,SF,32.9,12.3,2.9,4.7,82,0.605
2000,Darrell Armstrong,ORL,PG,31.6,16.2,6.1,3.3,82,0.81
2000,Metta World Peace,CHI,SF,31.1,12.0,2.8,4.3,72,0.614
2000,Vin Baker,SEA,C,36.1,16.6,1.9,7.7,79,0.726
2000,Brent Barry,SEA,SG,34.1,11.8,3.6,4.7,80,0.589
2000,Jon Barry,SAC,SG,20.7,8.0,2.4,2.6,62,0.628
2000,Travis Best,IND,PG,20.6,8.9,3.3,1.7,82,0.675
2000,Mike Bibby,VAN,PG,38.5,14.5,8.1,3.7,82,0.683
2000,Mookie Blaylock,GSW,PG,33.7,11.3,6.7,3.7,73,0.644
2000,Muggsy Bogues,TOR,PG,21.6,5.1,3.7,1.7,80,0.486
2000,Shawn Bradley,DAL,C,24.7,8.4,0.8,6.5,77,0.636
2000,Elton Brand,CHI,PF,37.0,20.1,1.9,10.0,81,0.865
2000,Terrell Brandon,MIN,PG,36.4,17.1,8.9,3.4,71,0.808
2000,P.J. Brown,MIA,PF,28.8,9.6,1.8,7.5,80,0.656
2000,Randy Brown,CHI,PG,27.5,6.4,3.4,2.4,59,0.444
2000,Kobe Bryant,LAL,SG,38.2,22.5,4.9,6.3,66,0.882
2000,Mark Bryant,CLE,PF,22.8,5.7,0.8,4.7,75,0.491
2000,Jason Caffey,GSW,PF,30.4,12.0,1.7,6.8,71,0.674
2000,Marcus Camby,NYK,C,26.2,10.2,0.8,7.8,59,0.718
2000,Elden Campbell,CHH,C,32.5,12.7,1.7,7.6,78,0.677
2000,Chris Carr,2TM,SF,20.5,9.3,1.5,3.0,57,0.673
2000,Chris Carr,CHI,SF,21.8,9.8,1.6,3.2,50,0.67
2000,Anthony Carter,MIA,PG,23.5,6.3,4.8,2.5,79,0.579
2000,Vince Carter,TOR,SF,38.1,25.7,3.9,5.8,82,0.929
2000,Sam Cassell,MIL,PG,35.8,18.6,9.0,3.7,81,0.874
2000,Kelvin Cato,HOU,C,24.3,8.7,0.4,6.0,65,0.621
2000,Cedric Ceballos,DAL,SF,29.9,16.6,1.3,6.7,69,0.823
2000,Chris Childs,NYK,PG,23.6,5.3,4.0,2.1,71,0.483
2000,Doug Christie,TOR,SG,31.0,12.4,4.4,3.9,73,0.668
2000,Keon Clark,DEN,C,22.8,8.6,0.9,6.2,81,0.689
2000,Derrick Coleman,CHH,PF,31.7,16.7,2.4,8.5,74,0.871
2000,Bimbo Coles,ATL,PG,24.1,8.1,3.6,2.2,80,0.577
2000,Austin Croshere,IND,PF,23.3,10.3,1.1,6.4,81,0.764
2000,Vonteego Cummings,GSW,PG,23.9,9.4,3.3,2.5,75,0.636
2000,Antonio Davis,TOR,C,31.4,11.5,1.3,8.8,79,0.688
2000,Dale Davis,IND,C,28.7,10.0,0.9,9.9,74,0.725
2000,Hubert Davis,DAL,PG,23.0,7.4,1.8,1.7,79,0.474
2000,Andrew DeClercq,CLE,C,22.3,6.6,0.7,5.4,82,0.57
2000,Michael Dickerson,VAN,SG,37.8,18.2,2.5,3.4,82,0.638
2000,Vlade Divac,SAC,C,29.0,12.3,3.0,8.0,82,0.803
2000,Tim Duncan,SAS,PF,38.9,23.2,3.2,12.4,74,0.997
2000,Howard Eisley,UTA,PG,25.6,8.6,4.2,2.1,82,0.582
2000,Mario Elie,SAS,SF,28.1,7.5,2.4,3.2,79,0.466
2000,LaPhonso Ellis,ATL,PF,22.6,8.4,1.0,5.0,58,0.637
2000,Patrick Ewing,NYK,C,32.8,15.0,0.9,9.7,62,0.78
2000,Jamie Feick,NJN,C,27.7,5.7,0.8,9.3,81,0.57
2000,Danny Ferry,CLE,PF,21.0,7.3,1.1,3.8,63,0.581
2000,Michael Finley,DAL,SF,42.2,22.6,5.3,6.3,82,0.81
2000,Derek Fisher,LAL,PG,23.1,6.3,2.8,1.8,78,0.472
2000,Adonal Foyle,GSW,C,21.8,5.5,0.6,5.6,76,0.537
2000,Steve Francis,HOU,PG,36.1,18.0,6.6,5.3,77,0.828
2000,Kevin Garnett,MIN,PF,40.0,22.9,5.0,11.8,81,0.992
2000,Chris Gatling,2TM,PF,21.3,11.9,0.8,5.9,85,0.873
2000,Chris Gatling,ORL,PF,23.1,13.3,0.9,6.6,45,0.9
2000,Matt Geiger,PHI,C,21.6,9.7,0.6,6.0,65,0.755
2000,Kendall Gill,NJN,SF,31.0,13.1,2.8,3.7,76,0.632
2000,Brian Grant,POR,PF,21.0,7.3,1.0,5.5,63,0.657
2000,Horace Grant,SEA,PF,35.4,8.1,2.5,7.8,76,0.52
2000,A.C. Green,LAL,PF,23.5,5.0,1.0,5.9,82,0.506
2000,Adrian Griffin,BOS,SG,26.8,6.7,2.5,5.2,72,0.537
2000,Tom Gugliotta,PHO,PF,32.7,13.7,2.3,7.9,54,0.731
2000,Anfernee Hardaway,PHO,SG,37.6,16.9,5.3,5.8,60,0.745
2000,Tim Hardaway,MIA,PG,32.2,13.4,7.4,2.9,52,0.736
2000,Ron Harper,LAL,PG,25.5,7.0,3.4,4.2,80,0.573
2000,Othella Harrington,VAN,PF,32.6,13.1,1.2,6.9,82,0.65
2000,Hersey Hawkins,CHI,SG,26.6,7.9,2.2,2.9,61,0.489
2000,Alan Henderson,ATL,PF,33.8,13.2,0.9,7.0,82,0.624
2000,Grant Hill,DET,SF,37.5,25.8,5.2,6.6,74,1.003
2000,Tyrone Hill,PHI,PF,31.7,12.0,0.8,9.2,68,0.694
2000,Jeff Hornacek,UTA,SG,27.7,12.4,2.6,2.4,77,0.628
2000,Robert Horry,LAL,PF,22.2,5.7,1.6,4.8,76,0.545
2000,Allan Houston,NYK,SG,38.6,19.7,2.7,3.3,82,0.666
2000,Juwan Howard,WAS,PF,35.5,14.9,3.0,5.7,82,0.665
2000,Troy Hudson,LAC,PG,25.7,8.8,3.9,2.4,62,0.588
2000,Larry Hughes,2TM,SG,28.3,15.0,2.5,4.3,82,0.77
2000,Larry Hughes,PHI,SG,20.4,10.0,1.5,3.2,50,0.721
2000,Lindsey Hunter,DET,PG,35.6,12.7,4.0,3.0,82,0.553
2000,Allen Iverson,PHI,SG,40.8,28.4,4.7,3.8,70,0.904
2000,Jaren Jackson,SAS,SG,20.9,6.3,1.5,2.2,81,0.478
2000,Jim Jackson,ATL,SF,35.0,16.7,2.9,5.0,79,0.703
2000,Mark Jackson,IND,PG,27.0,8.1,8.0,3.7,81,0.733
2000,Antawn Jamison,GSW,SF,36.2,19.6,2.1,8.3,43,0.829
2000,Avery Johnson,SAS,PG,31.4,11.2,6.0,1.9,82,0.608
2000,Ervin Johnson,MIL,C,26.6,4.8,0.6,8.1,80,0.508
2000,Larry Johnson,NYK,PF,32.6,10.7,2.5,5.4,70,0.571
2000,Eddie Jones,CHH,SG,39.0,20.1,4.2,4.8,72,0.746
2000,Shawn Kemp,CLE,C,30.4,17.8,1.7,8.8,82,0.931
2000,Jason Kidd,PHO,PG,39.0,14.3,10.1,7.2,67,0.81
2000,Kerry Kittles,NJN,SG,30.6,13.0,2.3,3.6,62,0.618
2000,Brevin Knight,CLE,PG,27.0,9.3,7.0,3.0,65,0.715
2000,Toni Kukoč,2TM,SF,31.9,14.8,4.7,4.9,56,0.765
2000,Christian Laettner,DET,C,29.8,12.2,2.3,6.7,82,0.711
2000,Raef LaFrentz,DEN,C,30.1,12.4,1.2,7.9,81,0.714
2000,Voshon Lenard,MIA,SG,27.1,11.9,2.6,2.9,53,0.642
2000,Grant Long,VAN,PF,21.9,4.8,1.0,5.6,42,0.521
2000,George Lynch,PHI,SF,32.2,9.6,1.8,7.8,75,0.596
2000,Dan Majerle,MIA,SG,33.4,7.3,3.0,4.8,69,0.452
2000,Karl Malone,UTA,PF,35.9,25.5,3.7,9.5,82,1.078
2000,Matt Maloney,CHI,PG,23.0,6.4,2.7,1.3,51,0.452
2000,Stephon Marbury,NJN,PG,38.9,22.2,8.4,3.2,74,0.869
2000,Shawn Marion,PHO,SF,24.7,10.2,1.4,6.5,51,0.733
2000,Donyell Marshall,GSW,PF,32.4,14.2,2.6,10.0,64,0.827
2000,Jamal Mashburn,MIA,SF,37.2,17.5,3.9,5.0,76,0.71
2000,Anthony Mason,CHH,SF,38.2,11.6,4.5,8.5,82,0.644
2000,Vernon Maxwell,SEA,SG,21.0,10.9,1.6,1.7,47,0.676
2000,George McCloud,DEN,SF,27.2,10.1,3.2,3.7,78,0.625
2000,Antonio McDyess,DEN,PF,33.3,19.1,2.0,8.5,81,0.889
2000,Tracy McGrady,TOR,SF,31.2,15.4,3.3,6.3,79,0.801
2000,Aaron McKie,PHI,SG,23.8,8.0,2.9,3.0,82,0.584
2000,Ron Mercer,2TM,SG,35.0,16.9,2.3,3.7,68,0.654
2000,Andre Miller,CLE,PG,25.5,11.1,5.8,3.4,82,0.796
2000,Oliver Miller,PHO,C,21.3,6.3,1.3,5.1,51,0.596
2000,Reggie Miller,IND,SG,36.9,18.1,2.3,3.0,81,0.634
2000,Terry Mills,DET,PF,22.5,6.7,1.0,4.8,82,0.556
2000,Cuttino Mobley,HOU,SG,30.8,15.8,2.6,3.6,81,0.714
2000,Alonzo Mourning,MIA,C,34.8,21.7,1.6,9.5,79,0.943
2000,Lamond Murray,CLE,SF,32.0,15.9,1.8,5.7,74,0.731
2000,Tracy Murray,WAS,SF,22.9,10.2,0.9,3.4,80,0.633
2000,Dikembe Mutombo,ATL,C,36.4,11.5,1.3,14.1,82,0.739
2000,Steve Nash,DAL,PG,27.4,8.6,4.9,2.2,56,0.573
2000,Tyrone Nesby,LAC,SG,31.7,13.3,1.7,3.8,73,0.593
2000,Rasho Nesterović,MIN,C,21.0,5.7,1.1,4.6,82,0.543
2000,Johnny Newman,NJN,SF,21.5,10.0,0.8,1.9,82,0.591
2000,Dirk Nowitzki,DAL,PF,35.8,17.5,2.5,6.5,82,0.74
2000,Charles Oakley,TOR,PF,30.4,6.9,3.2,6.8,80,0.556
2000,Lamar Odom,LAC,SF,36.4,16.6,4.2,7.8,76,0.786
2000,Hakeem Olajuwon,HOU,C,23.8,10.3,1.4,6.2,44,0.752
2000,Michael Olowokandi,LAC,C,31.2,9.8,0.5,8.2,80,0.593
2000,Shaquille O'Neal,LAL,C,40.0,29.7,3.8,13.6,79,1.178
2000,Bo Outlaw,ORL,PF,28.4,6.0,3.0,6.4,82,0.542
2000,Billy Owens,2TM,SF,21.0,6.0,1.6,4.9,62,0.595
2000,Billy Owens,PHI,PF,20.0,5.9,1.3,4.2,46,0.57
2000,Ruben Patterson,SEA,SF,25.9,11.6,1.6,5.4,81,0.718
2000,Gary Payton,SEA,PG,41.8,24.2,8.9,6.5,82,0.947
2000,Anthony Peeler,MIN,SG,25.3,9.8,2.4,2.8,82,0.593
2000,Sam Perkins,IND,PF,20.0,6.6,0.8,3.6,81,0.55
2000,Wesley Person,CLE,SG,26.0,9.2,1.8,3.4,79,0.554
2000,Eric Piatkowski,LAC,SF,22.8,8.7,1.1,3.0,75,0.561
2000,Paul Pierce,BOS,SF,35.4,19.5,3.0,5.4,73,0.788
2000,Scottie Pippen,POR,SF,33.5,12.5,5.0,6.3,82,0.71
2000,Olden Polynice,UTA,C,22.2,5.3,0.5,5.5,82,0.509
2000,Terry Porter,SAS,PG,23.7,9.4,3.3,2.8,68,0.654
2000,James Posey,DEN,SF,25.3,8.2,1.8,3.9,81,0.549
2000,Vitaly Potapenko,BOS,C,22.7,9.2,1.0,6.3,79,0.727
2000,Theo Ratliff,PHI,PF,31.5,11.9,0.6,7.6,57,0.638
2000,Bryant Reeves,VAN,C,25.7,8.9,1.2,5.7,69,0.615
2000,Glen Rice,LAL,SF,31.6,15.9,2.2,4.1,80,0.703
2000,Mitch Richmond,WAS,SG,32.4,17.4,2.5,2.9,74,0.704
2000,Isaiah Rider,ATL,SG,34.7,19.3,3.7,4.3,60,0.787
2000,Clifford Robinson,PHO,SF,35.5,18.5,2.8,4.5,80,0.727
2000,David Robinson,SAS,C,32.0,17.8,1.8,9.6,80,0.913
2000,Glenn Robinson,MIL,SF,35.9,20.9,2.4,6.0,81,0.816
2000,Carlos Rogers,HOU,C,20.8,8.0,0.8,5.2,53,0.673
2000,Rodney Rogers,PHO,PF,27.9,13.8,2.1,5.5,82,0.767
2000,Jalen Rose,IND,SF,37.2,18.2,4.0,4.8,80,0.726
2000,Bryon Russell,UTA,SF,35.4,14.1,1.9,5.2,82,0.599
2000,Arvydas Sabonis,POR,C,25.6,11.8,1.8,7.8,66,0.836
2000,Detlef Schrempf,POR,SF,21.6,7.5,2.6,4.3,77,0.667
2000,Malik Sealy,MIN,SF,29.2,11.3,2.4,4.3,82,0.616
2000,Dickey Simpkins,CHI,PF,23.9,4.2,1.4,5.4,69,0.46
2000,Joe Smith,MIN,C,25.3,9.9,1.1,6.2,78,0.68
2000,Michael Smith,WAS,SF,24.9,6.3,1.2,7.2,46,0.59
2000,Steve Smith,POR,SG,32.8,14.9,2.5,3.8,82,0.646
2000,Rik Smits,IND,C,23.4,12.9,1.1,5.1,79,0.816
2000,Eric Snow,PHI,PG,35.0,7.9,7.6,3.2,82,0.534
2000,Latrell Sprewell,NYK,SF,40.0,18.6,4.0,4.3,82,0.673
2000,Jerry Stackhouse,DET,SG,38.4,23.6,4.5,3.8,82,0.831
2000,John Stockton,UTA,PG,29.7,12.1,8.6,2.6,82,0.785
2000,Peja Stojaković,SAC,SF,23.6,11.9,1.4,3.7,74,0.72
2000,Damon Stoudamire,POR,PG,30.4,12.5,5.2,3.1,78,0.684
2000,Erick Strickland,DAL,SG,29.8,12.8,3.1,4.8,68,0.695
2000,Rod Strickland,WAS,PG,31.7,12.6,7.5,3.8,69,0.754
2000,Bob Sura,CLE,SG,30.4,13.8,3.9,3.9,73,0.711
2000,Wally Szczerbiak,MIN,SF,29.7,11.6,2.8,3.7,73,0.609
2000,Maurice Taylor,LAC,PF,35.9,17.1,1.6,6.5,62,0.702
2000,Jason Terry,ATL,PG,23.3,8.1,4.3,2.0,81,0.618
2000,Kenny Thomas,HOU,PF,25.0,8.3,1.6,6.1,72,0.64
2000,Kurt Thomas,NYK,PF,24.6,8.0,1.0,6.3,80,0.622
2000,Tim Thomas,MIL,SF,26.2,11.8,1.4,4.2,80,0.664
2000,Nick Van Exel,DEN,PG,37.3,16.1,9.0,3.9,79,0.777
2000,Keith Van Horn,NJN,PF,34.8,19.2,2.0,8.5,80,0.853
2000,Antoine Walker,BOS,PF,36.6,20.5,3.7,8.0,82,0.88
2000,Ben Wallace,ORL,PF,24.2,4.8,0.8,8.2,81,0.57
2000,Rasheed Wallace,POR,PF,35.1,16.4,1.8,7.0,81,0.718
2000,Charlie Ward,NYK,PG,27.6,7.3,4.2,3.2,72,0.533
2000,Clarence Weatherspoon,MIA,PF,20.7,7.2,1.2,5.8,78,0.686
2000,Chris Webber,SAC,PF,38.4,24.5,4.6,10.5,75,1.031
2000,David Wesley,CHH,PG,33.7,13.6,5.6,2.7,82,0.65
2000,Corliss Williamson,SAC,SF,22.5,10.3,1.1,3.8,76,0.676
2000,Eric Williams,BOS,SF,20.3,7.2,1.4,2.3,68,0.537
2000,Jason Williams,SAC,PG,34.1,12.3,7.3,2.8,81,0.657
2000,Jerome Williams,DET,PF,25.6,8.4,0.8,9.6,82,0.734
2000,Kevin Willis,TOR,PF,21.3,7.6,0.6,6.1,79,0.671
2000,Monty Williams,ORL,SF,20.0,8.7,1.4,3.3,75,0.67
2000,Scott Williams,MIL,C,21.9,7.6,0.4,6.6,68,0.667
2000,Walt Williams,HOU,SF,24.5,10.9,2.1,4.0,76,0.694
